単位[MW平均],,,供給力,,,,,,,,,,,,,,,,,,
DATE,TIME,エリア需要,原子力,火力(LNG),火力(石炭),火力(石油),火力(その他),火力出力制御量,水力,地熱,バイオマス,バイオマス出力制御量,太陽光発電実績,太陽光出力制御量,風力発電実績,風力出力制御量,揚水,蓄電池,連系線,その他,合計
2026/04/01,00:00,11974,0,4628,2064,0,224,0,1196,2,532,0,0,0,152,0,10,0,3116,50,11974
2026/04/01,00:30,11618,0,4326,2058,0,222,0,1190,2,526,0,0,0,176,0,2,2,3066,48,11618
2026/04/01,01:00,11516,0,4316,2074,0,226,0,1234,2,528,0,0,0,164,0,4,0,2924,44,11516
2026/04/01,01:30,11432,0,4436,2060,0,222,0,1296,2,532,0,0,0,134,0,-80,2,2778,50,11432
2026/04/01,02:00,11498,0,4646,2074,0,226,0,1282,0,528,0,0,0,142,0,-250,2,2798,50,11498
2026/04/01,02:30,11720,0,4642,2058,0,236,0,1302,2,530,0,0,0,152,0,-226,2,2972,50,11720
2026/04/01,03:00,11766,0,4598,2072,0,240,0,1286,2,528,0,0,0,174,0,-16,2,2830,50,11766
2026/04/01,03:30,11970,0,4564,2062,0,240,0,1266,2,534,0,0,0,192,0,-64,4,3116,54,11970
2026/04/01,04:00,12076,0,4318,2072,0,238,0,1226,2,532,0,0,0,198,0,-42,2,3474,56,12076
2026/04/01,04:30,12024,0,4248,2058,0,240,0,1226,2,534,0,0,0,174,0,-30,0,3510,62,12024
2026/04/01,05:00,12232,0,4530,2072,0,240,0,1224,2,526,0,0,0,148,0,-24,2,3438,74,12232
2026/04/01,05:30,12136,0,4714,2056,0,238,0,1228,2,536,0,22,0,136,0,-22,2,3160,64,12136
2026/04/01,06:00,12138,0,4430,2030,0,228,0,1214,2,530,0,412,0,130,0,-90,2,3196,54,12138
2026/04/01,06:30,12172,0,4712,1860,0,224,0,1254,2,540,0,1154,0,110,0,-470,0,2750,36,12172
2026/04/01,07:00,12552,0,4968,1844,0,226,0,1236,0,528,0,1848,0,118,0,-482,2,2226,38,12552
2026/04/01,07:30,13008,0,5438,1892,0,226,0,1222,2,534,0,1928,0,80,0,-526,4,2172,36,13008
2026/04/01,08:00,14026,0,6662,1940,0,238,0,1258,2,528,0,1794,0,42,0,-500,2,2000,60,14026
2026/04/01,08:30,14934,0,7228,1960,0,244,0,1194,2,538,0,1362,0,14,0,-372,8,2698,58,14934
2026/04/01,09:00,15748,0,7546,1966,0,246,0,1200,2,526,0,1238,0,20,0,-240,4,3178,62,15748
2026/04/01,09:30,15964,0,7286,1962,0,234,0,1194,2,534,0,1320,0,20,0,20,4,3328,60,15964
2026/04/01,10:00,16008,0,7536,1974,0,218,0,1198,2,530,0,1562,0,20,0,16,0,2882,70,16008
2026/04/01,10:30,16078,0,7958,1960,0,218,0,1212,2,536,0,1354,0,10,0,-110,2,2850,86,16078
2026/04/01,11:00,16118,0,7878,1970,0,220,0,1212,2,532,0,1226,0,12,0,20,6,2952,88,16118
2026/04/01,11:30,16126,0,7822,1960,0,214,0,1212,2,532,0,1188,0,12,0,148,6,2936,94,16126
2026/04/01,12:00,15376,0,7456,1974,0,216,0,1188,0,532,0,1256,0,4,0,44,8,2608,90,15376
2026/04/01,12:30,15106,0,7232,1956,0,214,0,1216,2,538,0,1262,0,0,0,6,4,2584,92,15106
2026/04/01,13:00,16006,0,8224,1976,0,214,0,1286,2,530,0,1272,0,4,0,220,8,2192,78,16006
2026/04/01,13:30,16136,0,8084,1954,0,210,0,1368,2,538,0,1174,0,0,0,280,6,2438,82,16136
2026/04/01,14:00,16124,0,8398,1976,0,204,0,1448,2,532,0,1038,0,0,0,500,8,1938,80,16124
2026/04/01,14:30,15980,0,8318,1946,0,200,0,1484,2,534,0,912,0,0,0,614,2,1882,86,15980
2026/04/01,15:00,15746,0,8334,1924,0,206,0,1490,2,532,0,760,0,0,0,616,12,1786,84,15746
2026/04/01,15:30,15862,0,8354,1908,0,210,0,1472,2,534,0,542,0,0,0,814,4,1942,80,15862
2026/04/01,16:00,15900,0,8486,1922,0,218,0,1542,0,536,0,336,0,2,0,1004,6,1766,82,15900
2026/04/01,16:30,15758,0,8082,1910,0,220,0,1592,2,540,0,222,0,6,0,1356,6,1726,96,15758
2026/04/01,17:00,15550,0,7942,1920,0,220,0,1598,2,536,0,86,0,4,0,1412,6,1732,92,15550
2026/04/01,17:30,15660,0,7844,1910,0,220,0,1606,2,540,0,24,0,18,0,1956,14,1434,92,15660
2026/04/01,18:00,15582,0,7690,1924,0,220,0,1612,2,532,0,0,0,22,0,1694,18,1778,90,15582
2026/04/01,18:30,15428,0,7694,1908,0,218,0,1590,2,542,0,0,0,22,0,1472,14,1876,90,15428
2026/04/01,19:00,15102,0,7668,1922,0,220,0,1570,2,534,0,0,0,36,0,1386,10,1660,94,15102
2026/04/01,19:30,14822,0,7698,1912,0,220,0,1594,2,540,0,0,0,46,0,1506,10,1204,90,14822
2026/04/01,20:00,14590,0,7702,1922,0,222,0,1580,0,536,0,0,0,50,0,1292,10,1188,88,14590
2026/04/01,20:30,14320,0,7774,1910,0,218,0,1594,2,540,0,0,0,56,0,1318,10,804,94,14320
2026/04/01,21:00,14134,0,7308,1924,0,220,0,1592,2,530,0,0,0,40,0,1012,0,1418,88,14134
2026/04/01,21:30,13830,0,7146,1910,0,224,0,1586,2,538,0,0,0,38,0,830,2,1460,94,13830
2026/04/01,22:00,13808,0,7230,1922,0,214,0,1600,2,528,0,0,0,46,0,926,0,1246,94,13808
2026/04/01,22:30,13388,0,6874,1910,0,216,0,1578,2,534,0,0,0,58,0,734,2,1384,96,13388
2026/04/01,23:00,13314,0,7010,1922,0,212,0,1592,2,530,0,0,0,62,0,726,0,1160,98,13314
2026/04/01,23:30,12996,0,6908,1914,0,198,0,1580,2,528,0,0,0,62,0,518,0,1188,98,12996
2026/04/02,00:00,12596,0,6334,1916,0,198,0,1374,2,524,0,0,0,70,0,-216,0,2286,108,12596
2026/04/02,00:30,12142,0,5898,1912,0,212,0,1364,2,530,0,0,0,104,0,-234,2,2242,110,12142
2026/04/02,01:00,12078,0,5616,1924,0,214,0,1342,2,526,0,0,0,148,0,-236,0,2414,128,12078
2026/04/02,01:30,12010,0,5356,1910,0,214,0,1358,2,532,0,0,0,200,0,-238,2,2540,134,12010
2026/04/02,02:00,11940,0,5398,1922,0,214,0,1346,0,524,0,0,0,210,0,-232,2,2464,92,11940
2026/04/02,02:30,12116,0,5602,1914,0,214,0,1370,2,530,0,0,0,214,0,-214,4,2412,68,12116
2026/04/02,03:00,12254,0,5472,1922,0,214,0,1372,2,522,0,0,0,208,0,-182,0,2660,64,12254
2026/04/02,03:30,12352,0,5630,1910,0,214,0,1386,2,526,0,0,0,194,0,-176,4,2594,68,12352
2026/04/02,04:00,12504,0,5546,1924,0,212,0,1384,2,518,0,0,0,206,0,-102,2,2748,64,12504
2026/04/02,04:30,12546,0,5548,1912,0,214,0,1390,2,528,0,0,0,224,0,-98,2,2758,66,12546
2026/04/02,05:00,12680,0,5530,1924,0,214,0,1394,2,520,0,0,0,238,0,-96,2,2884,68,12680
2026/04/02,05:30,12704,0,5534,1906,0,214,0,1392,2,524,0,12,0,248,0,-176,2,2990,56,12704
2026/04/02,06:00,12914,0,5480,1924,0,214,0,1388,2,588,0,120,0,262,0,-112,0,2990,58,12914
2026/04/02,06:30,13102,0,5660,1912,0,210,0,1370,2,596,0,622,0,270,0,-158,2,2554,62,13102
2026/04/02,07:00,13562,0,5122,1920,0,210,0,1476,2,586,0,1804,0,258,0,-238,2,2362,58,13562
2026/04/02,07:30,13964,0,5204,1916,0,216,0,1420,2,594,0,3256,0,236,0,-226,2,1284,60,13964
2026/04/02,08:00,14880,0,5384,1918,0,220,0,1422,2,588,0,4460,0,236,0,-232,4,814,64,14880
2026/04/02,08:30,15662,0,5638,1908,0,216,0,1396,0,596,0,5268,0,246,0,-254,2,574,72,15662
2026/04/02,09:00,15918,0,4714,1902,0,202,0,1382,2,584,0,6222,0,234,0,-726,4,1288,110,15918
2026/04/02,09:30,16260,0,4564,1758,0,200,0,1372,2,590,0,7240,0,250,0,-1488,4,1654,114,16260
2026/04/02,10:00,16220,0,4324,1718,0,198,0,1358,2,586,0,7906,0,264,0,-1768,6,1512,114,16220
2026/04/02,10:30,16128,0,3796,1720,0,188,0,1242,2,592,0,8496,0,280,0,-1776,2,1470,116,16128
2026/04/02,11:00,16150,0,3370,1726,0,184,0,1250,2,582,0,9140,0,274,0,-1848,8,1348,114,16150
2026/04/02,11:30,16090,0,3384,1716,0,186,0,1258,2,588,0,9416,0,274,0,-2378,10,1518,116,16090
2026/04/02,12:00,15080,0,3100,1720,0,184,0,1312,2,586,0,9392,0,260,0,-2708,2,1118,112,15080
2026/04/02,12:30,15046,0,3766,1840,0,184,0,1332,2,594,0,9326,0,256,0,-2874,6,502,112,15046
2026/04/02,13:00,15596,0,3980,1916,0,182,0,1494,0,592,0,8954,0,240,0,-1962,4,80,116,15596
2026/04/02,13:30,15546,0,3634,1920,0,184,0,1504,2,586,0,8582,0,236,0,-1552,4,332,114,15546
2026/04/02,14:00,15590,0,3558,1916,0,190,0,1524,2,584,0,8078,0,240,0,-1500,4,882,112,15590
2026/04/02,14:30,15458,0,3670,1914,0,190,0,1518,2,592,0,7344,0,242,0,-1150,0,1030,106,15458
2026/04/02,15:00,15110,0,3818,1918,0,210,0,1548,2,590,0,6310,0,228,0,-1156,4,1530,108,15110
2026/04/02,15:30,15216,0,4704,1924,0,212,0,1550,2,594,0,5118,0,234,0,-956,2,1726,106,15216
2026/04/02,16:00,15196,0,4930,1962,0,216,0,1526,2,588,0,3756,0,236,0,-380,4,2258,98,15196
2026/04/02,16:30,15018,0,5446,1970,0,216,0,1606,2,594,0,2240,0,234,0,200,4,2410,96,15018
2026/04/02,17:00,14936,0,5534,1964,0,214,0,1696,2,592,0,1002,0,212,0,528,8,3084,100,14936
2026/04/02,17:30,15036,0,5768,1966,0,218,0,1804,2,598,0,206,0,190,0,1462,10,2704,108,15036
2026/04/02,18:00,15406,0,5796,2004,0,216,0,1824,2,596,0,10,0,192,0,2132,18,2508,108,15406
2026/04/02,18:30,15530,0,5798,2010,0,220,0,1842,2,596,0,0,0,202,0,2310,20,2416,114,15530
2026/04/02,19:00,15232,0,5754,2020,0,218,0,1788,0,596,0,0,0,212,0,2378,14,2140,112,15232
2026/04/02,19:30,15008,0,5730,2014,0,218,0,1794,2,596,0,0,0,214,0,1448,10,2866,116,15008
2026/04/02,20:00,14976,0,5722,2014,0,222,0,1812,2,594,0,0,0,210,0,1210,12,3068,110,14976
2026/04/02,20:30,14900,0,5706,2010,0,224,0,1814,2,604,0,0,0,204,0,1178,10,3038,110,14900
2026/04/02,21:00,14662,0,5724,2020,0,222,0,1808,2,594,0,0,0,192,0,1258,2,2748,92,14662
2026/04/02,21:30,14468,0,5784,2014,0,222,0,1814,2,606,0,0,0,174,0,1734,2,2028,88,14468
2026/04/02,22:00,14174,0,5750,2018,0,216,0,1808,2,594,0,0,0,156,0,1436,4,2100,90,14174
2026/04/02,22:30,13918,0,5760,2012,0,218,0,1758,2,604,0,0,0,144,0,1564,2,1766,88,13918
2026/04/02,23:00,13842,0,5702,2016,0,220,0,1738,2,596,0,0,0,138,0,1388,4,1948,90,13842
2026/04/02,23:30,13572,0,5654,2050,0,204,0,1724,2,600,0,0,0,144,0,952,2,2154,86,13572
2026/04/03,00:00,13156,0,5330,2070,0,202,0,1724,2,590,0,0,0,144,0,564,0,2444,86,13156
2026/04/03,00:30,12952,0,4848,2086,0,216,0,1716,2,598,0,0,0,154,0,504,2,2740,86,12952
2026/04/03,01:00,12734,0,4490,2116,0,218,0,1712,2,590,0,0,0,156,0,266,0,3100,84,12734
2026/04/03,01:30,12770,0,4654,2110,0,218,0,1702,2,582,0,0,0,162,0,250,2,3002,86,12770
2026/04/03,02:00,12658,0,4810,2116,0,216,0,1720,0,580,0,0,0,154,0,298,0,2680,84,12658
2026/04/03,02:30,12990,0,5050,2108,0,220,0,1736,2,582,0,0,0,142,0,544,6,2514,86,12990
2026/04/03,03:00,13100,0,5058,2118,0,218,0,1762,2,586,0,0,0,130,0,782,6,2346,92,13100
2026/04/03,03:30,13210,0,5156,2108,0,218,0,1740,2,582,0,0,0,122,0,934,6,2242,100,13210
2026/04/03,04:00,13300,0,5166,2118,0,216,0,1740,2,578,0,0,0,102,0,878,14,2384,102,13300
2026/04/03,04:30,13566,0,5120,2116,0,218,0,1738,2,582,0,0,0,92,0,1094,8,2490,106,13566
2026/04/03,05:00,13722,0,5180,2116,0,220,0,1718,2,580,0,0,0,74,0,1388,14,2316,114,13722
2026/04/03,05:30,13812,0,5144,2110,0,218,0,1728,2,574,0,32,0,68,0,1288,10,2542,96,13812
2026/04/03,06:00,13954,0,4906,2112,0,216,0,1758,2,576,0,440,0,60,0,1102,4,2688,90,13954
2026/04/03,06:30,14224,0,4890,2114,0,212,0,1742,2,580,0,1544,0,50,0,1026,2,2004,58,14224
2026/04/03,07:00,14058,0,3402,2096,0,214,0,1732,2,574,0,2908,0,36,0,60,6,2970,58,14058
2026/04/03,07:30,14544,0,3240,1892,0,218,0,1666,2,578,0,4368,0,30,0,-450,0,2934,66,14544
2026/04/03,08:00,15200,0,3162,1734,0,220,0,1666,2,572,0,5818,0,20,0,-662,2,2594,72,15200
2026/04/03,08:30,15998,0,3176,1726,0,202,0,1670,0,572,0,7028,0,18,0,-842,2,2370,76,15998
2026/04/03,09:00,16222,0,2884,1696,0,200,0,1648,2,564,0,7998,0,12,0,-1040,0,2180,78,16222
2026/04/03,09:30,16226,0,3420,1662,0,198,0,1586,2,566,0,8770,0,8,0,-1322,4,1258,74,16226
2026/04/03,10:00,16082,0,2764,1770,0,188,0,1562,2,564,0,9332,0,8,0,-1838,0,1654,76,16082
2026/04/03,10:30,16062,0,2976,1744,0,166,0,1528,2,568,0,9696,0,10,0,-2252,2,1546,76,16062
2026/04/03,11:00,15950,0,3268,1836,0,168,0,1542,2,570,0,9872,1,6,0,-2518,2,1124,78,15950
2026/04/03,11:30,15728,0,3078,1914,0,160,0,1516,2,572,0,9996,1,8,0,-2638,0,1046,74,15728
2026/04/03,12:00,14908,0,2730,1832,0,164,0,1510,2,574,0,9946,1,6,0,-3436,2,1528,50,14908
2026/04/03,12:30,14752,0,3074,1936,0,158,0,1506,0,576,0,9806,1,10,0,-3460,4,1088,54,14752
2026/04/03,13:00,15296,0,3048,2110,0,156,0,1538,2,572,0,9496,1,8,0,-3322,2,1638,48,15296
2026/04/03,13:30,15414,0,3066,2088,0,156,0,1546,2,578,0,9012,0,10,0,-3056,2,1962,48,15414
2026/04/03,14:00,15342,0,4040,2096,0,162,0,1606,2,572,0,8346,0,14,0,-2436,4,894,42,15342
2026/04/03,14:30,15050,0,3558,2092,0,172,0,1566,2,576,0,7382,0,18,0,-1888,4,1524,44,15050
2026/04/03,15:00,14762,0,3968,2094,0,170,0,1656,2,570,0,6178,0,18,0,-1654,4,1710,46,14762
2026/04/03,15:30,14832,0,4368,2092,0,166,0,1692,2,574,0,4806,0,20,0,-1288,4,2354,42,14832
2026/04/03,16:00,14758,0,4456,2116,0,162,0,1704,2,570,0,3526,0,30,0,-12,0,2166,38,14758
2026/04/03,16:30,14448,0,5404,2110,0,142,0,1722,2,580,0,2214,0,40,0,144,4,2052,34,14448
2026/04/03,17:00,14242,0,5872,2112,0,144,0,1758,2,584,0,948,0,52,0,592,14,2094,70,14242
2026/04/03,17:30,14212,0,6176,2112,0,140,0,1810,2,586,0,192,0,52,0,1036,24,2014,68,14212
2026/04/03,18:00,14472,0,5946,2116,0,144,0,1840,2,586,0,6,0,62,0,1052,18,2632,68,14472
2026/04/03,18:30,14484,0,5970,2110,0,144,0,1842,0,594,0,0,0,66,0,1208,14,2464,72,14484
2026/04/03,19:00,14352,0,6092,2108,0,146,0,1826,2,584,0,0,0,64,0,1196,24,2242,68,14352
2026/04/03,19:30,14086,0,5768,2118,0,142,0,1842,2,592,0,0,0,72,0,1002,24,2448,76,14086
2026/04/03,20:00,14050,0,5936,2116,0,144,0,1846,2,582,0,0,0,70,0,1068,24,2190,72,14050
2026/04/03,20:30,13940,0,6116,2110,0,144,0,1862,2,590,0,0,0,74,0,786,18,2164,74,13940
2026/04/03,21:00,13696,0,6092,2104,0,146,0,1846,2,584,0,0,0,72,0,680,14,2096,60,13696
2026/04/03,21:30,13564,0,5960,2116,0,146,0,1822,2,586,0,0,0,74,0,664,10,2120,64,13564
2026/04/03,22:00,13620,0,6020,2118,0,138,0,1772,2,582,0,0,0,76,0,564,6,2274,68,13620
2026/04/03,22:30,13418,0,5818,2112,0,138,0,1746,0,582,0,0,0,82,0,386,2,2474,78,13418
2026/04/03,23:00,13126,0,6150,2112,0,138,0,1720,2,580,0,0,0,100,0,212,8,2030,74,13126
2026/04/03,23:30,12818,0,5758,2114,0,122,0,1708,2,586,0,0,0,104,0,240,2,2108,74,12818
2026/04/04,00:00,12522,0,6048,2116,0,122,0,1568,2,578,0,0,0,102,0,292,2,1622,70,12522
2026/04/04,00:30,12086,0,5186,2108,0,138,0,1512,2,586,0,0,0,106,0,44,0,2332,72,12086
2026/04/04,01:00,11976,0,5056,2120,0,138,0,1512,2,580,0,0,0,104,0,34,2,2356,72,11976
2026/04/04,01:30,11760,0,4832,2112,0,142,0,1502,0,588,0,0,0,130,0,30,2,2352,70,11760
2026/04/04,02:00,11976,0,5232,2112,0,140,0,1506,2,584,0,0,0,132,0,34,0,2164,70,11976
2026/04/04,02:30,11918,0,5186,2114,0,138,0,1492,2,576,0,0,0,108,0,60,10,2164,68,11918
2026/04/04,03:00,12148,0,5712,2118,0,140,0,1512,2,560,0,0,0,92,0,60,2,1886,64,12148
2026/04/04,03:30,12028,0,5610,2112,0,140,0,1514,2,548,0,0,0,94,0,56,4,1906,42,12028
2026/04/04,04:00,12074,0,5748,2112,0,138,0,1518,2,536,0,0,0,86,0,62,6,1846,20,12074
2026/04/04,04:30,11842,0,5120,2112,0,136,0,1500,2,538,0,0,0,116,0,48,12,2234,24,11842
2026/04/04,05:00,11912,0,5386,2116,0,136,0,1512,2,534,0,0,0,150,0,4,4,2044,24,11912
2026/04/04,05:30,11534,0,4758,2114,0,138,0,1496,2,540,0,12,0,174,0,2,8,2270,20,11534
2026/04/04,06:00,11352,0,4074,2116,0,136,0,1492,2,532,0,76,0,192,0,4,2,2706,20,11352
2026/04/04,06:30,11174,0,4762,2110,0,136,0,1472,2,536,0,258,0,182,0,2,0,1694,20,11174
2026/04/04,07:00,11148,0,4664,2120,0,138,0,1476,2,532,0,552,0,158,0,4,2,1478,22,11148
2026/04/04,07:30,11300,0,4408,2114,0,142,0,1470,0,536,0,952,0,168,0,-8,4,1490,24,11300
2026/04/04,08:00,11608,0,4896,2116,0,142,0,1472,2,536,0,1142,0,166,0,-324,4,1392,64,11608
2026/04/04,08:30,11826,0,5112,2114,0,142,0,1472,2,542,0,1484,0,196,0,-358,4,1042,74,11826
2026/04/04,09:00,12208,0,5512,2116,0,140,0,1474,2,532,0,1440,0,174,0,-354,0,1094,78,12208
2026/04/04,09:30,12358,0,5638,2110,0,140,0,1480,2,534,0,1258,0,200,0,-356,0,1276,76,12358
2026/04/04,10:00,12338,0,5568,2108,0,144,0,1434,2,536,0,1182,0,188,0,-368,2,1464,78,12338
2026/04/04,10:30,12318,0,5328,2118,0,140,0,1440,2,532,0,1202,0,214,0,-370,2,1650,60,12318
2026/04/04,11:00,12524,0,5304,2116,0,142,0,1426,0,534,0,1032,0,216,0,-282,0,1980,56,12524
2026/04/04,11:30,12362,0,4896,2114,0,140,0,1418,2,540,0,1106,0,208,0,2,4,1882,50,12362
2026/04/04,12:00,12318,0,4966,2116,0,138,0,1414,2,530,0,1260,0,200,0,4,4,1636,48,12318
2026/04/04,12:30,12082,0,5148,2108,0,142,0,1416,2,536,0,1226,0,208,0,2,0,1246,48,12082
2026/04/04,13:00,12248,0,5246,2112,0,138,0,1434,2,540,0,1102,0,222,0,4,2,1398,48,12248
2026/04/04,13:30,12172,0,5090,2112,0,142,0,1464,2,546,0,1150,0,224,0,26,0,1368,48,12172
2026/04/04,14:00,12122,0,5036,2118,0,142,0,1514,2,542,0,1178,0,220,0,32,2,1288,48,12122
2026/04/04,14:30,12040,0,5438,2110,0,142,0,1532,2,542,0,898,0,236,0,42,0,1048,50,12040
2026/04/04,15:00,12114,0,5494,2112,0,140,0,1660,2,546,0,548,0,238,0,258,4,1062,50,12114
2026/04/04,15:30,12144,0,5932,2112,0,140,0,1668,2,548,0,390,0,230,0,432,8,636,46,12144
2026/04/04,16:00,12378,0,5514,2116,0,142,0,1674,2,542,0,232,0,216,0,902,6,968,64,12378
2026/04/04,16:30,12426,0,5504,2110,0,140,0,1672,0,548,0,100,0,222,0,1296,6,754,74,12426
2026/04/04,17:00,12696,0,5688,2116,0,144,0,1674,2,536,0,40,0,194,0,1440,8,776,78,12696
2026/04/04,17:30,12860,0,5746,2106,0,140,0,1688,2,542,0,12,0,192,0,1550,22,782,78,12860
2026/04/04,18:00,13034,0,5502,2118,0,142,0,1738,2,542,0,0,0,184,0,1236,14,1466,90,13034
2026/04/04,18:30,12870,0,5084,2112,0,142,0,1786,2,552,0,0,0,206,0,1410,22,1458,96,12870
2026/04/04,19:00,12540,0,4780,2112,0,144,0,1782,2,552,0,0,0,194,0,1428,18,1432,96,12540
2026/04/04,19:30,12458,0,4618,2112,0,140,0,1792,2,558,0,0,0,174,0,1406,18,1540,98,12458
2026/04/04,20:00,12298,0,4624,2116,0,138,0,1798,2,554,0,0,0,162,0,1348,18,1436,102,12298
2026/04/04,20:30,12076,0,4532,2110,0,142,0,1770,0,560,0,0,0,136,0,1286,20,1414,106,12076
2026/04/04,21:00,11788,0,4330,2112,0,140,0,1754,2,560,0,0,0,132,0,1270,8,1376,104,11788
2026/04/04,21:30,11550,0,4260,2112,0,142,0,1760,2,576,0,0,0,136,0,1166,2,1292,102,11550
2026/04/04,22:00,11230,0,4078,2116,0,134,0,1746,2,568,0,0,0,124,0,818,10,1530,104,11230
2026/04/04,22:30,10936,0,4720,2110,0,138,0,1732,2,574,0,0,0,132,0,184,2,1236,106,10936
2026/04/04,23:00,11046,0,4508,2112,0,118,0,1738,2,578,0,0,0,120,0,242,0,1514,114,11046
2026/04/04,23:30,10558,0,3994,2088,0,122,0,1736,0,582,0,0,0,102,0,248,4,1568,114,10558
2026/04/05,00:00,10346,0,3950,1934,0,132,0,1650,2,576,0,0,0,104,0,270,0,1612,116,10346
2026/04/05,00:30,10022,0,3410,1752,0,136,0,1636,2,578,0,0,0,96,0,276,2,2006,128,10022
2026/04/05,01:00,9944,0,3424,1586,0,138,0,1640,2,576,0,0,0,98,0,312,0,2032,136,9944
2026/04/05,01:30,9902,0,3360,1342,0,136,0,1640,2,576,0,0,0,106,0,300,2,2304,134,9902
2026/04/05,02:00,10086,0,3786,1326,0,136,0,1660,2,572,0,0,0,124,0,544,0,1800,136,10086
2026/04/05,02:30,10200,0,3740,1340,0,136,0,1660,2,584,0,0,0,106,0,582,2,1914,134,10200
2026/04/05,03:00,10330,0,3522,1192,0,136,0,1698,0,578,0,0,0,118,0,884,14,2070,118,10330
2026/04/05,03:30,10472,0,3556,1306,0,138,0,1688,2,578,0,0,0,142,0,906,8,2040,108,10472
2026/04/05,04:00,10336,0,3496,1268,0,136,0,1692,2,576,0,0,0,146,0,918,8,1984,110,10336
2026/04/05,04:30,10436,0,3600,1138,0,138,0,1688,2,576,0,0,0,148,0,942,6,2086,112,10436
2026/04/05,05:00,10248,0,3640,1064,0,134,0,1692,2,572,0,0,0,144,0,866,2,2014,118,10248
2026/04/05,05:30,10004,0,3360,994,0,136,0,1678,2,578,0,22,0,110,0,682,8,2322,112,10004
2026/04/05,06:00,9574,0,3182,972,0,136,0,1632,0,572,0,266,0,106,0,64,2,2550,92,9574
2026/04/05,06:30,9556,0,3056,970,0,122,0,1634,2,576,0,1106,0,100,0,-104,2,2010,82,9556
2026/04/05,07:00,9642,0,2794,968,0,118,0,1628,2,570,0,2428,0,80,0,-476,0,1446,84,9642
2026/04/05,07:30,9876,0,3250,970,0,116,0,1626,2,572,0,3054,0,82,0,-960,4,1084,76,9876
2026/04/05,08:00,10070,0,3312,1044,0,110,0,1644,2,566,0,3478,57,76,0,-1288,2,1042,82,10070
2026/04/05,08:30,10256,0,3426,1142,0,104,0,1646,2,558,0,3634,59,76,0,-1020,2,598,88,10256
2026/04/05,09:00,10362,0,2480,1192,0,104,0,1644,2,546,16,4604,71,66,0,-1230,0,864,90,10362
2026/04/05,09:30,10700,0,2722,1234,0,108,0,1642,2,552,16,5852,88,56,0,-1854,2,294,90,10700
2026/04/05,10:00,10386,0,2808,1290,0,102,0,1648,0,540,16,6120,92,44,0,-2238,2,-20,90,10386
2026/04/05,10:30,10426,0,3542,1324,0,90,11,1642,2,536,27,5456,78,38,0,-2230,2,-68,92,10426
2026/04/05,11:00,10324,0,2944,1342,0,90,11,1646,2,534,27,5472,72,38,0,-2168,2,332,90,10324
2026/04/05,11:30,10362,0,3340,1342,0,92,11,1650,2,534,26,5322,65,42,0,-2156,0,102,92,10362
2026/04/05,12:00,10324,0,3010,1356,0,90,11,1648,2,536,26,5710,72,38,0,-2394,2,198,128,10324
2026/04/05,12:30,10360,0,2944,1406,0,88,11,1658,2,538,26,5674,73,52,0,-2844,2,712,128,10360
2026/04/05,13:00,10166,0,3148,1460,0,92,11,1658,0,536,27,4892,67,46,0,-2892,6,1090,130,10166
2026/04/05,13:30,10150,0,3124,1506,0,88,11,1652,2,532,26,3900,51,52,0,-2614,0,1782,126,10150
2026/04/05,14:00,9964,0,3358,1596,0,92,11,1668,2,530,28,2952,41,46,0,-2246,2,1840,124,9964
2026/04/05,14:30,10206,0,2862,1652,0,94,0,1674,2,546,16,3064,39,30,0,-1260,0,1418,124,10206
2026/04/05,15:00,10096,0,2734,1722,0,104,0,1664,2,546,16,3520,49,20,0,-1720,2,1398,104,10096
2026/04/05,15:30,10234,0,3272,1724,0,110,0,1678,2,560,0,2800,40,16,0,-1524,2,1492,102,10234
2026/04/05,16:00,10168,0,3442,1748,0,118,0,1690,2,562,0,2352,0,12,0,-1268,0,1410,100,10168
2026/04/05,16:30,10380,0,3894,1834,0,118,0,1736,0,570,0,1460,0,8,0,-684,6,1338,100,10380
2026/04/05,17:00,10724,0,4432,1934,0,136,0,1772,2,570,0,966,0,8,0,-198,2,998,102,10724
2026/04/05,17:30,11072,0,5010,2024,0,136,0,1822,2,566,0,270,0,10,0,-180,12,1298,102,11072
2026/04/05,18:00,11454,0,4954,2096,0,136,0,1906,2,562,0,4,0,18,0,54,14,1606,102,11454
2026/04/05,18:30,11810,0,4998,2112,0,136,0,1926,2,572,0,0,0,18,0,164,16,1764,102,11810
2026/04/05,19:00,11712,0,5040,2110,0,138,0,1964,2,572,0,0,0,10,0,160,14,1598,104,11712
2026/04/05,19:30,11652,0,4932,2108,0,138,0,1966,2,572,0,0,0,4,0,214,12,1602,102,11652
2026/04/05,20:00,11416,0,5044,2112,0,138,0,1960,0,572,0,0,0,4,0,578,14,892,102,11416
2026/04/05,20:30,11380,0,4844,2104,0,136,0,1936,2,574,0,0,0,6,0,1226,12,432,108,11380
2026/04/05,21:00,11084,0,4386,2110,0,138,0,1906,2,568,0,0,0,10,0,692,6,1160,106,11084
2026/04/05,21:30,10962,0,4078,2108,0,138,0,1894,2,568,0,0,0,14,0,646,6,1398,110,10962
2026/04/05,22:00,10602,0,3758,2112,0,138,0,1904,2,568,0,0,0,8,0,558,2,1446,106,10602
2026/04/05,22:30,10414,0,4054,2106,0,136,0,1880,2,570,0,0,0,8,0,542,2,1014,100,10414
2026/04/05,23:00,10408,0,3748,2108,0,140,0,1890,2,568,0,0,0,10,0,308,2,1528,104,10408
2026/04/05,23:30,10188,0,3980,2108,0,138,0,1886,2,570,0,0,0,18,0,98,0,1282,106,10188
2026/04/06,00:00,10064,0,3646,2110,0,138,0,1798,2,568,0,0,0,12,0,96,0,1590,104,10064
2026/04/06,00:30,9684,0,3260,2102,0,140,0,1786,2,574,0,0,0,12,0,128,0,1580,100,9684
2026/04/06,01:00,9712,0,3274,2114,0,138,0,1780,2,568,0,0,0,10,0,58,2,1664,102,9712
2026/04/06,01:30,9778,0,3356,2104,0,140,0,1772,2,574,0,0,0,14,0,62,4,1650,100,9778
2026/04/06,02:00,9818,0,3258,2114,0,138,0,1762,2,572,0,0,0,10,0,70,2,1798,92,9818
2026/04/06,02:30,10156,0,3776,2108,0,140,0,1754,0,576,0,0,0,12,0,110,4,1582,94,10156
2026/04/06,03:00,10446,0,4062,2110,0,138,0,1764,2,576,0,0,0,24,0,112,0,1570,88,10446
2026/04/06,03:30,10574,0,3992,2108,0,138,0,1760,2,578,0,0,0,34,0,102,2,1778,80,10574
2026/04/06,04:00,10736,0,4102,2110,0,140,0,1736,2,572,0,0,0,30,0,172,2,1808,62,10736
2026/04/06,04:30,10876,0,4274,2106,0,136,0,1762,2,578,0,0,0,36,0,322,0,1596,64,10876
2026/04/06,05:00,11204,0,4320,2112,0,138,0,1754,2,576,0,0,0,42,0,454,2,1740,64,11204
2026/04/06,05:30,10936,0,3998,2106,0,130,0,1710,2,576,0,40,0,58,0,372,2,1882,60,10936
2026/04/06,06:00,11316,0,3886,2110,0,128,0,1720,2,572,0,500,0,54,0,344,2,1930,68,11316
2026/04/06,06:30,11586,0,3130,2102,0,124,0,1722,0,578,0,1596,0,44,0,300,0,1922,68,11586
2026/04/06,07:00,12282,0,3062,2112,0,124,0,1644,2,570,0,2908,0,28,0,194,4,1566,68,12282
2026/04/06,07:30,12668,0,2650,2106,0,122,0,1630,2,576,0,4290,0,18,0,-222,0,1426,70,12668
2026/04/06,08:00,13712,0,2902,2106,0,112,0,1592,2,568,0,5670,0,20,0,-502,2,1168,72,13712
2026/04/06,08:30,14480,0,2614,2106,0,108,0,1592,2,576,0,6748,0,22,0,-692,2,1324,78,14480
2026/04/06,09:00,15136,0,2546,2106,0,110,0,1572,2,568,0,7720,0,14,0,-834,4,1238,90,15136
2026/04/06,09:30,15250,0,2638,2110,0,108,0,1566,2,572,0,8186,0,12,0,-844,0,808,92,15250
2026/04/06,10:00,15100,0,2652,2110,0,108,0,1508,2,572,0,8192,0,10,0,-954,2,804,94,15100
2026/04/06,10:30,15286,0,2814,2094,0,108,0,1442,2,570,0,8004,0,22,0,-1136,2,1274,90,15286
2026/04/06,11:00,15310,0,2684,2066,0,106,0,1440,0,570,0,8270,0,26,0,-1414,2,1470,90,15310
2026/04/06,11:30,15024,0,3238,2066,0,108,0,1450,2,570,0,8082,0,30,0,-1964,6,1356,80,15024
2026/04/06,12:00,14454,0,3056,2088,0,108,0,1488,2,574,0,7946,0,28,0,-2530,0,1630,64,14454
2026/04/06,12:30,14236,0,3416,2028,0,112,0,1494,2,574,0,7450,0,24,0,-2932,2,2006,60,14236
2026/04/06,13:00,14922,0,4158,2078,0,120,0,1506,2,566,0,6492,0,26,0,-1786,2,1696,62,14922
2026/04/06,13:30,15134,0,4682,2108,0,124,0,1548,2,576,0,5580,0,26,0,-800,4,1228,56,15134
2026/04/06,14:00,15042,0,5084,2102,0,136,0,1704,0,570,0,4506,0,32,0,14,4,834,56,15042
2026/04/06,14:30,15020,0,5864,2112,0,138,0,1714,2,574,0,3444,0,38,0,288,4,790,52,15020
2026/04/06,15:00,14734,0,6152,2110,0,140,0,1746,2,574,0,2420,0,36,0,164,2,1334,54,14734
2026/04/06,15:30,14882,0,6270,2108,0,140,0,1824,2,572,0,2428,0,34,0,30,0,1418,56,14882
2026/04/06,16:00,14824,0,6778,2110,0,142,0,1856,2,578,0,1974,0,28,0,40,4,1256,56,14824
2026/04/06,16:30,14578,0,7110,2106,0,144,0,1908,2,574,0,1218,0,36,0,476,4,944,56,14578
2026/04/06,17:00,14398,0,7134,2106,0,142,0,1964,0,574,0,430,0,32,0,614,6,1304,92,14398
2026/04/06,17:30,14622,0,7208,2110,0,144,0,2010,2,578,0,98,0,32,0,1002,12,1324,102,14622
2026/04/06,18:00,14776,0,6582,2110,0,144,0,2044,2,572,0,2,0,46,0,532,16,2614,112,14776
2026/04/06,18:30,14664,0,6642,2110,0,144,0,2060,2,576,0,0,0,36,0,292,16,2666,120,14664
2026/04/06,19:00,14336,0,6372,2116,0,146,0,2066,2,574,0,0,0,58,0,250,14,2622,116,14336
2026/04/06,19:30,13996,0,6392,2108,0,148,0,2010,2,576,0,0,0,80,0,238,12,2324,106,13996
2026/04/06,20:00,13888,0,6362,2116,0,146,0,1986,2,574,0,0,0,90,0,210,10,2292,100,13888
2026/04/06,20:30,13678,0,6030,2110,0,146,0,1968,2,574,0,0,0,88,0,204,8,2456,92,13678
2026/04/06,21:00,13480,0,6622,2116,0,148,0,1952,2,562,0,0,0,72,0,218,4,1696,88,13480
2026/04/06,21:30,13332,0,6512,2110,0,146,0,1934,2,574,0,0,0,72,0,210,0,1678,94,13332
2026/04/06,22:00,13314,0,6378,2112,0,142,0,1924,2,570,0,0,0,74,0,210,4,1806,92,13314
2026/04/06,22:30,13182,0,6620,2114,0,140,0,1916,2,570,0,0,0,82,0,264,0,1378,96,13182
2026/04/06,23:00,12846,0,6158,2116,0,142,0,1872,0,566,0,0,0,48,0,222,0,1638,84,12846
2026/04/06,23:30,12804,0,6498,2110,0,140,0,1866,2,572,0,0,0,50,0,106,0,1372,88,12804
2026/04/07,00:00,12316,0,5344,2116,0,140,0,1710,2,574,0,0,0,72,0,14,0,2270,74,12316
2026/04/07,00:30,11986,0,5184,2102,0,140,0,1694,2,572,0,0,0,74,0,-72,2,2212,76,11986
2026/04/07,01:00,11878,0,5176,2124,0,138,0,1674,2,572,0,0,0,48,0,-92,2,2158,76,11878
2026/04/07,01:30,11696,0,5070,2106,0,138,0,1674,2,578,0,0,0,38,0,-92,4,2102,76,11696
2026/04/07,02:00,11848,0,5174,2122,0,140,0,1676,2,572,0,0,0,18,0,-92,2,2154,80,11848
2026/04/07,02:30,11792,0,4858,2104,0,138,0,1686,0,578,0,0,0,30,0,-94,2,2414,76,11792
2026/04/07,03:00,11968,0,5098,2120,0,140,0,1676,2,566,0,0,0,24,0,-64,2,2324,80,11968
2026/04/07,03:30,12022,0,5086,2108,0,140,0,1682,2,572,0,0,0,12,0,-62,4,2396,82,12022
2026/04/07,04:00,12262,0,5498,2120,0,140,0,1682,2,568,0,0,0,4,0,-60,2,2240,66,12262
2026/04/07,04:30,12242,0,5418,2104,0,138,0,1680,2,568,0,0,0,4,0,-62,2,2318,70,12242
2026/04/07,05:00,12240,0,5634,2124,0,140,0,1682,2,566,0,0,0,18,0,-62,2,2060,74,12240
2026/04/07,05:30,12330,0,5818,2106,0,140,0,1674,2,568,0,8,0,6,0,-62,2,1994,74,12330
2026/04/07,06:00,12384,0,5758,2120,0,140,0,1690,2,570,0,50,0,4,0,-58,0,2064,44,12384
2026/04/07,06:30,12536,0,5938,2106,0,136,0,1664,0,570,0,152,0,4,0,26,0,1896,44,12536
2026/04/07,07:00,13084,0,6320,2120,0,138,0,1684,2,568,0,362,0,8,0,68,4,1768,42,13084
2026/04/07,07:30,13456,0,5990,2108,0,140,0,1680,2,568,0,746,0,10,0,138,2,2026,46,13456
2026/04/07,08:00,14490,0,6012,2120,0,140,0,1594,2,572,0,1196,0,16,0,196,4,2556,82,14490
2026/04/07,08:30,15380,0,6866,2110,0,138,0,1540,2,570,0,1396,0,28,0,220,0,2430,80,15380
2026/04/07,09:00,16022,0,7004,2118,0,138,0,1530,2,564,0,1444,0,38,0,228,4,2870,82,16022
2026/04/07,09:30,16088,0,7400,2106,0,136,0,1546,2,570,0,1812,0,48,0,236,0,2152,80,16088
2026/04/07,10:00,16102,0,8032,2124,0,138,0,1562,2,564,0,1552,0,62,0,252,6,1730,78,16102
2026/04/07,10:30,16170,0,7662,2110,0,138,0,1550,2,570,0,1726,0,60,0,240,2,2028,82,16170
2026/04/07,11:00,16210,0,8180,2120,0,140,0,1546,2,566,0,1750,0,66,0,244,6,1510,80,16210
2026/04/07,11:30,15982,0,7836,2104,0,138,0,1552,2,570,0,1478,0,88,0,322,6,1798,88,15982
2026/04/07,12:00,15494,0,8000,2120,0,138,0,1544,2,570,0,1286,0,132,0,136,0,1520,46,15494
2026/04/07,12:30,15352,0,7670,2106,0,144,0,1538,0,574,0,1344,0,160,0,8,4,1758,46,15352
2026/04/07,13:00,16258,0,7850,2120,0,138,0,1548,2,570,0,1298,0,212,0,778,6,1690,46,16258
2026/04/07,13:30,16492,0,7578,2106,0,140,0,1554,2,572,0,1626,0,232,0,666,4,1968,44,16492
2026/04/07,14:00,16586,0,7774,2118,0,142,0,1570,2,566,0,1802,0,220,0,728,4,1614,46,16586
2026/04/07,14:30,16384,0,7796,2106,0,140,0,1566,2,564,0,1596,0,230,0,970,6,1362,46,16384
2026/04/07,15:00,16140,0,7306,2120,0,142,0,1584,2,562,0,1560,0,228,0,570,4,2016,46,16140
2026/04/07,15:30,16036,0,7718,2106,0,142,0,1602,2,572,0,1464,0,222,0,606,4,1552,46,16036
2026/04/07,16:00,15924,0,7540,2120,0,144,0,1604,2,568,0,1206,0,226,0,438,6,2024,46,15924
2026/04/07,16:30,15640,0,7386,2106,0,144,0,1684,2,570,0,1032,0,238,0,314,4,2112,48,15640
2026/04/07,17:00,15446,0,7962,2122,0,144,0,1748,0,574,0,666,0,240,0,562,8,1338,82,15446
2026/04/07,17:30,15644,0,7970,2102,0,144,0,1784,2,574,0,242,0,230,0,1012,10,1492,82,15644
2026/04/07,18:00,15922,0,7910,2122,0,146,0,1850,2,574,0,14,0,240,0,954,26,2000,84,15922
2026/04/07,18:30,15974,0,7968,2108,0,146,0,1872,2,576,0,0,0,248,0,1556,16,1394,88,15974
2026/04/07,19:00,15756,0,8084,2120,0,146,0,1834,2,574,0,0,0,252,0,1192,16,1446,90,15756
2026/04/07,19:30,15496,0,7900,2104,0,148,0,1818,2,580,0,0,0,234,0,928,10,1680,92,15496
2026/04/07,20:00,15392,0,7336,2122,0,146,0,1732,2,576,0,0,0,238,0,60,12,3080,88,15392
2026/04/07,20:30,15216,0,7572,2104,0,146,0,1710,2,578,0,0,0,234,0,2,10,2768,90,15216
2026/04/07,21:00,15096,0,7004,2118,0,150,0,1670,2,570,0,0,0,236,0,4,2,3250,90,15096
2026/04/07,21:30,14832,0,7204,2106,0,148,0,1650,2,580,0,0,0,226,0,2,2,2820,92,14832
2026/04/07,22:00,14606,0,7242,2118,0,142,0,1600,2,570,0,0,0,226,0,4,2,2624,76,14606
2026/04/07,22:30,14320,0,6486,2102,0,144,0,1592,2,574,0,0,0,216,0,2,0,3130,72,14320
2026/04/07,23:00,14102,0,6280,2120,0,144,0,1600,0,566,0,0,0,222,0,4,0,3094,72,14102
2026/04/07,23:30,13716,0,6034,2106,0,142,0,1588,2,574,0,0,0,228,0,2,0,2966,74,13716
2026/04/08,00:00,13338,0,6130,2122,0,144,0,1556,2,568,0,0,0,216,0,76,0,2452,72,13338
2026/04/08,00:30,12980,0,5428,2104,0,144,0,1566,2,572,0,0,0,216,0,192,0,2678,78,12980
2026/04/08,01:00,12850,0,4812,2102,0,144,0,1556,2,566,0,0,0,220,0,292,0,3070,86,12850
2026/04/08,01:30,12668,0,4278,2112,0,146,0,1556,2,570,0,0,0,212,0,316,0,3388,88,12668
2026/04/08,02:00,12824,0,4538,2120,0,142,0,1612,2,562,0,0,0,202,0,326,0,3234,86,12824
2026/04/08,02:30,13088,0,5058,2104,0,144,0,1608,0,570,0,0,0,194,0,326,0,3022,62,13088
2026/04/08,03:00,13174,0,5132,2120,0,142,0,1628,2,570,0,0,0,184,0,316,0,3030,50,13174
2026/04/08,03:30,13344,0,5080,2108,0,142,0,1640,2,572,0,0,0,180,0,352,0,3220,48,13344
2026/04/08,04:00,13460,0,5018,2120,0,142,0,1726,2,574,0,0,0,170,0,316,0,3342,50,13460
2026/04/08,04:30,13482,0,5066,2106,0,142,0,1724,2,574,0,0,0,164,0,270,2,3386,46,13482
2026/04/08,05:00,13870,0,5508,2120,0,142,0,1680,2,570,0,0,0,160,0,348,14,3272,54,13870
2026/04/08,05:30,13964,0,5612,2104,0,144,0,1686,2,572,0,56,0,166,0,316,10,3254,42,13964
2026/04/08,06:00,14356,0,5752,2122,0,142,0,1648,2,568,0,608,0,164,0,364,20,2926,40,14356
2026/04/08,06:30,14294,0,4886,2106,0,142,0,1590,2,576,0,1806,0,156,0,270,12,2708,40,14294
2026/04/08,07:00,14444,0,4166,2106,0,144,0,1534,2,568,0,3228,0,164,0,-142,8,2624,42,14444
2026/04/08,07:30,14592,0,3450,2032,0,126,0,1522,2,576,0,4776,0,156,0,-834,0,2744,42,14592
2026/04/08,08:00,15338,0,3416,2032,0,128,0,1464,2,570,0,6274,0,132,0,-1036,2,2278,76,15338
2026/04/08,08:30,16124,0,3246,2086,0,128,0,1434,2,568,0,7504,0,140,0,-1126,2,2064,76,16124
2026/04/08,09:00,16448,0,2954,2122,0,128,0,1398,0,570,0,8512,0,122,0,-1388,2,1954,74,16448
2026/04/08,09:30,16522,0,3042,2108,0,124,0,1400,2,570,0,9240,0,106,0,-1746,2,1596,78,16522
2026/04/08,10:00,16302,0,2846,2118,0,122,0,1378,2,570,0,9714,1,110,0,-2336,0,1706,72,16302
2026/04/08,10:30,16334,0,2832,2054,0,112,0,1370,2,572,0,10078,1,104,0,-2678,2,1810,76,16334
2026/04/08,11:00,16074,0,3038,1986,0,112,0,1374,2,574,0,10222,1,90,0,-2858,2,1456,76,16074
2026/04/08,11:30,15952,0,2806,1888,0,112,0,1370,2,580,0,10320,1,76,0,-2878,2,1600,74,15952
2026/04/08,12:00,15132,0,3272,1882,0,112,0,1336,2,574,0,10272,1,62,0,-2870,2,442,46,15132
2026/04/08,12:30,14854,0,3186,1874,0,112,0,1330,2,574,0,10106,1,50,0,-2848,2,422,44,14854
2026/04/08,13:00,15528,0,3506,1886,0,114,0,1344,2,574,0,9832,1,42,0,-2636,2,818,44,15528
2026/04/08,13:30,15480,0,3478,1910,0,122,0,1352,2,582,0,9382,1,32,0,-2316,4,886,46,15480
2026/04/08,14:00,15382,0,3076,1924,0,126,0,1390,2,570,0,8748,0,22,0,-1640,4,1114,46,15382
2026/04/08,14:30,15120,0,2984,1878,0,124,0,1416,0,578,0,7886,0,8,0,-1314,8,1506,46,15120
2026/04/08,15:00,14926,0,3200,1910,0,124,0,1506,2,576,0,6810,0,8,0,-1082,6,1804,62,14926
2026/04/08,15:30,14978,0,3772,1968,0,142,0,1544,2,584,0,5516,0,10,0,-588,6,1966,56,14978
2026/04/08,16:00,14920,0,4362,2102,0,142,0,1562,2,576,0,4002,0,14,0,158,2,1938,60,14920
2026/04/08,16:30,14822,0,5060,2112,0,142,0,1658,2,578,0,2478,0,18,0,732,4,1976,62,14822
2026/04/08,17:00,14506,0,5930,2120,0,140,0,1732,2,578,0,1120,0,10,0,1018,8,1784,64,14506
2026/04/08,17:30,14756,0,6428,2104,0,142,0,1806,2,582,0,284,0,14,0,1682,22,1628,62,14756
2026/04/08,18:00,14946,0,6546,2122,0,144,0,1808,2,580,0,10,0,24,0,1630,26,1982,72,14946
2026/04/08,18:30,15138,0,6530,2104,0,142,0,1836,2,582,0,0,0,14,0,2250,16,1582,80,15138
2026/04/08,19:00,14936,0,6272,2122,0,144,0,1872,2,580,0,0,0,12,0,2124,26,1702,80,14936
2026/04/08,19:30,14828,0,6576,2102,0,144,0,1856,0,586,0,0,0,14,0,1812,14,1648,76,14828
2026/04/08,20:00,14736,0,6842,2122,0,146,0,1828,2,578,0,0,0,24,0,1432,26,1658,78,14736
2026/04/08,20:30,14590,0,6884,2102,0,144,0,1822,2,586,0,0,0,28,0,1510,14,1422,76,14590
2026/04/08,21:00,14556,0,6564,2120,0,148,0,1820,2,574,0,0,0,30,0,1160,4,2068,66,14556
2026/04/08,21:30,14274,0,6496,2106,0,146,0,1734,2,584,0,0,0,30,0,906,2,2198,70,14274
2026/04/08,22:00,14188,0,6794,2120,0,144,0,1654,2,580,0,0,0,24,0,582,2,2220,66,14188
2026/04/08,22:30,13752,0,6626,2106,0,140,0,1634,2,584,0,0,0,24,0,436,0,2130,70,13752
2026/04/08,23:00,13780,0,6826,2122,0,144,0,1630,2,578,0,0,0,26,0,434,2,1944,72,13780
2026/04/08,23:30,13404,0,6002,2114,0,142,0,1630,2,576,0,0,0,38,0,284,0,2548,68,13404
2026/04/09,00:00,13026,0,5680,2116,0,142,0,1598,2,574,0,0,0,42,0,-102,2,2900,72,13026
2026/04/09,00:30,12672,0,5690,2106,0,144,0,1582,2,576,0,0,0,38,0,-414,0,2876,72,12672
2026/04/09,01:00,12558,0,5818,2120,0,142,0,1582,2,576,0,0,0,20,0,-472,0,2700,70,12558
2026/04/09,01:30,12562,0,5532,2104,0,140,0,1580,2,580,0,0,0,22,0,-474,0,3002,74,12562
2026/04/09,02:00,12640,0,5666,2120,0,144,0,1588,2,576,0,0,0,28,0,-418,0,2878,56,12640
2026/04/09,02:30,12778,0,5954,2106,0,142,0,1578,0,576,0,0,0,26,0,-412,2,2752,54,12778
2026/04/09,03:00,13046,0,6040,2124,0,144,0,1596,2,574,0,0,0,36,0,-218,4,2688,56,13046
2026/04/09,03:30,13036,0,5798,2102,0,142,0,1612,2,582,0,0,0,40,0,-176,2,2876,56,13036
2026/04/09,04:00,13180,0,5950,2122,0,140,0,1624,2,566,0,0,0,44,0,-178,0,2846,64,13180
2026/04/09,04:30,13288,0,5848,2106,0,140,0,1656,2,578,0,0,0,50,0,-176,14,3006,64,13288
2026/04/09,05:00,13372,0,6068,2122,0,138,0,1702,2,572,0,0,0,54,0,-98,12,2734,66,13372
2026/04/09,05:30,13466,0,5898,2104,0,128,0,1664,2,576,0,88,0,54,0,198,2,2702,50,13466
2026/04/09,06:00,13654,0,5264,2120,0,126,0,1642,2,576,0,686,0,62,0,114,12,3012,38,13654
2026/04/09,06:30,13696,0,4848,2110,0,122,0,1596,2,578,0,1788,0,44,0,30,0,2542,36,13696
2026/04/09,07:00,13956,0,3944,2120,0,124,0,1512,2,576,0,3208,0,40,0,-364,4,2752,38,13956
2026/04/09,07:30,14152,0,3288,2102,0,122,0,1508,2,578,0,4700,0,40,0,-402,4,2178,32,14152
2026/04/09,08:00,14962,0,3502,2120,0,110,0,1464,2,574,0,6076,0,44,0,-594,4,1586,74,14962
2026/04/09,08:30,15718,0,3714,2106,0,112,0,1420,2,578,0,7004,0,40,0,-576,2,1242,74,15718
2026/04/09,09:00,16116,0,3826,2122,0,110,0,1410,0,566,0,7748,0,36,0,68,4,150,76,16116
2026/04/09,09:30,16184,0,3730,2106,0,110,0,1392,2,574,0,8394,0,38,0,-4,2,-234,74,16184
2026/04/09,10:00,15964,0,3304,2120,0,110,0,1398,2,564,0,8586,0,36,0,-12,2,-220,74,15964
2026/04/09,10:30,15948,0,3798,2106,0,110,0,1394,2,576,0,8702,0,26,0,-12,14,-834,66,15948
2026/04/09,11:00,15868,0,4252,2120,0,108,0,1402,2,568,0,8224,0,40,0,72,2,-958,36,15868
2026/04/09,11:30,15586,0,4412,2106,0,110,0,1396,2,572,0,6762,0,34,0,894,2,-738,34,15586
2026/04/09,12:00,14604,0,4164,2120,0,110,0,1394,2,568,0,5382,0,30,0,390,4,404,36,14604
2026/04/09,12:30,14620,0,4196,2106,0,110,0,1408,2,570,0,4284,0,30,0,442,4,1432,36,14620
2026/04/09,13:00,15484,0,4748,2122,0,124,0,1448,0,568,0,3384,0,36,0,1044,6,1964,40,15484
2026/04/09,13:30,15472,0,4616,2108,0,128,0,1518,2,570,0,3022,0,34,0,384,12,3038,40,15472
2026/04/09,14:00,15622,0,5826,2120,0,128,0,1528,2,568,0,2804,0,34,0,376,16,2178,42,15622
2026/04/09,14:30,15634,0,6432,2106,0,124,0,1552,2,572,0,1830,0,38,0,1002,18,1912,46,15634
2026/04/09,15:00,15434,0,6016,2118,0,128,0,1612,2,568,0,1332,0,46,0,766,14,2782,50,15434
2026/04/09,15:30,15614,0,6402,2106,0,126,0,1776,2,578,0,848,0,68,0,988,14,2600,106,15614
2026/04/09,16:00,15600,0,6246,2122,0,132,0,1808,2,576,0,510,0,76,0,802,16,3180,130,15600
2026/04/09,16:30,15552,0,6862,2104,0,140,0,1812,2,578,0,234,0,72,0,906,16,2688,138,15552
2026/04/09,17:00,15412,0,6654,2122,0,140,0,1868,2,576,0,92,0,58,0,994,22,2732,152,15412
2026/04/09,17:30,15390,0,6884,2104,0,142,0,1896,2,580,0,30,0,52,0,676,24,2842,158,15390
2026/04/09,18:00,15384,0,6934,2122,0,140,0,1934,2,574,0,0,0,56,0,628,32,2792,170,15384
2026/04/09,18:30,15202,0,7168,2104,0,142,0,1854,2,582,0,0,0,58,0,934,20,2188,150,15202
2026/04/09,19:00,15022,0,6962,2120,0,142,0,1824,0,578,0,0,0,64,0,944,16,2226,146,15022
2026/04/09,19:30,14728,0,6958,2104,0,144,0,1844,2,572,0,0,0,50,0,974,14,1928,138,14728
2026/04/09,20:00,14580,0,7098,2120,0,142,0,1798,2,574,0,0,0,62,0,934,16,1674,160,14580
2026/04/09,20:30,14450,0,7246,2102,0,142,0,1784,2,580,0,0,0,76,0,950,14,1402,152,14450
2026/04/09,21:00,14188,0,6558,2120,0,146,0,1728,2,576,0,0,0,72,0,580,2,2252,152,14188
2026/04/09,21:30,14026,0,6800,2106,0,144,0,1740,2,580,0,0,0,120,0,392,2,1994,146,14026
2026/04/09,22:00,13790,0,6606,2120,0,140,0,1650,2,576,0,0,0,142,0,148,2,2252,152,13790
2026/04/09,22:30,13376,0,6100,2104,0,140,0,1650,2,572,0,0,0,134,0,152,0,2370,152,13376
2026/04/09,23:00,13400,0,6070,2122,0,138,0,1632,0,572,0,0,0,116,0,156,4,2438,152,13400
2026/04/09,23:30,13064,0,5336,2110,0,140,0,1636,2,574,0,0,0,144,0,146,0,2826,150,13064
2026/04/10,00:00,12666,0,5178,2116,0,138,0,1608,2,570,0,0,0,142,0,-2,0,2762,152,12666
2026/04/10,00:30,12348,0,5100,2106,0,136,0,1606,2,574,0,0,0,140,0,-364,0,2886,162,12348
2026/04/10,01:00,12266,0,5854,2120,0,140,0,1620,2,574,0,0,0,120,0,-594,0,2262,168,12266
2026/04/10,01:30,12190,0,5744,2106,0,136,0,1634,2,572,0,0,0,112,0,-624,0,2336,172,12190
2026/04/10,02:00,12222,0,5894,2120,0,138,0,1690,0,572,0,0,0,100,0,-594,0,2132,170,12222
2026/04/10,02:30,12264,0,6010,2104,0,138,0,1682,2,576,0,0,0,86,0,-566,0,2094,138,12264
2026/04/10,03:00,12312,0,5978,2122,0,140,0,1740,2,566,0,0,0,68,0,-564,0,2110,150,12312
2026/04/10,03:30,12444,0,5986,2104,0,140,0,1758,2,574,0,0,0,70,0,-508,0,2172,146,12444
2026/04/10,04:00,12560,0,6002,2122,0,138,0,1788,2,572,0,0,0,66,0,-414,0,2134,150,12560
2026/04/10,04:30,12436,0,5838,2104,0,142,0,1798,2,570,0,0,0,62,0,-454,0,2218,156,12436
2026/04/10,05:00,12518,0,5852,2120,0,138,0,1812,2,572,0,0,0,52,0,-468,0,2274,164,12518
2026/04/10,05:30,12572,0,5592,2104,0,136,0,1830,2,576,0,8,0,56,0,-306,0,2408,166,12572
2026/04/10,06:00,12696,0,5698,2120,0,138,0,1850,2,568,0,28,0,52,0,-356,0,2418,178,12696
2026/04/10,06:30,13144,0,6370,2112,0,136,0,1836,2,576,0,98,0,58,0,-412,0,2192,176,13144
2026/04/10,07:00,13742,0,6628,2118,0,140,0,1912,0,568,0,160,0,52,0,-360,0,2346,178,13742
2026/04/10,07:30,14200,0,7084,2106,0,138,0,1930,2,568,0,266,0,54,0,70,0,1802,180,14200
2026/04/10,08:00,15332,0,7894,2120,0,142,0,1944,2,566,0,364,0,74,0,246,4,1794,182,15332
2026/04/10,08:30,16300,0,8504,2106,0,138,0,1948,2,572,0,642,0,108,0,530,18,1554,178,16300
2026/04/10,09:00,16764,0,8906,2120,0,140,0,1964,2,566,0,658,0,106,0,1100,14,1006,182,16764
2026/04/10,09:30,16898,0,8836,2104,0,142,0,1966,2,576,0,692,0,114,0,1178,18,1086,184,16898
2026/04/10,10:00,16894,0,8808,2122,0,140,0,1972,2,572,0,780,0,118,0,986,12,1198,184,16894
2026/04/10,10:30,16916,0,8754,2104,0,142,0,1944,2,572,0,688,0,130,0,1234,12,1150,184,16916
2026/04/10,11:00,16924,0,8744,2120,0,140,0,1886,0,574,0,632,0,114,0,1212,10,1306,186,16924
2026/04/10,11:30,16678,0,8486,2106,0,144,0,1886,2,574,0,1088,0,120,0,890,2,1190,190,16678
2026/04/10,12:00,15692,0,7996,2114,0,144,0,1834,2,572,0,1694,0,124,0,300,2,722,188,15692
2026/04/10,12:30,15622,0,8442,2100,0,138,0,1846,2,572,0,1530,0,132,0,276,2,414,168,15622
2026/04/10,13:00,16418,0,8724,2118,0,130,0,1966,2,560,0,1070,0,118,0,904,4,672,150,16418
2026/04/10,13:30,16634,0,8666,2100,0,132,0,1942,2,560,0,1106,0,138,0,1092,2,748,146,16634
2026/04/10,14:00,16678,0,8466,2118,0,132,0,1930,2,552,0,894,0,162,0,816,6,1466,134,16678
2026/04/10,14:30,16414,0,8358,2098,0,132,0,1900,0,558,0,896,0,140,0,842,8,1352,130,16414
2026/04/10,15:00,16062,0,8580,2114,0,132,0,1866,2,550,0,702,0,124,0,966,6,908,112,16062
2026/04/10,15:30,16066,0,8702,2102,0,134,0,1812,2,558,0,568,0,130,0,1204,8,730,116,16066
2026/04/10,16:00,16064,0,8526,2114,0,134,0,1792,2,552,0,284,0,154,0,770,14,1606,116,16064
2026/04/10,16:30,15860,0,8418,2100,0,138,0,1780,2,558,0,234,0,162,0,548,4,1800,116,15860
2026/04/10,17:00,15356,0,8144,2118,0,148,0,1746,2,560,0,150,0,118,0,568,4,1692,106,15356
2026/04/10,17:30,15232,0,8224,2098,0,150,0,1742,0,562,0,36,0,110,0,852,24,1336,98,15232
2026/04/10,18:00,15260,0,7944,2112,0,148,0,1724,2,562,0,2,0,98,0,944,22,1622,80,15260
2026/04/10,18:30,15054,0,7634,2100,0,150,0,1696,2,564,0,0,0,94,0,852,18,1866,78,15054
2026/04/10,19:00,14782,0,7560,2074,0,152,0,1684,2,564,0,0,0,100,0,982,10,1580,74,14782
2026/04/10,19:30,14396,0,7064,2054,0,152,0,1664,2,568,0,0,0,92,0,902,10,1816,72,14396
2026/04/10,20:00,14306,0,6570,2072,0,152,0,1588,2,568,0,0,0,96,0,650,8,2528,72,14306
2026/04/10,20:30,14062,0,6532,2058,0,152,0,1584,2,566,0,0,0,106,0,460,8,2524,70,14062
2026/04/10,21:00,13856,0,5936,2072,0,152,0,1578,0,566,0,0,0,86,0,444,2,2950,70,13856
2026/04/10,21:30,13372,0,5006,2056,0,150,0,1556,2,572,0,0,0,78,0,358,0,3522,72,13372
2026/04/10,22:00,13314,0,5428,2070,0,142,0,1556,2,568,0,0,0,80,0,360,0,3032,76,13314
2026/04/10,22:30,13036,0,5790,2058,0,140,0,1560,2,566,0,0,0,82,0,486,0,2274,78,13036
2026/04/10,23:00,12928,0,5472,2116,0,142,0,1564,2,566,0,0,0,104,0,632,0,2256,74,12928
2026/04/10,23:30,12592,0,5098,2114,0,144,0,1574,2,568,0,0,0,94,0,614,2,2302,80,12592
2026/04/11,00:00,12272,0,5560,2116,0,144,0,1484,2,564,0,0,0,104,0,710,2,1510,76,12272
2026/04/11,00:30,11980,0,5184,2106,0,142,0,1504,0,568,0,0,0,116,0,690,0,1590,80,11980
2026/04/11,01:00,11652,0,4700,2124,0,144,0,1508,2,564,0,0,0,128,0,528,4,1872,78,11652
2026/04/11,01:30,11732,0,4758,2106,0,142,0,1514,2,566,0,0,0,132,0,500,10,1924,78,11732
2026/04/11,02:00,11564,0,4664,2112,0,148,0,1512,2,558,0,0,0,124,0,500,12,1854,78,11564
2026/04/11,02:30,11772,0,4844,2094,0,142,0,1536,2,566,0,0,0,130,0,462,8,1912,76,11772
2026/04/11,03:00,11922,0,5100,2114,0,144,0,1560,2,566,0,0,0,138,0,476,12,1732,78,11922
2026/04/11,03:30,11938,0,5042,2096,0,146,0,1568,0,566,0,0,0,142,0,536,8,1754,80,11938
2026/04/11,04:00,11874,0,4240,2112,0,144,0,1548,2,558,0,0,0,154,0,464,10,2558,84,11874
2026/04/11,04:30,11698,0,4844,2100,0,146,0,1562,2,562,0,0,0,174,0,490,8,1720,90,11698
2026/04/11,05:00,11644,0,5036,2112,0,144,0,1574,2,560,0,0,0,182,0,458,6,1474,96,11644
2026/04/11,05:30,10884,0,4266,2056,0,142,0,1590,2,564,0,60,0,204,0,316,4,1590,90,10884
2026/04/11,06:00,10702,0,4190,1924,0,128,0,1576,2,562,0,472,0,168,0,34,2,1566,78,10702
2026/04/11,06:30,10538,0,3390,1828,0,132,0,1580,2,562,0,1286,0,140,0,-406,0,1958,66,10538
2026/04/11,07:00,10734,0,3198,1700,0,130,0,1584,2,560,0,2464,0,146,0,-1240,2,2110,78,10734
2026/04/11,07:30,10882,0,3406,1476,0,130,0,1614,2,564,0,3526,0,134,0,-1462,2,1414,76,10882
2026/04/11,08:00,11160,0,3018,1324,0,130,0,1548,2,558,0,4610,0,166,0,-1794,0,1514,84,11160
2026/04/11,08:30,11316,0,2778,1130,0,120,0,1552,2,564,0,5910,0,190,0,-2592,2,1574,86,11316
2026/04/11,09:00,11822,0,2886,1016,0,122,0,1564,0,556,0,6986,0,198,0,-2996,0,1396,94,11822
2026/04/11,09:30,11892,0,2692,1060,0,120,0,1560,2,566,0,7880,0,210,0,-3156,2,860,96,11892
2026/04/11,10:00,11866,0,2752,948,0,118,0,1584,2,562,0,8608,0,198,0,-3470,2,432,130,11866
2026/04/11,10:30,11730,0,2818,932,0,118,0,1612,2,560,0,9126,0,200,0,-3456,4,-336,150,11730
2026/04/11,11:00,11666,0,2764,924,0,110,0,1598,2,554,0,9536,0,198,0,-3488,0,-700,168,11666
2026/04/11,11:30,11776,0,2772,922,0,98,11,1620,2,540,9,9788,0,192,0,-3618,0,-706,166,11776
2026/04/11,12:00,11512,0,2822,932,0,96,11,1616,2,528,26,9336,561,190,0,-3604,4,-578,168,11512
2026/04/11,12:30,11430,0,2926,924,0,98,11,1614,0,532,25,9128,623,186,0,-3600,2,-544,164,11430
2026/04/11,13:00,11336,0,2882,922,0,96,11,1616,2,546,0,9130,361,164,0,-3608,2,-580,164,11336
2026/04/11,13:30,11352,0,3108,926,0,106,0,1646,2,560,0,8724,339,164,0,-3600,0,-464,180,11352
2026/04/11,14:00,11174,0,3018,928,0,118,0,1654,2,564,0,8494,0,148,0,-3432,2,-518,196,11174
2026/04/11,14:30,11140,0,3344,938,0,118,0,1652,2,566,0,7716,0,150,0,-2928,4,-614,192,11140
2026/04/11,15:00,10954,0,3576,1024,0,120,0,1656,2,568,0,6654,0,128,0,-2496,4,-472,190,10954
2026/04/11,15:30,11062,0,3594,1124,0,120,0,1666,2,572,0,5412,0,116,0,-1696,6,-48,194,11062
2026/04/11,16:00,10800,0,4008,1218,0,126,0,1694,0,566,0,3964,0,110,0,-1280,2,204,188,10800
2026/04/11,16:30,11102,0,4416,1308,0,128,0,1736,2,574,0,2496,0,98,0,-162,6,316,184,11102
2026/04/11,17:00,11076,0,4430,1320,0,132,0,1788,2,570,0,1192,0,92,0,794,6,566,184,11076
2026/04/11,17:30,11330,0,4582,1326,0,146,0,1842,2,572,0,300,0,92,0,1666,14,604,184,11330
2026/04/11,18:00,11566,0,4184,1384,0,150,0,1902,2,566,0,14,0,94,0,2196,20,868,186,11566
2026/04/11,18:30,11844,0,3786,1518,0,136,0,1954,2,572,0,0,0,88,0,2368,18,1224,178,11844
2026/04/11,19:00,11684,0,3066,1602,0,132,0,1970,2,568,0,0,0,120,0,2554,22,1468,180,11684
2026/04/11,19:30,11526,0,3274,1696,0,136,0,1966,0,576,0,0,0,114,0,2202,28,1350,184,11526
2026/04/11,20:00,11470,0,3150,1700,0,136,0,1938,2,570,0,0,0,100,0,2376,22,1294,182,11470
2026/04/11,20:30,11258,0,3018,1740,0,136,0,1956,2,568,0,0,0,104,0,2162,14,1378,180,11258
2026/04/11,21:00,11024,0,3002,1860,0,150,0,1938,2,568,0,0,0,110,0,2430,14,764,186,11024
2026/04/11,21:30,10978,0,3012,1926,0,152,0,1934,2,568,0,0,0,136,0,2312,4,744,188,10978
2026/04/11,22:00,10712,0,2978,2064,0,146,0,1928,2,562,0,0,0,142,0,1860,6,838,186,10712
2026/04/11,22:30,10466,0,3092,2088,0,144,0,1940,2,568,0,0,0,156,0,1370,4,920,182,10466
2026/04/11,23:00,10416,0,3040,2098,0,146,0,1934,2,562,0,0,0,150,0,1324,2,972,186,10416
2026/04/11,23:30,10074,0,3014,2084,0,148,0,1936,2,568,0,0,0,136,0,1078,2,922,184,10074
2026/04/12,00:00,9936,0,3154,2050,0,130,0,2004,2,566,0,0,0,136,0,1532,4,174,184,9936
2026/04/12,00:30,9584,0,2986,2030,0,132,0,1990,2,568,0,0,0,144,0,1114,10,426,182,9584
2026/04/12,01:00,9642,0,2968,1770,0,132,0,2010,2,560,0,0,0,158,0,1262,8,588,184,9642
2026/04/12,01:30,9572,0,2992,1446,0,132,0,2024,0,570,0,0,0,190,0,1632,16,392,178,9572
2026/04/12,02:00,9744,0,2960,1338,0,132,0,2012,2,570,0,0,0,202,0,1882,12,458,176,9744
2026/04/12,02:30,9934,0,3018,1494,0,132,0,2026,2,568,0,0,0,190,0,2044,18,290,152,9934
2026/04/12,03:00,10244,0,3632,1638,0,130,0,2022,2,566,0,0,0,202,0,2172,22,-296,154,10244
2026/04/12,03:30,10162,0,3898,1696,0,132,0,2034,2,566,0,0,0,204,0,1900,14,-432,148,10162
2026/04/12,04:00,10394,0,4034,1702,0,130,0,2010,2,562,0,0,0,194,0,1614,22,-28,152,10394
2026/04/12,04:30,10294,0,4200,1700,0,134,0,2008,2,568,0,0,0,188,0,1510,16,-182,150,10294
2026/04/12,05:00,10414,0,4770,1674,0,132,0,2000,2,560,0,0,0,190,0,1176,12,-250,148,10414
2026/04/12,05:30,9988,0,4260,1370,0,130,0,2006,2,568,0,76,0,190,0,594,14,640,138,9988
2026/04/12,06:00,9750,0,4278,1050,0,132,0,1952,2,562,0,540,0,182,0,-308,10,1210,140,9750
2026/04/12,06:30,9560,0,3914,946,0,128,0,1884,2,566,0,1376,0,172,0,-1428,2,1858,140,9560
2026/04/12,07:00,9544,0,4034,982,0,122,0,1858,2,556,0,2460,0,162,0,-1920,4,1146,138,9544
2026/04/12,07:30,9798,0,3894,988,0,120,0,1842,2,556,0,3358,0,144,0,-1908,2,664,136,9798
2026/04/12,08:00,9878,0,3430,956,0,120,0,1858,0,546,0,4752,158,112,10,-2170,0,122,152,9878
2026/04/12,08:30,10174,0,3844,960,0,116,0,1836,2,536,16,5846,192,96,9,-2608,2,-608,152,10174
2026/04/12,09:00,10136,0,3406,1060,0,108,0,1838,2,534,16,6816,226,84,8,-2760,2,-1112,158,10136
2026/04/12,09:30,10432,0,3208,1102,0,100,11,1836,2,532,25,7818,255,66,8,-3230,0,-1160,158,10432
2026/04/12,10:00,10600,0,3200,1008,0,96,11,1826,2,532,25,8536,274,66,7,-3500,0,-1316,150,10600
2026/04/12,10:30,10680,0,3072,992,0,94,11,1818,2,532,25,8982,288,74,8,-3682,6,-1362,152,10680
2026/04/12,11:00,10500,0,2894,984,0,96,11,1836,2,530,25,8810,962,88,8,-3708,6,-1192,154,10500
2026/04/12,11:30,10770,0,2860,942,0,94,11,1820,2,530,25,9226,747,84,8,-3668,6,-1276,150,10770
2026/04/12,12:00,10554,0,2624,936,0,94,11,1832,0,534,25,9288,735,82,8,-3702,2,-1260,124,10554
2026/04/12,12:30,10476,0,2412,932,0,96,11,1820,2,536,25,9204,689,68,8,-3674,6,-1048,122,10476
2026/04/12,13:00,10386,0,2446,932,0,96,11,1816,2,530,25,8854,778,76,8,-3678,6,-816,122,10386
2026/04/12,13:30,10346,0,2306,928,0,98,11,1820,2,536,25,8886,274,70,7,-3678,4,-752,126,10346
2026/04/12,14:00,10270,0,2624,964,0,96,11,1814,2,526,25,8290,252,60,7,-3624,6,-610,122,10270
2026/04/12,14:30,10170,0,2768,1042,0,104,0,1828,2,540,16,7340,221,52,7,-3286,6,-348,122,10170
2026/04/12,15:00,10128,0,3222,1188,0,112,0,1824,2,546,0,6110,188,48,7,-2766,6,-322,158,10128
2026/04/12,15:30,10140,0,3682,1310,0,112,0,1814,0,564,0,4814,149,46,6,-2184,6,-182,158,10140
2026/04/12,16:00,10262,0,4014,1322,0,114,0,1834,2,562,0,3350,0,70,0,-758,4,-412,160,10262
2026/04/12,16:30,10300,0,3990,1320,0,118,0,1852,2,570,0,1994,0,60,0,244,6,-14,158,10300
2026/04/12,17:00,10564,0,4182,1320,0,124,0,1908,2,568,0,830,0,62,0,1466,4,-60,158,10564
2026/04/12,17:30,10906,0,4306,1360,0,126,0,1964,2,566,0,220,0,56,0,1912,22,216,156,10906
2026/04/12,18:00,11352,0,4540,1516,0,140,0,2048,2,564,0,10,0,60,0,2200,24,88,160,11352
2026/04/12,18:30,11714,0,4610,1676,0,144,0,2046,2,568,0,0,0,50,0,2468,22,-30,158,11714
2026/04/12,19:00,11484,0,4706,1702,0,144,0,2058,0,566,0,0,0,48,0,2132,24,-62,166,11484
2026/04/12,19:30,11484,0,4522,1702,0,128,0,2054,2,570,0,0,0,40,0,1960,24,324,158,11484
2026/04/12,20:00,11308,0,4202,1706,0,126,0,2052,2,566,0,0,0,22,0,1718,22,732,160,11308
2026/04/12,20:30,11208,0,4216,1730,0,128,0,2074,2,572,0,0,0,26,0,1446,20,834,160,11208
2026/04/12,21:00,11036,0,4040,1978,0,126,0,2062,2,560,0,0,0,18,0,1240,14,834,162,11036
2026/04/12,21:30,10814,0,3796,2088,0,128,0,2060,2,570,0,0,0,14,0,964,4,1028,160,10814
2026/04/12,22:00,10568,0,3758,2090,0,128,0,2052,2,562,0,0,0,12,0,584,6,1212,162,10568
2026/04/12,22:30,10214,0,3912,2088,0,124,0,2034,2,568,0,0,0,10,0,284,8,1028,156,10214
2026/04/12,23:00,10364,0,3962,2086,0,128,0,2048,2,564,0,0,0,8,0,262,4,1142,158,10364
2026/04/12,23:30,9998,0,3992,2098,0,128,0,2050,2,566,0,0,0,6,0,-60,2,1058,156,9998
2026/04/13,00:00,9802,0,3538,2088,0,128,0,2062,2,562,0,0,0,10,0,-228,0,1502,138,9802
2026/04/13,00:30,9576,0,3174,2096,0,130,0,2072,2,564,0,0,0,6,0,-234,2,1622,142,9576
2026/04/13,01:00,9526,0,3094,2096,0,128,0,2062,2,568,0,0,0,12,0,-234,2,1654,142,9526
2026/04/13,01:30,9534,0,3276,2094,0,132,0,2052,2,570,0,0,0,10,0,-226,2,1480,142,9534
2026/04/13,02:00,9726,0,3376,2096,0,128,0,2064,0,564,0,0,0,8,0,-198,2,1542,144,9726
2026/04/13,02:30,9958,0,3526,2094,0,144,0,2074,2,566,0,0,0,12,0,-198,2,1592,144,9958
2026/04/13,03:00,10294,0,3706,2092,0,144,0,2038,2,564,0,0,0,12,0,-200,0,1788,148,10294
2026/04/13,03:30,10380,0,3658,2094,0,144,0,2058,2,570,0,0,0,16,0,-192,2,1876,152,10380
2026/04/13,04:00,10756,0,3862,2096,0,146,0,2058,2,560,0,0,0,22,0,-198,2,2052,154,10756
2026/04/13,04:30,10772,0,3860,2094,0,144,0,2052,2,570,0,0,0,18,0,-158,2,2034,154,10772
2026/04/13,05:00,11216,0,4146,2096,0,148,0,2046,2,568,0,0,0,10,0,364,2,1682,152,11216
2026/04/13,05:30,11008,0,3826,2094,0,144,0,2052,2,566,0,118,0,14,0,382,2,1680,128,11008
2026/04/13,06:00,11426,0,3802,2092,0,144,0,2038,2,564,0,820,0,18,0,266,0,1576,104,11426
2026/04/13,06:30,11774,0,3690,2094,0,142,0,2044,2,566,0,1764,0,18,0,258,2,1092,102,11774
2026/04/13,07:00,12130,0,3520,2098,0,130,0,2028,2,558,0,2664,0,8,0,182,0,836,104,12130
2026/04/13,07:30,12844,0,3152,2092,0,126,0,1968,2,568,0,3878,0,8,0,86,6,856,102,12844
2026/04/13,08:00,13606,0,2978,2088,0,138,0,1840,0,558,0,4644,0,4,0,-236,2,1452,138,13606
2026/04/13,08:30,14574,0,2986,2094,0,130,0,1794,2,566,0,5574,0,0,0,-438,2,1724,140,14574
2026/04/13,09:00,14964,0,3528,2098,0,124,0,1784,2,560,0,5510,0,2,0,-416,4,1626,142,14964
2026/04/13,09:30,15188,0,3514,2094,0,122,0,1794,2,560,0,5518,0,2,0,-226,10,1658,140,15188
2026/04/13,10:00,15112,0,3898,2092,0,118,0,1758,2,566,0,5290,0,2,0,12,14,1218,142,15112
2026/04/13,10:30,15222,0,3428,2096,0,120,0,1736,2,566,0,4824,0,2,0,314,8,1986,140,15222
2026/04/13,11:00,15084,0,3450,2096,0,118,0,1752,2,562,0,4340,0,0,0,-102,10,2710,146,15084
2026/04/13,11:30,15322,0,3526,2090,0,118,0,1760,0,566,0,4166,0,2,0,-134,8,3100,120,15322
2026/04/13,12:00,14384,0,3160,2052,0,132,0,1702,2,568,0,4166,0,0,0,-432,8,2906,120,14384
2026/04/13,12:30,14382,0,3520,1988,0,140,0,1710,2,574,0,4384,0,2,0,-830,16,2760,116,14382
2026/04/13,13:00,15020,0,3702,2092,0,126,0,1768,2,566,0,4738,0,2,0,288,20,1604,112,15020
2026/04/13,13:30,15306,0,4246,2096,0,118,0,1786,2,570,0,4680,0,2,0,594,14,1088,110,15306
2026/04/13,14:00,15246,0,4668,2098,0,120,0,1798,2,568,0,4016,0,2,0,654,22,1180,118,15246
2026/04/13,14:30,15280,0,4880,2090,0,118,0,1796,2,566,0,3454,0,0,0,650,16,1582,126,15280
2026/04/13,15:00,14936,0,5240,2096,0,120,0,1806,0,566,0,3138,0,2,0,824,6,982,156,14936
2026/04/13,15:30,15036,0,5454,2092,0,124,0,1942,2,570,0,2394,0,0,0,1170,0,1122,166,15036
2026/04/13,16:00,14898,0,5422,2098,0,130,0,2062,2,568,0,1662,0,2,0,1012,6,1766,168,14898
2026/04/13,16:30,14712,0,5358,2092,0,132,0,2140,2,570,0,1086,0,0,0,222,6,2938,166,14712
2026/04/13,17:00,14384,0,5762,2096,0,146,0,2316,2,568,0,566,0,0,0,76,10,2674,168,14384
2026/04/13,17:30,14412,0,6366,2092,0,150,0,2362,2,572,0,172,0,0,0,300,14,2218,164,14412
2026/04/13,18:00,14624,0,6602,2096,0,148,0,2380,2,568,0,6,0,6,0,548,16,2088,164,14624
2026/04/13,18:30,14556,0,6110,2094,0,148,0,2388,0,570,0,0,0,4,0,562,16,2496,168,14556
2026/04/13,19:00,14240,0,6096,2096,0,152,0,2394,2,572,0,0,0,2,0,314,10,2436,166,14240
2026/04/13,19:30,13928,0,5958,2092,0,150,0,2382,2,572,0,0,0,2,0,256,10,2338,166,13928
2026/04/13,20:00,13738,0,6176,2096,0,150,0,2214,2,572,0,0,0,2,0,180,8,2172,166,13738
2026/04/13,20:30,13560,0,6022,2092,0,148,0,2188,2,576,0,0,0,6,0,180,8,2170,168,13560
2026/04/13,21:00,13290,0,5930,2096,0,150,0,2132,2,572,0,0,0,6,0,130,6,2100,166,13290
2026/04/13,21:30,13180,0,6022,2092,0,150,0,2110,2,574,0,0,0,8,0,126,2,1930,164,13180
2026/04/13,22:00,13138,0,5710,2098,0,148,0,2096,0,570,0,0,0,10,0,124,2,2216,164,13138
2026/04/13,22:30,12898,0,5510,2092,0,150,0,2046,2,572,0,0,0,6,0,96,4,2264,156,12898
2026/04/13,23:00,12682,0,5270,2092,0,148,0,1912,2,568,0,0,0,12,0,82,4,2436,156,12682
2026/04/13,23:30,12562,0,5142,2094,0,150,0,1910,2,572,0,0,0,2,0,120,4,2410,156,12562
2026/04/14,00:00,12136,0,5600,2098,0,148,0,1920,2,570,0,0,0,6,0,196,8,1430,158,12136
2026/04/14,00:30,11898,0,4808,2092,0,150,0,1898,2,576,0,0,0,10,0,-94,12,2278,166,11898
2026/04/14,01:00,11686,0,4476,2098,0,146,0,1924,2,568,0,0,0,8,0,-204,10,2488,170,11686
2026/04/14,01:30,11654,0,4802,2094,0,150,0,1892,0,574,0,0,0,8,0,-198,2,2160,170,11654
2026/04/14,02:00,11724,0,4844,2096,0,150,0,1922,2,568,0,0,0,12,0,-208,0,2166,172,11724
2026/04/14,02:30,11740,0,4898,2092,0,146,0,1906,2,576,0,0,0,8,0,-194,0,2168,138,11740
2026/04/14,03:00,12144,0,5122,2094,0,148,0,1968,2,572,0,0,0,8,0,-90,8,2178,134,12144
2026/04/14,03:30,12038,0,4784,2094,0,148,0,1968,2,574,0,0,0,6,0,-76,8,2394,136,12038
2026/04/14,04:00,12354,0,5066,2096,0,148,0,1960,2,568,0,0,0,6,0,-72,10,2434,136,12354
2026/04/14,04:30,12306,0,4822,2092,0,148,0,1962,2,574,0,0,0,8,0,178,10,2374,136,12306
2026/04/14,05:00,12442,0,5182,2096,0,148,0,1982,2,568,0,0,0,8,0,376,10,1956,114,12442
2026/04/14,05:30,12268,0,4910,2092,0,148,0,1966,2,568,0,92,0,10,0,360,8,2004,108,12268
2026/04/14,06:00,12314,0,4494,2098,0,144,0,1964,2,566,0,644,0,18,0,246,12,2020,106,12314
2026/04/14,06:30,12516,0,3968,2092,0,124,0,1950,2,570,0,1516,0,12,0,298,6,1870,108,12516
2026/04/14,07:00,12822,0,3738,2096,0,118,0,1838,2,564,0,2614,0,12,0,76,4,1662,98,12822
2026/04/14,07:30,13280,0,3484,2098,0,122,0,1824,2,580,0,3974,0,8,0,-186,2,1272,100,13280
2026/04/14,08:00,14256,0,3766,2092,0,118,0,1782,0,586,0,5218,0,6,0,-364,2,916,134,14256
2026/04/14,08:30,15108,0,3916,2094,0,120,0,1712,2,590,0,6448,0,16,0,-560,0,636,134,15108
2026/04/14,09:00,15522,0,3736,2092,0,118,0,1698,2,580,0,7556,0,20,0,-462,2,46,134,15522
2026/04/14,09:30,15958,0,3164,2074,0,120,0,1598,2,580,0,8476,0,22,0,-484,0,272,134,15958
2026/04/14,10:00,15600,0,2684,2066,0,114,0,1602,0,584,0,8900,0,32,0,-1006,2,540,82,15600
2026/04/14,10:30,15860,0,3090,2078,0,118,0,1602,0,586,0,9070,0,32,0,-1802,2,1002,82,15860
2026/04/14,11:00,15524,0,3044,2106,0,116,0,1566,0,588,0,9052,0,34,0,-1482,0,438,62,15524
2026/04/14,11:30,15646,0,3960,2034,0,114,0,1586,0,592,0,9010,0,36,0,-1322,2,-408,42,15646
2026/04/14,12:00,14852,0,3444,1806,0,118,0,1516,0,600,0,8858,0,54,0,-2418,0,778,96,14852
2026/04/14,12:30,14846,0,3372,1956,0,118,0,1546,0,608,0,8520,0,60,0,-2260,6,828,92,14846
2026/04/14,13:00,15394,0,4332,2092,0,118,0,1578,0,608,0,7710,0,64,0,-1006,4,-200,94,15394
2026/04/14,13:30,15580,0,4226,2104,0,118,0,1604,0,602,0,7086,0,74,0,-104,0,-220,90,15580
2026/04/14,14:00,15534,0,3846,2106,0,118,0,1642,0,598,0,6590,0,88,0,96,0,368,82,15534
2026/04/14,14:30,15482,0,4746,2100,0,134,0,1680,0,600,0,5572,0,96,0,562,2,-88,78,15482
2026/04/14,15:00,15278,0,4972,2102,0,140,0,1720,0,602,0,4384,0,86,0,1044,0,142,86,15278
2026/04/14,15:30,15200,0,5136,2104,0,150,0,1772,2,610,0,3264,0,90,0,602,6,1376,88,15200
2026/04/14,16:00,15162,0,6144,2108,0,146,0,1844,2,604,0,2188,0,84,0,718,10,1178,136,15162
2026/04/14,16:30,14876,0,5554,2100,0,146,0,2034,2,604,0,1296,0,72,0,704,8,2222,134,14876
2026/04/14,17:00,14590,0,6030,2110,0,148,0,2208,2,606,0,586,0,90,0,788,4,1880,138,14590
2026/04/14,17:30,14664,0,5954,2104,0,146,0,2264,2,604,0,174,0,92,0,758,14,2420,132,14664
2026/04/14,18:00,14792,0,6052,2108,0,148,0,2202,0,604,0,20,0,104,0,700,18,2702,134,14792
2026/04/14,18:30,14700,0,5912,2102,0,150,0,2262,2,614,0,0,0,98,0,646,12,2754,148,14700
2026/04/14,19:00,14350,0,5808,2104,0,148,0,2288,2,606,0,0,0,66,0,890,14,2276,148,14350
2026/04/14,19:30,14140,0,5460,2104,0,150,0,2266,2,610,0,0,0,60,0,1016,10,2312,150,14140
2026/04/14,20:00,13816,0,5334,2116,0,148,0,2154,2,606,0,0,0,52,0,998,10,2248,148,13816
2026/04/14,20:30,13664,0,5320,2114,0,150,0,2164,2,614,0,0,0,54,0,928,10,2162,146,13664
2026/04/14,21:00,13386,0,5214,2114,0,148,0,2138,2,604,0,0,0,48,0,940,8,2022,148,13386
2026/04/14,21:30,13228,0,5180,2114,0,148,0,2100,2,614,0,0,0,56,0,858,6,2004,146,13228
2026/04/14,22:00,13160,0,5342,2112,0,146,0,1938,2,606,0,0,0,62,0,824,6,1988,134,13160
2026/04/14,22:30,13004,0,5428,2116,0,148,0,1914,2,608,0,0,0,64,0,684,0,1908,132,13004
2026/04/14,23:00,12832,0,5338,2116,0,144,0,1852,0,602,0,0,0,84,0,486,2,2076,132,12832
2026/04/14,23:30,12476,0,5018,2110,0,146,0,1852,2,610,0,0,0,76,0,108,2,2420,132,12476
2026/04/15,00:00,12256,0,5486,2114,0,146,0,1680,2,604,0,0,0,80,0,4,2,2032,106,12256
2026/04/15,00:30,11854,0,5410,2114,0,146,0,1656,0,610,0,0,0,86,0,2,0,1722,108,11854
2026/04/15,01:00,11784,0,5196,2118,0,148,0,1668,2,604,0,0,0,96,0,4,2,1844,102,11784
2026/04/15,01:30,11508,0,5060,2108,0,148,0,1678,2,606,0,0,0,118,0,2,4,1676,106,11508
2026/04/15,02:00,11740,0,5292,2108,0,148,0,1670,2,598,0,0,0,114,0,2,2,1698,106,11740
2026/04/15,02:30,11666,0,5084,2058,0,150,0,1684,2,606,0,0,0,126,0,4,0,1846,106,11666
2026/04/15,03:00,11974,0,5570,2066,0,148,0,1680,2,598,0,0,0,136,0,38,0,1638,98,11974
2026/04/15,03:30,12058,0,5350,2078,0,150,0,1736,2,602,0,0,0,128,0,34,2,1876,100,12058
2026/04/15,04:00,12004,0,5324,2080,0,148,0,1744,0,600,0,0,0,128,0,38,0,1842,100,12004
2026/04/15,04:30,12150,0,5452,2106,0,148,0,1776,2,602,0,0,0,132,0,38,2,1794,98,12150
2026/04/15,05:00,12202,0,5474,2116,0,148,0,1792,2,596,0,0,0,132,0,-2,2,1840,102,12202
2026/04/15,05:30,12188,0,5478,2118,0,148,0,1808,2,600,0,18,0,132,0,-22,4,1820,82,12188
2026/04/15,06:00,12192,0,5276,2116,0,148,0,1786,2,592,0,106,0,152,0,-22,0,1960,76,12192
2026/04/15,06:30,12470,0,5574,2110,0,144,0,1778,2,588,0,276,0,164,0,-200,0,1958,76,12470
2026/04/15,07:00,12914,0,5764,2118,0,146,0,1786,2,584,0,514,0,156,0,-298,2,2066,74,12914
2026/04/15,07:30,13430,0,5918,2112,0,146,0,1804,2,598,0,734,0,150,0,-416,2,2308,72,13430
2026/04/15,08:00,14506,0,5988,2118,0,150,0,1840,2,596,0,1046,0,130,0,-494,6,3042,82,14506
2026/04/15,08:30,15348,0,6494,2112,0,148,0,1866,2,588,0,1336,0,104,0,-414,8,3024,80,15348
2026/04/15,09:00,15928,0,7102,2114,0,132,0,1906,2,580,0,1734,0,94,0,-130,4,2306,84,15928
2026/04/15,09:30,15936,0,7074,2114,0,134,0,1938,2,594,0,1992,0,104,0,66,4,1830,84,15936
2026/04/15,10:00,15932,0,6988,2118,0,144,0,1806,0,592,0,1998,0,106,0,70,4,2018,88,15932
2026/04/15,10:30,15986,0,6652,2112,0,146,0,1784,2,598,0,1976,0,102,0,68,2,2456,88,15986
2026/04/15,11:00,15876,0,7134,2120,0,148,0,1670,2,592,0,2004,0,102,0,68,4,1940,92,15876
2026/04/15,11:30,15770,0,7144,2114,0,146,0,1654,2,600,0,2086,0,108,0,66,4,1754,92,15770
2026/04/15,12:00,14998,0,6662,2116,0,146,0,1644,2,594,0,2074,0,112,0,62,2,1490,94,14998
2026/04/15,12:30,14828,0,6144,2112,0,148,0,1634,2,598,0,1808,0,108,0,64,2,2096,112,14828
2026/04/15,13:00,15732,0,7434,2118,0,146,0,1816,2,586,0,1566,0,102,0,116,2,1712,132,15732
2026/04/15,13:30,15906,0,7786,2116,0,148,0,1864,0,578,0,1316,0,98,0,178,6,1684,132,15906
2026/04/15,14:00,15920,0,7820,2112,0,144,0,1904,2,582,0,1052,0,92,0,246,2,1830,134,15920
2026/04/15,14:30,15896,0,7944,2112,0,150,0,1936,2,588,0,786,0,66,0,254,2,1922,134,15896
2026/04/15,15:00,15562,0,8088,2120,0,148,0,1946,2,588,0,504,0,86,0,302,2,1640,136,15562
2026/04/15,15:30,15718,0,7936,2110,0,150,0,1974,2,590,0,396,0,70,0,822,10,1524,134,15718
2026/04/15,16:00,15560,0,7978,2118,0,148,0,2082,2,596,0,204,0,72,0,728,10,1486,136,15560
2026/04/15,16:30,15416,0,8162,2112,0,152,0,2186,0,594,0,86,0,56,0,668,8,1258,134,15416
2026/04/15,17:00,15102,0,8028,2118,0,150,0,2102,2,596,0,38,0,28,0,656,10,1244,130,15102
2026/04/15,17:30,15104,0,7962,2112,0,152,0,2106,2,602,0,12,0,42,0,732,8,1258,116,15104
2026/04/15,18:00,15050,0,7966,2110,0,154,0,2158,2,598,0,4,0,56,0,680,6,1198,118,15050
2026/04/15,18:30,14868,0,7600,2116,0,152,0,2130,2,602,0,0,0,48,0,680,10,1410,118,14868
2026/04/15,19:00,14550,0,7858,2118,0,152,0,2062,2,598,0,0,0,58,0,688,4,890,120,14550
2026/04/15,19:30,14364,0,7572,2112,0,156,0,2030,2,600,0,0,0,48,0,670,0,1056,118,14364
2026/04/15,20:00,14074,0,7412,2116,0,154,0,1950,0,596,0,0,0,70,0,392,2,1262,120,14074
2026/04/15,20:30,13886,0,7552,2114,0,156,0,1850,2,596,0,0,0,60,0,126,0,1310,120,13886
2026/04/15,21:00,13590,0,7590,2116,0,154,0,1764,2,592,0,0,0,58,0,122,2,1062,128,13590
2026/04/15,21:30,13342,0,7028,2108,0,158,0,1766,2,596,0,0,0,72,0,148,0,1338,126,13342
2026/04/15,22:00,13218,0,6390,2120,0,154,0,1790,2,598,0,0,0,52,0,176,4,1798,134,13218
2026/04/15,22:30,12876,0,6070,2114,0,154,0,1768,2,596,0,0,0,50,0,162,0,1824,136,12876
2026/04/15,23:00,12810,0,5924,2116,0,154,0,1740,2,594,0,0,0,82,0,144,2,1912,140,12810
2026/04/15,23:30,12508,0,5768,2114,0,152,0,1740,0,604,0,0,0,78,0,228,0,1682,142,12508
2026/04/16,00:00,12066,0,5390,2116,0,138,0,1750,2,598,0,0,0,78,0,-2,0,1854,142,12066
2026/04/16,00:30,11788,0,4992,2112,0,138,0,1790,2,602,0,0,0,98,0,-180,0,2098,136,11788
2026/04/16,01:00,11560,0,4062,2046,0,136,0,1792,2,598,0,0,0,116,0,-202,0,2874,136,11560
2026/04/16,01:30,11514,0,4150,2004,0,150,0,1798,2,600,0,0,0,140,0,-216,2,2758,126,11514
2026/04/16,02:00,11444,0,4058,2040,0,152,0,1832,2,596,0,0,0,142,0,-220,2,2726,114,11444
2026/04/16,02:30,11668,0,4386,2070,0,154,0,1838,0,602,0,0,0,164,0,-222,10,2556,110,11668
2026/04/16,03:00,11868,0,4186,2094,0,152,0,1886,2,596,0,0,0,178,0,46,10,2610,108,11868
2026/04/16,03:30,11908,0,4138,2078,0,154,0,1894,2,602,0,0,0,180,0,146,2,2606,106,11908
2026/04/16,04:00,12058,0,4274,2116,0,152,0,1938,2,592,0,0,0,176,0,242,6,2456,104,12058
2026/04/16,04:30,12170,0,4680,2106,0,150,0,1932,2,602,0,0,0,184,0,270,14,2126,104,12170
2026/04/16,05:00,12208,0,4822,2122,0,150,0,1906,2,596,0,8,0,188,0,282,12,2042,78,12208
2026/04/16,05:30,12120,0,4938,2108,0,152,0,1898,2,598,0,120,0,190,0,260,6,1772,76,12120
2026/04/16,06:00,12160,0,4288,2122,0,152,0,1892,0,596,0,824,0,192,0,198,14,1806,76,12160
2026/04/16,06:30,12504,0,3888,2106,0,148,0,1828,2,596,0,2004,0,178,0,136,0,1542,76,12504
2026/04/16,07:00,12712,0,3394,1974,0,132,0,1712,2,592,0,3406,0,176,0,-466,0,1718,72,12712
2026/04/16,07:30,13152,0,3304,1758,0,134,0,1704,2,594,0,4918,0,180,0,-738,4,1220,72,13152
2026/04/16,08:00,14090,0,2718,1632,0,130,0,1694,2,592,0,6310,0,168,0,-1232,0,1974,102,14090
2026/04/16,08:30,15112,0,3126,1358,0,120,0,1694,2,596,0,7514,0,146,0,-1486,4,1936,102,15112
2026/04/16,09:00,15552,0,2906,1104,0,118,0,1576,0,586,0,8398,0,152,0,-1636,2,2246,100,15552
2026/04/16,09:30,15708,0,3500,1032,0,116,0,1604,2,592,0,9024,0,146,0,-1516,4,1090,114,15708
2026/04/16,10:00,15662,0,3176,1242,0,120,0,1552,2,592,0,9564,0,146,0,-1522,2,668,120,15662
2026/04/16,10:30,15790,0,3214,1294,0,118,0,1542,2,594,0,9854,1,156,0,-1514,0,412,118,15790
2026/04/16,11:00,15598,0,2874,1308,0,120,0,1492,2,592,0,10060,1,154,0,-1520,2,398,116,15598
2026/04/16,11:30,15648,0,2980,1212,0,116,0,1456,2,596,0,10112,1,162,0,-1884,2,768,126,15648
2026/04/16,12:00,14784,0,3104,1030,0,116,0,1420,2,592,0,10074,0,162,0,-2810,0,994,100,14784
2026/04/16,12:30,14738,0,3330,940,0,116,0,1436,2,598,0,9938,0,174,0,-2814,2,912,104,14738
2026/04/16,13:00,15380,0,3858,1030,0,118,0,1442,0,588,0,9654,0,172,0,-1898,0,312,104,15380
2026/04/16,13:30,15534,0,3726,1236,0,116,0,1456,2,598,0,9210,0,188,0,-1790,0,690,102,15534
2026/04/16,14:00,15422,0,3526,1348,0,116,0,1446,2,584,0,8590,0,178,0,-1784,2,1284,130,15422
2026/04/16,14:30,15298,0,3704,1332,0,120,0,1448,2,588,0,7826,0,158,0,-1610,4,1598,128,15298
2026/04/16,15:00,15042,0,3866,1348,0,128,0,1530,2,586,0,6786,0,138,0,-1368,4,1886,136,15042
2026/04/16,15:30,15134,0,4234,1336,0,130,0,1700,2,592,0,5502,0,136,0,-366,4,1730,134,15134
2026/04/16,16:00,15016,0,4480,1354,0,130,0,1812,2,594,0,4030,0,120,0,710,6,1634,144,15016
2026/04/16,16:30,14870,0,4452,1608,0,146,0,1870,0,594,0,2586,0,108,0,1676,8,1676,146,14870
2026/04/16,17:00,14440,0,4664,1724,0,148,0,2052,2,598,0,1252,0,94,0,1892,8,1862,144,14440
2026/04/16,17:30,14426,0,5042,1712,0,148,0,2156,2,604,0,366,0,84,0,2228,18,1920,146,14426
2026/04/16,18:00,14542,0,5146,1730,0,146,0,2230,2,596,0,20,0,92,0,2202,18,2216,144,14542
2026/04/16,18:30,14636,0,5732,1756,0,150,0,2230,2,606,0,0,0,86,0,1848,20,2052,154,14636
2026/04/16,19:00,14278,0,5268,2052,0,148,0,2168,2,596,0,0,0,64,0,1964,20,1836,160,14278
2026/04/16,19:30,14010,0,5338,2102,0,150,0,2160,2,604,0,0,0,36,0,1656,18,1778,166,14010
2026/04/16,20:00,13838,0,5302,2122,0,148,0,2042,2,594,0,0,0,26,0,1702,12,1726,162,13838
2026/04/16,20:30,13536,0,4910,2108,0,152,0,1954,0,604,0,0,0,24,0,1630,12,1978,164,13536
2026/04/16,21:00,13340,0,4998,2120,0,152,0,1824,2,598,0,0,0,26,0,1604,8,1848,160,13340
2026/04/16,21:30,13220,0,5264,2106,0,150,0,1786,2,604,0,0,0,24,0,1316,2,1802,164,13220
2026/04/16,22:00,13076,0,5420,2122,0,150,0,1680,2,598,0,0,0,20,0,756,2,2164,162,13076
2026/04/16,22:30,12750,0,4854,2106,0,150,0,1666,2,600,0,0,0,22,0,710,0,2482,158,12750
2026/04/16,23:00,12642,0,4866,2120,0,146,0,1664,2,596,0,0,0,36,0,312,0,2742,158,12642
2026/04/16,23:30,12440,0,5880,2112,0,148,0,1660,2,604,0,0,0,60,0,184,0,1634,156,12440
2026/04/17,00:00,11998,0,4952,2120,0,150,0,1794,2,596,0,0,0,54,0,126,2,2060,142,11998
2026/04/17,00:30,11628,0,4690,2104,0,146,0,1804,2,600,0,0,0,44,0,116,6,1976,140,11628
2026/04/17,01:00,11424,0,4488,2122,0,148,0,1840,2,598,0,0,0,44,0,116,4,1922,140,11424
2026/04/17,01:30,11336,0,4578,2106,0,148,0,1832,2,604,0,0,0,62,0,114,6,1746,138,11336
2026/04/17,02:00,11518,0,4678,2120,0,148,0,1850,2,592,0,0,0,66,0,116,10,1794,142,11518
2026/04/17,02:30,11560,0,4806,2114,0,146,0,1830,0,604,0,0,0,60,0,54,12,1794,140,11560
2026/04/17,03:00,11732,0,4852,2118,0,148,0,1896,2,596,0,0,0,52,0,70,10,1836,152,11732
2026/04/17,03:30,11862,0,4954,2108,0,146,0,1888,2,604,0,0,0,44,0,66,2,1896,152,11862
2026/04/17,04:00,11924,0,4656,2122,0,146,0,1882,2,596,0,0,0,42,0,66,4,2240,168,11924
2026/04/17,04:30,12148,0,5178,2108,0,146,0,1904,2,596,0,0,0,32,0,64,4,1954,160,12148
2026/04/17,05:00,12192,0,5420,2120,0,148,0,1874,2,602,0,8,0,18,0,70,10,1764,156,12192
2026/04/17,05:30,12116,0,4960,2104,0,150,0,1862,2,596,0,92,0,26,0,64,8,2096,156,12116
2026/04/17,06:00,12068,0,4630,2122,0,148,0,1830,0,594,0,466,0,30,0,-48,4,2170,122,12068
2026/04/17,06:30,12142,0,4638,2056,0,150,0,1830,2,582,0,1154,0,34,0,-408,2,2004,98,12142
2026/04/17,07:00,12530,0,4320,1916,0,132,0,1802,2,574,0,2010,0,40,0,-454,0,2096,92,12530
2026/04/17,07:30,12962,0,3942,1890,0,130,0,1696,2,584,0,3062,0,44,0,-746,2,2264,92,12962
2026/04/17,08:00,13968,0,4224,2070,0,132,0,1694,2,588,0,4150,0,46,0,-1294,4,2226,126,13968
2026/04/17,08:30,14878,0,4170,2108,0,132,0,1664,2,598,0,5056,0,36,0,-1652,4,2632,128,14878
2026/04/17,09:00,15234,0,3718,2102,0,120,0,1568,2,594,0,5576,0,26,0,-1190,2,2582,134,15234
2026/04/17,09:30,15460,0,3588,2036,0,122,0,1458,2,600,0,6090,0,20,0,-1464,0,2878,130,15460
2026/04/17,10:00,15454,0,3438,2116,0,120,0,1440,2,592,0,6958,0,28,0,-1552,4,2184,124,15454
2026/04/17,10:30,15476,0,3388,2108,0,120,0,1436,2,602,0,7470,0,40,0,-1544,0,1768,86,15476
2026/04/17,11:00,15498,0,2986,2056,0,120,0,1440,2,598,0,8210,0,52,0,-1730,4,1670,90,15498
2026/04/17,11:30,15322,0,3100,1940,0,120,0,1426,0,608,0,8306,0,48,0,-2072,2,1754,90,15322
2026/04/17,12:00,14528,0,3574,1996,0,120,0,1416,2,600,0,8136,0,50,0,-2064,4,602,92,14528
2026/04/17,12:30,14344,0,3194,2062,0,120,0,1390,2,606,0,8332,0,48,0,-2056,4,552,90,14344
2026/04/17,13:00,14974,0,3370,2120,0,122,0,1420,2,600,0,8070,0,52,0,-2010,6,1132,90,14974
2026/04/17,13:30,15274,0,3354,2094,0,122,0,1424,2,608,0,7576,0,60,0,-1126,4,1066,90,15274
2026/04/17,14:00,15100,0,3074,2068,0,122,0,1436,2,598,0,7038,0,62,0,-616,6,1214,96,15100
2026/04/17,14:30,14904,0,3790,2102,0,122,0,1422,2,602,0,5706,0,64,0,266,2,730,96,14904
2026/04/17,15:00,14622,0,4088,2122,0,120,0,1480,0,602,0,3980,0,60,0,1032,10,1030,98,14622
2026/04/17,15:30,14802,0,4186,2104,0,120,0,1540,2,608,0,2354,0,56,0,2096,4,1640,92,14802
2026/04/17,16:00,14652,0,4018,2122,0,126,0,1678,2,614,0,1588,0,48,0,1634,4,2680,138,14652
2026/04/17,16:30,14368,0,4742,2108,0,132,0,1736,2,620,0,990,0,52,0,1564,2,2286,134,14368
2026/04/17,17:00,14068,0,4868,2120,0,134,0,1910,2,614,0,510,0,46,0,1620,10,2100,134,14068
2026/04/17,17:30,14130,0,4828,2106,0,148,0,2046,0,620,0,158,0,44,0,1802,16,2234,128,14130
2026/04/17,18:00,14282,0,5016,2118,0,150,0,2046,2,610,0,10,0,60,0,1834,18,2286,132,14282
2026/04/17,18:30,14214,0,4938,2100,0,150,0,2064,2,618,0,0,0,96,0,1822,16,2274,134,14214
2026/04/17,19:00,13958,0,4792,2116,0,150,0,2052,2,612,0,0,0,140,0,1698,16,2244,136,13958
2026/04/17,19:30,13742,0,4768,2102,0,148,0,2010,0,618,0,0,0,132,0,1554,14,2260,136,13742
2026/04/17,20:00,13594,0,4820,2114,0,150,0,1994,2,616,0,0,0,128,0,1480,14,2140,136,13594
2026/04/17,20:30,13406,0,4806,2102,0,150,0,1966,2,618,0,0,0,134,0,1340,10,2142,136,13406
2026/04/17,21:00,13132,0,5152,2112,0,150,0,1828,2,610,0,0,0,134,0,1230,8,1768,138,13132
2026/04/17,21:30,12968,0,4890,2096,0,150,0,1808,2,616,0,0,0,130,0,1184,0,1960,132,12968
2026/04/17,22:00,12884,0,4928,2108,0,144,0,1764,2,612,0,0,0,114,0,1204,4,1864,140,12884
2026/04/17,22:30,12504,0,4562,2102,0,142,0,1714,2,616,0,0,0,72,0,1230,2,1940,122,12504
2026/04/17,23:00,12518,0,4586,2116,0,146,0,1676,2,616,0,0,0,50,0,1224,4,1974,124,12518
2026/04/17,23:30,12056,0,4556,2110,0,142,0,1648,2,618,0,0,0,44,0,876,2,1938,120,12056
2026/04/18,00:00,11776,0,4636,2114,0,144,0,1676,2,614,0,0,0,54,0,836,2,1580,118,11776
2026/04/18,00:30,11462,0,4688,2098,0,142,0,1686,2,612,0,0,0,32,0,624,4,1454,120,11462
2026/04/18,01:00,11162,0,4470,2120,0,144,0,1680,2,612,0,0,0,16,0,292,4,1704,118,11162
2026/04/18,01:30,11084,0,4672,2102,0,144,0,1734,0,614,0,0,0,12,0,164,4,1516,122,11084
2026/04/18,02:00,11116,0,4470,2116,0,140,0,1764,2,610,0,0,0,20,0,170,4,1702,118,11116
2026/04/18,02:30,11314,0,4762,2098,0,142,0,1766,2,610,0,0,0,18,0,166,8,1626,116,11314
2026/04/18,03:00,11358,0,4792,2118,0,142,0,1804,2,612,0,0,0,14,0,248,6,1502,118,11358
2026/04/18,03:30,11628,0,5242,2106,0,144,0,1804,2,616,0,0,0,22,0,152,10,1414,116,11628
2026/04/18,04:00,11510,0,5110,2116,0,142,0,1806,2,610,0,0,0,26,0,122,6,1452,118,11510
2026/04/18,04:30,11638,0,5064,2102,0,142,0,1814,2,612,0,0,0,20,0,118,8,1642,114,11638
2026/04/18,05:00,11290,0,4906,2122,0,144,0,1784,0,612,0,12,0,14,0,122,12,1448,114,11290
2026/04/18,05:30,10922,0,4226,2096,0,144,0,1768,2,614,0,144,0,18,0,118,10,1668,114,10922
2026/04/18,06:00,10606,0,3970,2070,0,142,0,1704,2,606,0,690,0,14,0,122,2,1192,92,10606
2026/04/18,06:30,10452,0,3428,1810,0,128,0,1664,2,606,0,1576,0,16,0,-442,2,1566,96,10452
2026/04/18,07:00,10430,0,3226,1524,0,128,0,1612,2,588,0,2656,0,14,0,-866,4,1446,96,10430
2026/04/18,07:30,10596,0,2934,1276,0,124,0,1588,2,594,0,3744,0,14,0,-1278,4,1494,100,10596
2026/04/18,08:00,10956,0,2540,1316,0,122,0,1352,2,590,0,4942,0,14,0,-1444,4,1382,136,10956
2026/04/18,08:30,11318,0,2450,1274,0,116,0,1310,2,592,0,6288,0,12,0,-1774,2,912,134,11318
2026/04/18,09:00,11468,0,2010,1056,0,116,0,1284,2,598,0,7322,0,6,0,-2208,2,1148,132,11468
2026/04/18,09:30,11762,0,1936,922,0,116,0,1270,0,606,0,8236,0,6,0,-2690,0,1230,130,11762
2026/04/18,10:00,11518,0,1974,928,0,116,0,1248,2,600,0,8492,0,2,0,-2754,2,790,118,11518
2026/04/18,10:30,11604,0,2104,930,0,108,0,1226,2,588,0,8832,0,4,0,-2754,0,444,120,11604
2026/04/18,11:00,11686,0,1974,928,0,98,11,1240,2,578,16,9224,0,4,0,-2858,2,380,114,11686
2026/04/18,11:30,11678,0,2138,926,0,100,11,1230,2,574,16,9078,8,6,0,-2844,2,352,114,11678
2026/04/18,12:00,11512,0,2146,932,0,98,11,1250,2,568,33,8776,240,6,0,-2842,2,482,92,11512
2026/04/18,12:30,11266,0,2444,926,0,98,11,1256,2,570,32,8498,0,8,0,-2834,2,200,96,11266
2026/04/18,13:00,11444,0,2596,932,0,108,0,1266,2,588,0,8000,0,8,0,-2800,4,648,92,11444
2026/04/18,13:30,11230,0,2608,924,0,114,0,1254,2,602,0,7528,0,10,0,-2784,2,878,92,11230
2026/04/18,14:00,11322,0,2860,1040,0,118,0,1300,2,604,0,7132,0,8,0,-2482,2,642,96,11322
2026/04/18,14:30,11222,0,2888,1000,0,114,0,1288,0,606,0,6874,0,10,0,-2186,4,532,92,11222
2026/04/18,15:00,11076,0,3240,1128,0,118,0,1308,2,606,0,6218,0,6,0,-2092,4,442,96,11076
2026/04/18,15:30,11028,0,3270,1324,0,114,0,1292,2,606,0,5190,0,8,0,-1988,8,1108,94,11028
2026/04/18,16:00,11112,0,3794,1344,0,118,0,1308,2,604,0,3840,0,6,0,-372,4,366,98,11112
2026/04/18,16:30,11090,0,3460,1338,0,124,0,1370,2,614,0,2466,0,6,0,474,12,1128,96,11090
2026/04/18,17:00,11182,0,3806,1346,0,128,0,1490,2,606,0,1206,0,8,0,976,14,1498,102,11182
2026/04/18,17:30,11232,0,4176,1360,0,132,0,1598,0,608,0,370,0,10,0,1340,22,1514,102,11232
2026/04/18,18:00,11582,0,4736,1580,0,144,0,1744,2,606,0,14,0,22,0,1572,30,990,142,11582
2026/04/18,18:30,11700,0,4794,1716,0,146,0,1740,2,612,0,0,0,24,0,1858,32,632,144,11700
2026/04/18,19:00,11708,0,4358,1732,0,148,0,1768,2,608,0,0,0,30,0,1856,30,1030,146,11708
2026/04/18,19:30,11460,0,4104,1726,0,146,0,1764,2,614,0,0,0,46,0,1552,22,1340,144,11460
2026/04/18,20:00,11394,0,3866,1730,0,148,0,1772,2,604,0,0,0,54,0,1480,14,1580,144,11394
2026/04/18,20:30,11154,0,3794,1898,0,134,0,1770,2,614,0,0,0,44,0,1506,12,1236,144,11154
2026/04/18,21:00,10850,0,3452,2116,0,132,0,1708,0,606,0,0,0,30,0,1370,18,1276,142,10850
2026/04/18,21:30,10634,0,3228,2106,0,132,0,1696,2,614,0,0,0,30,0,1368,6,1322,130,10634
2026/04/18,22:00,10574,0,3294,2122,0,138,0,1672,2,608,0,0,0,20,0,1322,4,1260,132,10574
2026/04/18,22:30,10092,0,3212,2108,0,142,0,1612,2,610,0,0,0,18,0,1034,6,1216,132,10092
2026/04/18,23:00,10154,0,3266,2122,0,142,0,1580,2,606,0,0,0,18,0,958,10,1316,134,10154
2026/04/18,23:30,9832,0,3172,2104,0,142,0,1554,2,608,0,0,0,26,0,860,6,1226,132,9832
2026/04/19,00:00,9562,0,3000,2122,0,126,0,1512,2,608,0,0,0,10,0,778,4,1276,124,9562
2026/04/19,00:30,9446,0,2756,2108,0,126,0,1574,2,614,0,0,0,12,0,898,2,1228,126,9446
2026/04/19,01:00,9152,0,2558,2120,0,128,0,1574,0,610,0,0,0,8,0,886,2,1140,126,9152
2026/04/19,01:30,9218,0,2776,2108,0,126,0,1566,2,616,0,0,0,6,0,766,2,1128,122,9218
2026/04/19,02:00,9392,0,2676,2124,0,124,0,1614,2,612,0,0,0,4,0,918,4,1188,126,9392
2026/04/19,02:30,9522,0,2888,2110,0,124,0,1602,2,614,0,0,0,4,0,922,6,1124,126,9522
2026/04/19,03:00,9780,0,2746,2120,0,128,0,1618,2,612,0,0,0,4,0,1052,8,1366,124,9780
2026/04/19,03:30,9892,0,2912,2102,0,122,0,1586,2,616,0,0,0,8,0,1050,6,1360,128,9892
2026/04/19,04:00,10040,0,3350,2124,0,124,0,1586,2,608,0,0,0,16,0,768,2,1324,136,10040
2026/04/19,04:30,10060,0,4154,2110,0,126,0,1580,0,614,0,0,0,24,0,572,10,746,124,10060
2026/04/19,05:00,9918,0,3604,2118,0,124,0,1570,2,606,0,12,0,24,0,450,8,1290,110,9918
2026/04/19,05:30,9438,0,3054,2088,0,124,0,1560,2,616,0,198,0,20,0,396,4,1278,98,9438
2026/04/19,06:00,9238,0,2748,1872,0,124,0,1474,2,604,0,666,0,12,0,62,0,1586,88,9238
2026/04/19,06:30,9036,0,2472,1722,0,120,0,1360,2,616,0,1554,0,6,0,-410,2,1504,88,9036
2026/04/19,07:00,9194,0,2294,1566,0,110,0,1282,2,604,0,2682,0,6,0,-1076,2,1632,90,9194
2026/04/19,07:30,9404,0,2368,1446,0,110,0,1248,2,610,0,4076,0,2,0,-1660,2,1108,92,9404
2026/04/19,08:00,9586,0,2210,1350,0,110,0,1260,2,604,0,5240,0,2,0,-1812,2,500,118,9586
2026/04/19,08:30,9980,0,2356,1272,0,108,0,1240,2,614,0,6560,0,2,0,-2190,2,-102,116,9980
2026/04/19,09:00,10118,0,2536,1444,0,110,0,1236,2,604,0,7676,0,2,0,-2364,2,-1250,120,10118
2026/04/19,09:30,10334,0,2240,1368,0,110,0,1220,2,610,0,8592,0,4,0,-2582,4,-1352,118,10334
2026/04/19,10:00,10400,0,2094,1170,0,110,0,1208,2,594,0,8866,0,4,0,-2948,0,-822,122,10400
2026/04/19,10:30,10410,0,2178,986,0,108,0,1206,0,596,16,8960,0,6,0,-2972,2,-776,116,10410
2026/04/19,11:00,10500,0,2130,1100,0,106,0,1192,2,588,16,9204,0,10,0,-3024,2,-904,94,10500
2026/04/19,11:30,10586,0,2496,1118,0,108,0,1204,2,600,16,9168,0,16,0,-2996,6,-1230,94,10586
2026/04/19,12:00,10498,0,2398,1248,0,108,0,1190,2,594,16,9022,0,30,0,-3018,2,-1172,94,10498
2026/04/19,12:30,10424,0,2576,1314,0,110,0,1196,2,598,16,8292,0,28,0,-2820,2,-962,88,10424
2026/04/19,13:00,10262,0,2430,1342,0,110,0,1204,2,592,16,8042,0,20,0,-2770,4,-808,94,10262
2026/04/19,13:30,10282,0,3036,1332,0,108,0,1184,0,594,16,6832,0,24,0,-2000,4,-922,90,10282
2026/04/19,14:00,10028,0,2894,1344,0,108,0,1214,2,594,16,5134,0,20,0,-1026,2,-348,90,10028
2026/04/19,14:30,9934,0,2800,1378,0,110,0,1210,2,604,0,3944,0,18,0,-812,4,584,92,9934
2026/04/19,15:00,9922,0,2702,1632,0,110,0,1222,0,618,0,3096,0,10,0,-472,2,908,94,9922
2026/04/19,15:30,9940,0,3180,1710,0,110,0,1306,2,622,0,2220,0,22,0,-516,2,1186,96,9940
2026/04/19,16:00,10066,0,3412,1726,0,112,0,1394,2,614,0,1378,0,18,0,284,2,1020,104,10066
2026/04/19,16:30,10208,0,4490,1718,0,116,0,1424,2,612,0,842,0,12,0,600,4,286,102,10208
2026/04/19,17:00,10550,0,4066,1738,0,124,0,1574,2,614,0,398,0,14,0,746,2,1132,140,10550
2026/04/19,17:30,10864,0,4332,1916,0,122,0,1650,0,618,0,136,0,24,0,718,6,1206,136,10864
2026/04/19,18:00,11178,0,4242,2116,0,126,0,1790,2,614,0,8,0,26,0,798,12,1300,144,11178
2026/04/19,18:30,11342,0,4604,2106,0,126,0,1836,2,610,0,0,0,22,0,788,12,1092,144,11342
2026/04/19,19:00,11222,0,4752,2122,0,136,0,1854,2,604,0,0,0,26,0,778,14,786,148,11222
2026/04/19,19:30,11182,0,4608,2106,0,142,0,1852,2,616,0,0,0,32,0,512,14,1152,146,11182
2026/04/19,20:00,11084,0,4306,2120,0,142,0,1828,2,608,0,0,0,32,0,436,10,1448,152,11084
2026/04/19,20:30,10812,0,4210,2104,0,144,0,1820,2,618,0,0,0,36,0,332,14,1382,150,10812
2026/04/19,21:00,10834,0,4342,2122,0,140,0,1794,0,608,0,0,0,36,0,206,6,1432,148,10834
2026/04/19,21:30,10372,0,3906,2106,0,142,0,1770,2,618,0,0,0,30,0,180,4,1462,152,10372
2026/04/19,22:00,10196,0,3978,2120,0,142,0,1754,2,608,0,0,0,34,0,124,0,1278,156,10196
2026/04/19,22:30,9846,0,3708,2106,0,126,0,1736,2,618,0,0,0,40,0,188,0,1186,136,9846
2026/04/19,23:00,9870,0,3604,2122,0,126,0,1716,2,612,0,0,0,44,0,146,2,1360,136,9870
2026/04/19,23:30,9668,0,3526,2114,0,128,0,1734,2,616,0,0,0,30,0,152,0,1242,124,9668
2026/04/20,00:00,9448,0,3406,2116,0,126,0,1512,2,610,0,0,0,22,0,152,0,1388,114,9448
2026/04/20,00:30,9116,0,3212,2106,0,128,0,1482,0,618,0,0,0,26,0,152,0,1280,112,9116
2026/04/20,01:00,9102,0,2798,2114,0,128,0,1498,2,610,0,0,0,22,0,120,2,1688,120,9102
2026/04/20,01:30,9114,0,2916,2036,0,126,0,1496,2,616,0,0,0,18,0,36,0,1752,116,9114
2026/04/20,02:00,9130,0,2920,1914,0,126,0,1572,2,610,0,0,0,14,0,38,0,1812,122,9130
2026/04/20,02:30,9442,0,3146,1962,0,124,0,1614,2,616,0,0,0,18,0,36,2,1802,120,9442
2026/04/20,03:00,9720,0,3452,2112,0,126,0,1624,2,614,0,0,0,14,0,190,0,1506,80,9720
2026/04/20,03:30,9822,0,3060,2102,0,124,0,1622,0,616,0,0,0,8,0,388,0,1820,82,9822
2026/04/20,04:00,10098,0,3418,2124,0,140,0,1642,2,610,0,0,0,12,0,478,2,1588,82,10098
2026/04/20,04:30,10104,0,3414,2110,0,140,0,1642,2,614,0,0,0,12,0,476,4,1604,86,10104
2026/04/20,05:00,10298,0,3522,2120,0,134,0,1572,2,612,0,8,0,12,0,476,4,1752,84,10298
2026/04/20,05:30,10146,0,2846,2106,0,130,0,1526,2,612,0,168,0,16,0,294,0,2364,82,10146
2026/04/20,06:00,10416,0,2874,2120,0,134,0,1502,2,610,0,768,0,26,0,74,0,2224,82,10416
2026/04/20,06:30,10780,0,2812,2072,0,118,0,1400,2,614,0,1714,0,30,0,30,2,1906,80,10780
2026/04/20,07:00,11590,0,3152,1908,0,116,0,1404,2,606,0,2640,0,24,0,-426,0,2082,82,11590
2026/04/20,07:30,12208,0,3232,1948,0,114,0,1322,2,616,0,3334,0,28,0,-1086,2,2616,80,12208
2026/04/20,08:00,13266,0,3472,1944,0,120,0,1398,2,610,0,4052,0,20,0,-1332,4,2898,78,13266
2026/04/20,08:30,14144,0,2970,2096,0,122,0,1282,2,612,0,4700,0,30,0,-540,8,2796,66,14144
2026/04/20,09:00,15106,0,2724,2120,0,114,0,1262,2,608,0,5774,0,24,0,-266,2,2650,92,15106
2026/04/20,09:30,15082,0,2298,2102,0,118,0,1266,0,612,0,6040,0,28,0,36,2,2498,82,15082
2026/04/20,10:00,15250,0,2134,2116,0,116,0,1184,2,604,0,6500,0,36,0,-344,2,2828,72,15250
2026/04/20,10:30,15562,0,1914,1992,0,116,0,1174,2,618,0,7192,0,50,0,-800,2,3230,72,15562
2026/04/20,11:00,15520,0,2134,1916,0,114,0,1158,2,608,0,7538,0,70,0,-966,0,2872,74,15520
2026/04/20,11:30,15352,0,2588,1724,0,108,0,1166,2,600,0,7724,0,72,0,-972,0,2270,70,15352
2026/04/20,12:00,14608,0,2102,1622,0,100,11,1166,2,592,28,7404,0,92,0,-1432,6,2918,36,14608
2026/04/20,12:30,14514,0,2160,1698,0,106,11,1176,0,596,27,7306,0,112,0,-1358,4,2682,32,14514
2026/04/20,13:00,15218,0,2616,1724,0,120,0,1170,2,604,0,7148,0,128,0,-106,10,1768,34,15218
2026/04/20,13:30,15332,0,2678,1712,0,126,0,1170,0,608,0,6902,0,146,0,100,4,1854,32,15332
2026/04/20,14:00,15418,0,3140,1724,0,128,0,1188,2,614,0,6422,0,132,0,-46,6,2076,32,15418
2026/04/20,14:30,15332,0,3370,1714,0,126,0,1186,2,618,0,5982,0,140,0,238,2,1922,32,15332
2026/04/20,15:00,15142,0,4100,1726,0,142,0,1228,2,606,0,5434,0,168,0,212,2,1492,30,15142
2026/04/20,15:30,15230,0,4920,1944,0,146,0,1268,2,618,0,4464,0,162,0,928,8,740,30,15230
2026/04/20,16:00,15072,0,5278,2120,0,152,0,1412,2,610,0,3236,0,134,0,1048,4,1034,42,15072
2026/04/20,16:30,14782,0,5846,2106,0,146,0,1548,0,612,0,1912,0,104,0,1868,2,600,38,14782
2026/04/20,17:00,14326,0,5992,2116,0,146,0,1734,2,608,0,896,0,122,0,1194,12,1458,46,14326
2026/04/20,17:30,14404,0,6470,2108,0,140,0,1802,2,614,0,220,0,102,0,1044,14,1842,46,14404
2026/04/20,18:00,14532,0,6374,2114,0,142,0,1902,2,608,0,10,0,118,0,938,22,2188,114,14532
2026/04/20,18:30,14452,0,6286,2110,0,144,0,1946,2,618,0,0,0,138,0,850,20,2218,120,14452
2026/04/20,19:00,14066,0,5998,2116,0,144,0,1924,2,612,0,0,0,108,0,848,18,2172,124,14066
2026/04/20,19:30,13776,0,5880,2110,0,144,0,1922,2,620,0,0,0,128,0,728,18,2100,124,13776
2026/04/20,20:00,13570,0,6184,2116,0,146,0,1852,0,608,0,0,0,120,0,302,12,2108,122,13570
2026/04/20,20:30,13410,0,6170,2110,0,146,0,1852,2,618,0,0,0,124,0,242,10,2016,120,13410
2026/04/20,21:00,13166,0,6432,2116,0,146,0,1816,2,610,0,0,0,118,0,188,8,1608,122,13166
2026/04/20,21:30,12974,0,6042,2110,0,150,0,1780,2,618,0,0,0,68,0,78,2,2000,124,12974
2026/04/20,22:00,12786,0,5956,2112,0,144,0,1724,2,610,0,0,0,56,0,76,2,1984,120,12786
2026/04/20,22:30,12572,0,5788,2112,0,148,0,1682,2,614,0,0,0,38,0,74,4,1992,118,12572
2026/04/20,23:00,12542,0,5916,2116,0,150,0,1598,2,612,0,0,0,20,0,76,4,1942,106,12542
2026/04/20,23:30,12152,0,5698,2110,0,132,0,1538,0,616,0,0,0,16,0,32,4,1900,106,12152
2026/04/21,00:00,11898,0,5440,2116,0,132,0,1610,2,612,0,0,0,14,0,12,0,1852,108,11898
2026/04/21,00:30,11474,0,4200,2108,0,134,0,1596,2,620,0,0,0,18,0,36,10,2646,104,11474
2026/04/21,01:00,11392,0,4044,2116,0,144,0,1572,2,610,0,0,0,12,0,38,12,2740,102,11392
2026/04/21,01:30,11286,0,3802,2110,0,146,0,1544,2,616,0,0,0,18,0,38,0,2912,98,11286
2026/04/21,02:00,11260,0,3704,2116,0,144,0,1554,2,608,0,0,0,8,0,40,0,2988,96,11260
2026/04/21,02:30,11460,0,3990,2110,0,146,0,1554,0,610,0,0,0,10,0,102,2,2834,102,11460
2026/04/21,03:00,11568,0,3934,2116,0,144,0,1552,2,612,0,0,0,18,0,106,0,2986,98,11568
2026/04/21,03:30,11648,0,4120,2110,0,146,0,1620,2,620,0,0,0,28,0,154,0,2748,100,11648
2026/04/21,04:00,11760,0,4128,2116,0,144,0,1648,2,614,0,0,0,20,0,202,12,2768,106,11760
2026/04/21,04:30,11894,0,4114,2110,0,146,0,1642,2,610,0,0,0,24,0,406,2,2736,102,11894
2026/04/21,05:00,11866,0,3948,2116,0,146,0,1700,2,606,0,6,0,38,0,474,6,2708,116,11866
2026/04/21,05:30,11804,0,3612,2110,0,146,0,1694,2,612,0,40,0,82,0,210,6,3178,112,11804
2026/04/21,06:00,11942,0,3496,2116,0,144,0,1634,2,612,0,156,0,108,0,164,2,3390,118,11942
2026/04/21,06:30,12258,0,3622,2110,0,146,0,1604,0,618,0,368,0,132,0,68,2,3498,90,12258
2026/04/21,07:00,12618,0,3738,2112,0,146,0,1566,2,610,0,588,0,176,0,94,2,3492,92,12618
2026/04/21,07:30,13138,0,3890,2114,0,140,0,1584,2,618,0,1136,0,206,0,264,0,3094,90,13138
2026/04/21,08:00,14084,0,4088,2112,0,136,0,1572,2,610,0,2492,0,216,0,526,2,2232,96,14084
2026/04/21,08:30,14820,0,3662,2112,0,148,0,1582,2,604,0,3968,0,234,0,490,6,1912,100,14820
2026/04/21,09:00,15278,0,3338,2116,0,158,0,1460,2,602,0,5506,0,218,0,678,2,1106,92,15278
2026/04/21,09:30,15506,0,2960,2110,0,142,0,1420,0,614,0,6120,0,204,0,720,4,1118,94,15506
2026/04/21,10:00,15304,0,2848,2116,0,142,0,1336,2,606,0,6522,0,182,0,410,2,1064,74,15304
2026/04/21,10:30,15050,0,2516,2094,0,126,0,1324,2,616,0,5986,0,202,0,282,6,1820,76,15050
2026/04/21,11:00,15202,0,2616,1916,0,120,0,1304,2,608,0,6620,0,206,0,-130,10,1840,90,15202
2026/04/21,11:30,15040,0,2682,1694,0,116,0,1306,2,618,0,7278,0,212,0,-492,14,1524,86,15040
2026/04/21,12:00,14156,0,2408,1690,0,120,0,1326,2,616,0,7328,0,204,0,-582,12,952,80,14156
2026/04/21,12:30,14168,0,2080,1618,0,124,0,1338,2,622,0,7944,0,194,0,-816,2,980,80,14168
2026/04/21,13:00,14996,0,2596,1384,0,120,0,1352,2,614,0,8538,0,206,0,-1264,4,1378,66,14996
2026/04/21,13:30,15374,0,2718,1340,0,118,0,1364,0,620,0,8778,0,218,0,-1264,2,1416,64,15374
2026/04/21,14:00,15216,0,2898,1340,0,118,0,1386,2,610,0,8360,0,222,0,-1488,2,1694,72,15216
2026/04/21,14:30,15088,0,3284,1414,0,126,0,1356,2,614,0,7880,0,234,0,-1670,4,1770,74,15088
2026/04/21,15:00,14814,0,3406,1632,0,130,0,1414,2,612,0,6954,0,218,0,-1226,8,1576,88,14814
2026/04/21,15:30,14956,0,3778,1718,0,130,0,1444,2,616,0,5782,0,192,0,-212,8,1402,96,14956
2026/04/21,16:00,14928,0,4238,1716,0,132,0,1618,2,614,0,4310,0,176,0,832,14,1178,98,14928
2026/04/21,16:30,14752,0,4544,1722,0,146,0,1652,2,618,0,2816,0,158,0,1068,18,1912,96,14752
2026/04/21,17:00,14368,0,5078,1726,0,146,0,1740,2,616,0,1448,0,152,0,1336,14,2014,96,14368
2026/04/21,17:30,14314,0,6142,1884,0,144,0,1808,2,624,0,466,0,140,0,1492,30,1490,92,14314
2026/04/21,18:00,14304,0,5914,2108,0,144,0,1900,2,614,0,34,0,166,0,1204,14,2074,130,14304
2026/04/21,18:30,14484,0,6314,2114,0,142,0,1936,2,622,0,0,0,198,0,802,14,2190,150,14484
2026/04/21,19:00,14194,0,6540,2116,0,148,0,1986,2,616,0,0,0,168,0,426,18,2018,156,14194
2026/04/21,19:30,13846,0,5810,2110,0,144,0,1974,0,622,0,0,0,158,0,234,12,2630,152,13846
2026/04/21,20:00,13652,0,6018,2112,0,148,0,1930,2,618,0,0,0,164,0,238,14,2250,158,13652
2026/04/21,20:30,13516,0,5932,2132,0,144,0,1852,2,624,0,0,0,178,0,228,12,2256,156,13516
2026/04/21,21:00,13324,0,6278,2122,0,146,0,1748,2,616,0,0,0,142,0,150,8,1972,140,13324
2026/04/21,21:30,13098,0,6120,2108,0,150,0,1738,2,622,0,0,0,144,0,106,2,1980,126,13098
2026/04/21,22:00,13030,0,5910,2112,0,142,0,1742,2,612,0,0,0,122,0,108,2,2186,92,13030
2026/04/21,22:30,12594,0,5250,2112,0,144,0,1710,2,618,0,0,0,114,0,104,2,2454,84,12594
2026/04/21,23:00,12660,0,5696,2116,0,142,0,1576,2,612,0,0,0,130,0,106,6,2198,76,12660
2026/04/21,23:30,12352,0,5650,2110,0,146,0,1558,0,620,0,0,0,120,0,58,0,2008,82,12352
2026/04/22,00:00,11976,0,5596,2116,0,130,0,1518,2,614,0,0,0,96,0,52,4,1774,74,11976
2026/04/22,00:30,11618,0,4614,2114,0,128,0,1530,2,622,0,0,0,100,0,60,0,2368,80,11618
2026/04/22,01:00,11532,0,4144,2112,0,128,0,1588,2,616,0,0,0,100,0,-32,0,2794,80,11532
2026/04/22,01:30,11564,0,3938,2110,0,130,0,1738,2,620,0,0,0,98,0,-66,0,2900,94,11564
2026/04/22,02:00,11610,0,3952,2116,0,142,0,1782,2,614,0,0,0,84,0,-64,0,2898,84,11610
2026/04/22,02:30,11840,0,4428,2110,0,146,0,1752,0,620,0,0,0,68,0,-64,4,2714,62,11840
2026/04/22,03:00,11960,0,4526,2116,0,146,0,1810,2,616,0,0,0,38,0,-8,10,2638,66,11960
2026/04/22,03:30,12114,0,4802,2110,0,144,0,1816,2,622,0,0,0,42,0,20,12,2480,64,12114
2026/04/22,04:00,12152,0,4818,2112,0,146,0,1830,2,606,0,0,0,26,0,330,14,2224,44,12152
2026/04/22,04:30,12318,0,4774,2110,0,142,0,1844,2,616,0,0,0,14,0,334,10,2430,42,12318
2026/04/22,05:00,12384,0,4540,2114,0,146,0,1812,2,614,0,14,0,8,0,334,18,2740,42,12384
2026/04/22,05:30,12286,0,4316,2110,0,144,0,1808,2,616,0,234,0,12,0,328,16,2656,44,12286
2026/04/22,06:00,12444,0,3962,2118,0,140,0,1778,2,614,0,966,0,12,0,66,16,2732,38,12444
2026/04/22,06:30,12494,0,3402,2112,0,126,0,1702,2,612,0,2076,0,20,0,-122,4,2522,38,12494
2026/04/22,07:00,12638,0,3194,2118,0,130,0,1594,2,612,0,3250,0,18,0,-174,6,1864,24,12638
2026/04/22,07:30,13184,0,3244,2048,0,124,0,1558,2,614,0,4354,0,20,0,-822,4,2012,26,13184
2026/04/22,08:00,14054,0,3544,2020,0,126,0,1486,2,610,0,4886,0,18,0,-1480,4,2770,68,14054
2026/04/22,08:30,14770,0,3304,2116,0,128,0,1496,2,614,0,5652,0,18,0,-1088,6,2456,66,14770
2026/04/22,09:00,15312,0,3662,2112,0,132,0,1378,0,604,0,6440,0,20,0,-416,6,1308,66,15312
2026/04/22,09:30,15424,0,2972,2112,0,136,0,1350,2,610,0,6944,0,26,0,-402,2,1604,68,15424
2026/04/22,10:00,15418,0,3150,2116,0,148,0,1336,2,608,0,7166,0,26,0,-550,2,1350,64,15418
2026/04/22,10:30,15386,0,3464,2108,0,160,0,1328,2,612,0,6996,0,38,0,-956,4,1566,64,15386
2026/04/22,11:00,15264,0,3780,2116,0,154,0,1298,2,604,0,6424,0,34,0,-1134,4,1926,56,15264
2026/04/22,11:30,15062,0,3814,2110,0,144,0,1310,2,600,0,5990,0,38,0,-1130,6,2148,30,15062
2026/04/22,12:00,14302,0,3138,2078,0,114,0,1348,2,592,0,5910,0,30,0,-928,2,1986,30,14302
2026/04/22,12:30,14358,0,3388,2080,0,112,0,1356,0,598,0,5674,0,28,0,-588,10,1676,24,14358
2026/04/22,13:00,15048,0,3712,2112,0,116,0,1408,2,598,0,4516,0,26,0,1896,6,628,28,15048
2026/04/22,13:30,15248,0,3948,2112,0,124,0,1374,2,610,0,4144,0,20,0,2210,8,672,24,15248
2026/04/22,14:00,15260,0,4562,2112,0,128,0,1406,2,614,0,3726,0,16,0,2266,0,396,32,15260
2026/04/22,14:30,15250,0,4652,2112,0,132,0,1436,2,614,0,2990,0,12,0,2204,2,1062,32,15250
2026/04/22,15:00,14994,0,4966,2112,0,144,0,1452,2,610,0,2354,0,6,0,2008,4,1268,68,14994
2026/04/22,15:30,14976,0,4986,2110,0,146,0,1476,2,618,0,1788,0,6,0,1482,8,2280,74,14976
2026/04/22,16:00,15016,0,5480,2116,0,144,0,1604,0,612,0,1108,0,0,0,1362,12,2458,120,15016
2026/04/22,16:30,14976,0,5960,2108,0,148,0,1746,2,620,0,618,0,0,0,1286,12,2360,116,14976
2026/04/22,17:00,14644,0,6278,2116,0,144,0,1860,2,612,0,238,0,0,0,778,14,2480,122,14644
2026/04/22,17:30,14668,0,6744,2114,0,150,0,1920,2,620,0,70,0,0,0,674,20,2234,120,14668
2026/04/22,18:00,14686,0,6772,2108,0,148,0,1984,2,612,0,8,0,8,0,452,26,2444,122,14686
2026/04/22,18:30,14558,0,6020,2114,0,148,0,1998,2,622,0,0,0,4,0,234,18,3274,124,14558
2026/04/22,19:00,14336,0,6356,2116,0,148,0,2036,2,614,0,0,0,4,0,224,18,2708,110,14336
2026/04/22,19:30,14080,0,6396,2108,0,146,0,2008,0,622,0,0,0,2,0,184,16,2492,106,14080
2026/04/22,20:00,13838,0,6398,2116,0,150,0,1932,2,614,0,0,0,4,0,140,14,2384,84,13838
2026/04/22,20:30,13646,0,6228,2106,0,146,0,1934,2,620,0,0,0,2,0,140,10,2376,82,13646
2026/04/22,21:00,13476,0,5884,2114,0,150,0,1924,2,610,0,0,0,4,0,138,8,2556,86,13476
2026/04/22,21:30,13158,0,5692,2114,0,150,0,1912,2,620,0,0,0,4,0,134,0,2450,80,13158
2026/04/22,22:00,12972,0,5644,2116,0,148,0,1832,2,614,0,0,0,6,0,138,2,2386,84,12972
2026/04/22,22:30,12726,0,5662,2106,0,148,0,1816,2,614,0,0,0,10,0,162,0,2128,78,12726
2026/04/22,23:00,12582,0,5182,2116,0,146,0,1794,2,610,0,0,0,10,0,38,2,2636,46,12582
2026/04/22,23:30,12344,0,5170,2110,0,152,0,1782,0,616,0,0,0,10,0,-10,0,2470,44,12344
2026/04/23,00:00,11964,0,5832,2112,0,134,0,1682,2,612,0,0,0,8,0,-450,0,1980,52,11964
2026/04/23,00:30,11688,0,5704,2110,0,136,0,1640,2,618,0,0,0,10,0,-544,0,1966,46,11688
2026/04/23,01:00,11474,0,5560,2112,0,132,0,1610,2,612,0,0,0,4,0,-554,0,1940,56,11474
2026/04/23,01:30,11466,0,5530,2112,0,136,0,1608,2,620,0,0,0,4,0,-544,0,1950,48,11466
2026/04/23,02:00,11372,0,5460,2116,0,136,0,1634,2,614,0,0,0,4,0,-548,0,1898,56,11372
2026/04/23,02:30,11608,0,5662,2112,0,136,0,1624,0,616,0,0,0,2,0,-548,0,1962,42,11608
2026/04/23,03:00,11760,0,5812,2116,0,136,0,1636,2,612,0,0,0,4,0,-548,0,1952,38,11760
2026/04/23,03:30,11832,0,5980,2108,0,134,0,1622,2,622,0,0,0,4,0,-544,0,1866,38,11832
2026/04/23,04:00,11992,0,6070,2108,0,134,0,1630,2,612,0,0,0,4,0,-472,0,1862,42,11992
2026/04/23,04:30,12018,0,5832,2104,0,134,0,1628,2,622,0,0,0,8,0,-182,0,1828,42,12018
2026/04/23,05:00,12006,0,5750,2116,0,136,0,1616,2,612,0,10,0,4,0,-184,2,1904,38,12006
2026/04/23,05:30,11908,0,5574,2108,0,134,0,1606,2,622,0,76,0,4,0,-184,2,1944,20,11908
2026/04/23,06:00,11942,0,5370,2116,0,134,0,1610,0,614,0,256,0,6,0,-86,0,1896,26,11942
2026/04/23,06:30,12344,0,5402,2110,0,134,0,1602,2,618,0,432,0,10,0,48,0,1964,22,12344
2026/04/23,07:00,12848,0,5792,2112,0,132,0,1620,2,608,0,504,0,4,0,50,2,2002,20,12848
2026/04/23,07:30,13340,0,5698,2114,0,136,0,1598,2,622,0,636,0,8,0,50,6,2446,24,13340
2026/04/23,08:00,14418,0,6444,2112,0,134,0,1670,2,610,0,776,0,2,0,52,6,2528,82,14418
2026/04/23,08:30,15340,0,7262,2108,0,134,0,1676,2,616,0,968,0,4,0,68,4,2408,90,15340
2026/04/23,09:00,15864,0,7226,2118,0,132,0,1654,2,604,0,1126,0,4,0,202,4,2664,128,15864
2026/04/23,09:30,16124,0,7556,2114,0,130,0,1682,2,606,0,1330,0,10,0,234,4,2322,134,16124
2026/04/23,10:00,15964,0,7336,2112,0,132,0,1688,2,608,0,1530,0,10,0,232,2,2170,142,15964
2026/04/23,10:30,16134,0,7484,2112,0,130,0,1696,2,610,0,1598,0,34,0,222,4,2100,142,16134
2026/04/23,11:00,16042,0,7562,2116,0,132,0,1682,2,602,0,1656,0,24,0,166,4,1964,132,16042
2026/04/23,11:30,15904,0,7948,2108,0,130,0,1692,0,606,0,1516,0,28,0,162,6,1578,130,15904
2026/04/23,12:00,15042,0,7460,2116,0,128,0,1708,2,610,0,1278,0,30,0,64,0,1518,128,15042
2026/04/23,12:30,14972,0,7122,2110,0,128,0,1720,2,612,0,1176,0,52,0,62,2,1858,128,14972
2026/04/23,13:00,15790,0,8218,2116,0,132,0,1730,2,606,0,1122,0,60,0,94,10,1568,132,15790
2026/04/23,13:30,16060,0,8432,2110,0,128,0,1752,2,610,0,932,0,46,0,158,0,1768,122,16060
2026/04/23,14:00,16150,0,8442,2112,0,128,0,1856,2,604,0,764,0,50,0,170,4,1892,126,16150
2026/04/23,14:30,16014,0,8206,2112,0,130,0,1888,2,614,0,638,0,78,0,170,2,2050,124,16014
2026/04/23,15:00,15864,0,8180,2116,0,128,0,1902,2,604,0,482,0,86,0,172,4,2064,124,15864
2026/04/23,15:30,15936,0,8574,2110,0,130,0,1928,2,616,0,306,0,106,0,358,6,1676,124,15936
2026/04/23,16:00,15988,0,8498,2116,0,132,0,1948,0,608,0,178,0,116,0,774,20,1470,128,15988
2026/04/23,16:30,15698,0,8224,2110,0,130,0,2000,2,614,0,134,0,116,0,716,12,1518,122,15698
2026/04/23,17:00,15414,0,7692,2116,0,148,0,2116,2,610,0,78,0,114,0,684,16,1712,126,15414
2026/04/23,17:30,15362,0,8104,2108,0,150,0,2134,2,618,0,20,0,102,0,630,12,1358,124,15362
2026/04/23,18:00,15448,0,8100,2114,0,150,0,2140,2,608,0,4,0,102,0,734,12,1350,132,15448
2026/04/23,18:30,15372,0,7724,2114,0,152,0,2154,2,622,0,0,0,94,0,942,10,1426,132,15372
2026/04/23,19:00,14968,0,7654,2116,0,160,0,2160,2,612,0,0,0,76,0,924,8,1118,138,14968
2026/04/23,19:30,14756,0,7766,2114,0,154,0,2182,0,612,0,0,0,98,0,674,6,1018,132,14756
2026/04/23,20:00,14488,0,7596,2112,0,152,0,2174,2,606,0,0,0,102,0,660,8,940,136,14488
2026/04/23,20:30,14328,0,7498,2114,0,148,0,2094,2,614,0,0,0,110,0,660,8,950,130,14328
2026/04/23,21:00,14068,0,7128,2108,0,138,0,2046,2,614,0,0,0,110,0,664,4,1112,142,14068
2026/04/23,21:30,13776,0,6434,2114,0,132,0,2074,2,622,0,0,0,98,0,578,0,1584,138,13776
2026/04/23,22:00,13502,0,7148,2116,0,130,0,2068,2,610,0,0,0,102,0,56,4,1122,144,13502
2026/04/23,22:30,13154,0,6828,2110,0,130,0,2090,2,616,0,0,0,90,0,24,0,1124,140,13154
2026/04/23,23:00,13084,0,6564,2116,0,132,0,2030,0,604,0,0,0,64,0,34,2,1390,148,13084
2026/04/23,23:30,12618,0,6148,2108,0,130,0,2028,2,618,0,0,0,62,0,-154,2,1526,148,12618
2026/04/24,00:00,12212,0,5566,2116,0,130,0,2086,2,608,0,0,0,58,0,-214,0,1744,116,12212
2026/04/24,00:30,11950,0,5414,2110,0,134,0,2064,2,614,0,0,0,68,0,-466,2,1896,112,11950
2026/04/24,01:00,11774,0,5074,2112,0,132,0,2038,2,610,0,0,0,84,0,-460,2,2062,118,11774
2026/04/24,01:30,11642,0,4846,2112,0,130,0,2036,2,620,0,0,0,72,0,-466,0,2174,116,11642
2026/04/24,02:00,11704,0,5006,2118,0,130,0,2036,0,614,0,0,0,80,0,-460,2,2060,118,11704
2026/04/24,02:30,11878,0,5232,2108,0,130,0,2038,2,622,0,0,0,80,0,-456,2,2002,118,11878
2026/04/24,03:00,12052,0,5364,2114,0,132,0,2088,2,616,0,0,0,78,0,-254,2,1794,116,12052
2026/04/24,03:30,12096,0,5290,2114,0,130,0,2082,2,626,0,0,0,100,0,-196,4,1826,118,12096
2026/04/24,04:00,12196,0,5540,2116,0,128,0,2076,2,618,0,0,0,96,0,-196,12,1658,146,12196
2026/04/24,04:30,12260,0,5544,2110,0,144,0,2080,2,624,0,0,0,106,0,-198,2,1698,148,12260
2026/04/24,05:00,12300,0,5668,2116,0,146,0,2052,2,612,0,8,0,112,0,-190,8,1618,148,12300
2026/04/24,05:30,12140,0,5132,2110,0,146,0,2058,2,620,0,122,0,110,0,-136,0,1834,142,12140
2026/04/24,06:00,12144,0,5048,2112,0,132,0,2018,0,616,0,432,0,100,0,22,0,1554,110,12144
2026/04/24,06:30,12396,0,4780,2112,0,126,0,1980,2,618,0,938,0,74,0,38,2,1626,100,12396
2026/04/24,07:00,12856,0,4468,2116,0,130,0,1920,2,614,0,1506,0,60,0,72,0,1878,90,12856
2026/04/24,07:30,13192,0,3636,2110,0,124,0,1886,2,616,0,2280,0,40,0,90,0,2322,86,13192
2026/04/24,08:00,14060,0,4148,2116,0,120,0,1902,2,608,0,2994,0,30,0,-108,2,2182,64,14060
2026/04/24,08:30,14844,0,4472,2110,0,116,0,1860,2,610,0,3626,0,28,0,108,0,1850,62,14844
2026/04/24,09:00,15314,0,3996,2116,0,112,0,1882,2,608,0,4408,0,22,0,90,2,2014,62,15314
2026/04/24,09:30,15410,0,3642,2110,0,116,0,1884,0,610,0,4880,0,20,0,78,2,2008,60,15410
2026/04/24,10:00,15162,0,3686,2116,0,114,0,1924,2,610,0,4722,0,20,0,132,8,1744,84,15162
2026/04/24,10:30,15148,0,3392,2114,0,110,0,1898,2,608,0,5022,0,18,0,186,4,1718,76,15148
2026/04/24,11:00,15134,0,3420,2116,0,114,0,1792,2,598,0,5496,0,20,0,-68,10,1560,74,15134
2026/04/24,11:30,15174,0,3324,2110,0,108,0,1782,2,618,0,5804,0,18,0,-68,12,1390,74,15174
2026/04/24,12:00,14306,0,2690,2104,0,112,0,1776,2,610,0,5660,0,18,0,-428,4,1708,50,14306
2026/04/24,12:30,14146,0,3252,2112,0,110,0,1778,2,620,0,5222,0,22,0,-672,6,1646,48,14146
2026/04/24,13:00,14950,0,3522,2116,0,110,0,1782,2,612,0,5076,0,16,0,70,0,1600,44,14950
2026/04/24,13:30,15068,0,3862,2110,0,114,0,1786,2,610,0,4682,0,16,0,558,12,1274,42,15068
2026/04/24,14:00,14988,0,3970,2116,0,112,0,1806,2,604,0,3818,0,14,0,682,18,1804,42,14988
2026/04/24,14:30,14790,0,3956,2110,0,110,0,1810,2,606,0,3380,0,24,0,1056,4,1690,42,14790
2026/04/24,15:00,14568,0,4424,2118,0,112,0,1922,0,610,0,3016,0,22,0,536,6,1722,80,14568
2026/04/24,15:30,14590,0,5228,2108,0,112,0,1932,2,616,0,2480,0,16,0,446,6,1566,78,14590
2026/04/24,16:00,14726,0,5590,2116,0,114,0,1944,2,606,0,2010,0,12,0,518,2,1684,128,14726
2026/04/24,16:30,14424,0,6176,2108,0,118,0,1956,2,614,0,1346,0,10,0,392,4,1572,126,14424
2026/04/24,17:00,13996,0,5758,2118,0,128,0,2032,2,608,0,672,0,12,0,158,10,2372,126,13996
2026/04/24,17:30,13992,0,6088,2112,0,146,0,2092,2,618,0,238,0,14,0,220,14,2318,130,13992
2026/04/24,18:00,14232,0,6254,2116,0,146,0,2130,2,612,0,12,0,26,0,222,24,2560,128,14232
2026/04/24,18:30,14298,0,6224,2108,0,150,0,2162,2,620,0,0,0,16,0,218,22,2642,134,14298
2026/04/24,19:00,13966,0,5966,2116,0,148,0,2166,0,610,0,0,0,10,0,232,16,2544,158,13966
2026/04/24,19:30,13800,0,5692,2110,0,150,0,2162,2,618,0,0,0,8,0,252,16,2634,156,13800
2026/04/24,20:00,13684,0,5828,2116,0,150,0,2170,2,612,0,0,0,4,0,412,18,2218,154,13684
2026/04/24,20:30,13528,0,5658,2108,0,148,0,2140,2,618,0,0,0,4,0,464,16,2228,142,13528
2026/04/24,21:00,13310,0,5468,2116,0,150,0,2074,2,610,0,0,0,2,0,540,16,2186,146,13310
2026/04/24,21:30,13040,0,5392,2112,0,148,0,2046,2,618,0,0,0,2,0,454,4,2122,140,13040
2026/04/24,22:00,12986,0,5214,2116,0,146,0,2020,2,614,0,0,0,4,0,458,2,2268,142,12986
2026/04/24,22:30,12684,0,5084,2110,0,142,0,2008,0,618,0,0,0,10,0,450,2,2122,138,12684
2026/04/24,23:00,12590,0,5272,2116,0,144,0,1946,2,610,0,0,0,12,0,408,2,1936,142,12590
2026/04/24,23:30,12192,0,5082,2108,0,144,0,1922,2,616,0,0,0,12,0,224,0,1944,138,12192
2026/04/25,00:00,11802,0,5240,2116,0,128,0,1752,2,612,0,0,0,12,0,232,14,1588,106,11802
2026/04/25,00:30,11554,0,4970,2110,0,132,0,1658,2,618,0,0,0,14,0,250,20,1678,102,11554
2026/04/25,01:00,11250,0,4524,2112,0,130,0,1616,2,612,0,0,0,18,0,396,20,1708,112,11250
2026/04/25,01:30,11210,0,4558,2112,0,132,0,1628,2,620,0,0,0,22,0,312,22,1692,110,11210
2026/04/25,02:00,11264,0,4644,2118,0,132,0,1606,0,608,0,0,0,24,0,326,12,1684,110,11264
2026/04/25,02:30,11486,0,4778,2114,0,132,0,1604,2,622,0,0,0,44,0,378,22,1682,108,11486
2026/04/25,03:00,11580,0,5092,2116,0,132,0,1598,2,614,0,0,0,40,0,122,20,1724,120,11580
2026/04/25,03:30,11680,0,4972,2110,0,134,0,1606,2,618,0,0,0,36,0,302,18,1754,128,11680
2026/04/25,04:00,11662,0,4868,2118,0,134,0,1678,2,612,0,0,0,24,0,414,20,1670,122,11662
2026/04/25,04:30,11544,0,4636,2112,0,132,0,1688,2,616,0,0,0,28,0,454,18,1732,126,11544
2026/04/25,05:00,11442,0,4550,2116,0,130,0,1690,2,612,0,8,0,32,0,450,20,1714,118,11442
2026/04/25,05:30,11144,0,4022,2108,0,132,0,1680,0,612,0,84,0,38,0,612,4,1734,118,11144
2026/04/25,06:00,10772,0,3498,1940,0,132,0,1690,2,610,0,352,0,46,0,412,0,2004,86,10772
2026/04/25,06:30,10528,0,3110,1650,0,130,0,1592,2,614,0,906,0,40,0,362,2,2036,84,10528
2026/04/25,07:00,10510,0,2848,1394,0,124,0,1566,2,608,0,1452,0,20,0,596,4,1816,80,10510
2026/04/25,07:30,10724,0,2628,1350,0,114,0,1550,2,614,0,2168,0,20,0,728,6,1460,84,10724
2026/04/25,08:00,11082,0,2336,1278,0,120,0,1336,2,610,0,2926,85,16,6,74,2,2266,116,11082
2026/04/25,08:30,11268,0,2480,1108,0,110,0,1312,2,590,0,4002,135,20,6,-868,2,2392,118,11268
2026/04/25,09:00,11254,0,2444,1132,0,98,11,1266,2,566,37,4960,160,16,7,-1102,2,1756,114,11254
2026/04/25,09:30,11390,0,2160,1154,0,98,11,1286,2,566,36,5942,195,20,7,-1282,4,1328,112,11390
2026/04/25,10:00,11516,0,2010,1088,0,98,11,1230,2,564,33,6752,237,22,7,-1748,0,1382,116,11516
2026/04/25,10:30,11560,0,2698,1160,0,96,11,1228,2,564,33,7130,258,24,7,-2278,4,814,118,11560
2026/04/25,11:00,11652,0,2520,1304,0,94,11,1212,2,562,33,7526,288,14,7,-2070,0,370,118,11652
2026/04/25,11:30,11306,0,2292,1322,0,92,11,1208,0,564,33,7254,268,14,7,-1810,4,270,96,11306
2026/04/25,12:00,11248,0,1908,1144,0,94,11,1214,2,564,33,7278,495,14,14,-1828,0,778,80,11248
2026/04/25,12:30,11280,0,2046,1058,0,90,11,1214,2,568,33,7480,279,14,12,-2060,2,788,78,11280
2026/04/25,13:00,11034,0,2092,992,0,94,11,1202,2,564,33,7322,270,18,8,-1930,2,598,78,11034
2026/04/25,13:30,11244,0,2098,1006,0,90,11,1222,2,566,33,7354,277,18,9,-1978,2,788,76,11244
2026/04/25,14:00,11136,0,2254,1112,0,96,11,1238,2,566,34,6836,261,14,9,-1954,0,884,88,11136
2026/04/25,14:30,11110,0,2504,1194,0,98,11,1236,2,568,33,6224,230,20,9,-1686,2,854,94,11110
2026/04/25,15:00,10784,0,2388,1100,0,106,0,1292,0,574,18,5476,197,22,9,-1172,2,900,96,10784
2026/04/25,15:30,11118,0,2982,1198,0,118,0,1294,2,600,0,4562,167,22,9,-1012,4,1252,96,11118
2026/04/25,16:00,11068,0,3258,1290,0,120,0,1394,0,606,0,3638,0,50,0,-164,4,772,100,11068
2026/04/25,16:30,11044,0,3762,1294,0,126,0,1414,2,610,0,2446,0,56,0,372,2,862,98,11044
2026/04/25,17:00,10978,0,4668,1240,0,128,0,1668,2,608,0,1232,0,66,0,374,2,888,102,10978
2026/04/25,17:30,11266,0,5192,1184,0,126,0,1736,2,610,0,454,0,70,0,444,24,1318,106,11266
2026/04/25,18:00,11458,0,5134,1210,0,128,0,1854,2,606,0,30,0,86,0,540,22,1672,174,11458
2026/04/25,18:30,11810,0,5220,1308,0,130,0,1866,2,612,0,0,0,78,0,588,28,1792,186,11810
2026/04/25,19:00,11674,0,4772,1398,0,128,0,1926,2,610,0,0,0,94,0,756,14,1790,184,11674
2026/04/25,19:30,11504,0,4512,1472,0,130,0,1934,0,612,0,0,0,98,0,686,16,1856,188,11504
2026/04/25,20:00,11480,0,4922,1502,0,130,0,1850,2,608,0,0,0,104,0,608,14,1554,186,11480
2026/04/25,20:30,11408,0,4900,1482,0,130,0,1844,2,610,0,0,0,104,0,650,26,1472,188,11408
2026/04/25,21:00,11056,0,4652,1500,0,134,0,1814,2,610,0,0,0,100,0,678,10,1370,186,11056
2026/04/25,21:30,10794,0,4442,1498,0,132,0,1756,2,614,0,0,0,100,0,648,14,1404,184,10794
2026/04/25,22:00,10628,0,4244,1602,0,130,0,1748,2,604,0,0,0,98,0,456,14,1578,152,10628
2026/04/25,22:30,10368,0,3992,1736,0,128,0,1738,2,618,0,0,0,108,0,424,4,1466,152,10368
2026/04/25,23:00,10414,0,3810,1874,0,130,0,1710,2,608,0,0,0,100,0,510,4,1530,136,10414
2026/04/25,23:30,10092,0,3562,1884,0,130,0,1700,2,612,0,0,0,98,0,424,8,1536,136,10092
2026/04/26,00:00,9908,0,3608,1880,0,128,0,1620,2,608,0,0,0,92,0,532,2,1302,134,9908
2026/04/26,00:30,9566,0,3298,1806,0,128,0,1606,2,616,0,0,0,78,0,534,0,1370,128,9566
2026/04/26,01:00,9398,0,3026,1710,0,128,0,1602,2,612,0,0,0,68,0,540,0,1574,136,9398
2026/04/26,01:30,9438,0,3134,1704,0,128,0,1552,0,616,0,0,0,70,0,536,0,1564,134,9438
2026/04/26,02:00,9444,0,3030,1706,0,128,0,1552,2,608,0,0,0,72,0,522,10,1682,132,9444
2026/04/26,02:30,9734,0,3360,1706,0,126,0,1538,2,618,0,0,0,76,0,604,14,1578,112,9734
2026/04/26,03:00,9822,0,3442,1724,0,138,0,1560,2,612,0,0,0,64,0,564,18,1588,110,9822
2026/04/26,03:30,10044,0,3496,1794,0,146,0,1546,2,616,0,0,0,78,0,542,14,1706,104,10044
2026/04/26,04:00,9956,0,3296,1892,0,142,0,1560,2,608,0,0,0,78,0,506,8,1776,88,9956
2026/04/26,04:30,10180,0,3326,1880,0,128,0,1546,2,616,0,0,0,88,0,782,14,1712,86,10180
2026/04/26,05:00,9996,0,3168,1888,0,128,0,1550,2,610,0,20,0,74,0,704,10,1758,84,9996
2026/04/26,05:30,9700,0,2664,1852,0,128,0,1536,0,610,0,268,0,82,0,730,12,1734,84,9700
2026/04/26,06:00,9342,0,2156,1700,0,124,0,1504,2,606,0,936,0,78,0,482,0,1672,82,9342
2026/04/26,06:30,9142,0,1962,1438,0,126,0,1408,2,604,0,2058,0,74,0,-120,0,1506,84,9142
2026/04/26,07:00,9484,0,2282,1172,0,118,0,1364,2,572,0,3412,0,78,0,-972,4,1382,70,9484
2026/04/26,07:30,9450,0,2158,950,0,106,11,1306,2,562,36,4714,0,82,0,-1700,2,1198,70,9450
2026/04/26,08:00,9754,0,2300,918,0,100,11,1222,2,558,36,5762,332,58,15,-1800,2,528,104,9754
2026/04/26,08:30,10012,0,2144,808,0,100,11,1128,2,566,36,6660,359,56,15,-1882,2,324,104,10012
2026/04/26,09:00,9976,0,2182,780,0,100,11,1094,2,552,36,6738,875,54,21,-2300,4,664,106,9976
2026/04/26,09:30,10046,0,2322,824,0,100,11,1076,2,556,35,6418,1576,50,22,-2308,6,896,104,10046
2026/04/26,10:00,10046,0,2284,872,0,96,11,1054,2,554,36,6166,1828,60,23,-2338,0,1192,104,10046
2026/04/26,10:30,10188,0,2494,910,0,100,11,1050,0,554,35,6328,1948,54,25,-2286,4,890,90,10188
2026/04/26,11:00,10086,0,2310,978,0,100,11,1034,2,556,36,6502,1993,56,26,-2252,4,724,72,10086
2026/04/26,11:30,10322,0,2338,992,0,100,11,1036,2,560,35,6660,2001,56,27,-2248,2,750,74,10322
2026/04/26,12:00,10260,0,2386,1024,0,96,11,1036,2,556,31,6950,1671,56,26,-2262,2,340,74,10260
2026/04/26,12:30,10228,0,2234,890,0,98,11,1046,0,562,35,7268,1179,54,22,-2264,2,262,76,10228
2026/04/26,13:00,10194,0,2544,914,0,96,11,1050,2,560,36,6650,925,72,22,-2196,6,416,80,10194
2026/04/26,13:30,10162,0,2490,1004,0,96,11,1066,2,562,35,6006,264,76,19,-1118,10,-112,80,10162
2026/04/26,14:00,10208,0,2448,890,0,96,11,1094,2,562,36,5476,412,78,19,-1456,2,926,90,10208
2026/04/26,14:30,10070,0,2626,826,0,98,11,1132,2,558,35,5102,225,62,19,-1470,4,1044,86,10070
2026/04/26,15:00,10130,0,2742,914,0,108,0,1290,2,570,18,4298,198,70,19,-826,8,860,94,10130
2026/04/26,15:30,10054,0,2922,1068,0,124,0,1438,0,594,0,3346,155,74,18,62,4,332,90,10054
2026/04/26,16:00,10184,0,3582,1126,0,126,0,1502,2,600,0,2116,0,100,0,710,4,218,98,10184
2026/04/26,16:30,10332,0,3724,1114,0,126,0,1552,2,606,0,1260,0,98,0,1162,8,584,96,10332
2026/04/26,17:00,10616,0,4388,1126,0,140,0,1586,2,602,0,604,0,98,0,1184,16,736,134,10616
2026/04/26,17:30,10998,0,4566,1128,0,142,0,1620,2,612,0,224,0,118,0,1368,28,1056,134,10998
2026/04/26,18:00,11470,0,5002,1350,0,128,0,1672,2,606,0,12,0,132,0,1182,26,1210,148,11470
2026/04/26,18:30,11548,0,5150,1484,0,128,0,1722,0,612,0,0,0,122,0,1036,18,1120,156,11548
2026/04/26,19:00,11576,0,5270,1504,0,124,0,1758,2,606,0,0,0,94,0,724,20,1310,164,11576
2026/04/26,19:30,11350,0,5276,1494,0,128,0,1800,2,610,0,0,0,68,0,558,18,1238,158,11350
2026/04/26,20:00,11340,0,5186,1500,0,126,0,1820,2,606,0,0,0,68,0,444,14,1414,160,11340
2026/04/26,20:30,11178,0,4854,1672,0,126,0,1784,2,616,0,0,0,92,0,404,10,1458,160,11178
2026/04/26,21:00,10946,0,4476,1890,0,126,0,1742,2,608,0,0,0,104,0,406,10,1442,140,10946
2026/04/26,21:30,10746,0,4574,1876,0,126,0,1722,2,620,0,0,0,124,0,220,0,1342,140,10746
2026/04/26,22:00,10450,0,4336,1890,0,124,0,1702,2,608,0,0,0,118,0,154,2,1374,140,10450
2026/04/26,22:30,10244,0,4026,1880,0,126,0,1630,0,616,0,0,0,144,0,256,0,1426,140,10244
2026/04/26,23:00,10230,0,4016,1890,0,130,0,1606,2,610,0,0,0,170,0,306,4,1358,138,10230
2026/04/26,23:30,9932,0,3844,1884,0,126,0,1598,2,618,0,0,0,174,0,-48,2,1594,138,9932
2026/04/27,00:00,9868,0,3898,1884,0,128,0,1418,2,610,0,0,0,132,0,-152,0,1796,152,9868
2026/04/27,00:30,9406,0,3698,1882,0,128,0,1354,2,614,0,0,0,118,0,-198,0,1644,164,9406
2026/04/27,01:00,9346,0,3378,1892,0,128,0,1342,0,608,0,0,0,104,0,-172,2,1902,162,9346
2026/04/27,01:30,9304,0,3260,1880,0,128,0,1346,2,622,0,0,0,88,0,-204,2,2016,164,9304
2026/04/27,02:00,9536,0,4086,1892,0,124,0,1360,2,610,0,0,0,84,0,-270,2,1488,158,9536
2026/04/27,02:30,9698,0,4200,1878,0,124,0,1420,2,620,0,0,0,90,0,-234,2,1438,158,9698
2026/04/27,03:00,10048,0,4274,1892,0,126,0,1514,2,610,0,0,0,82,0,-138,0,1514,172,10048
2026/04/27,03:30,10220,0,4502,1880,0,126,0,1516,2,620,0,0,0,76,0,-110,0,1438,170,10220
2026/04/27,04:00,10474,0,4688,1892,0,126,0,1572,2,604,0,0,0,62,0,-134,0,1490,172,10474
2026/04/27,04:30,10452,0,4362,1878,0,126,0,1558,0,614,0,0,0,42,0,-116,0,1812,176,10452
2026/04/27,05:00,10830,0,4306,1892,0,126,0,1508,2,606,0,0,0,32,0,-84,2,2260,180,10830
2026/04/27,05:30,10716,0,4664,1878,0,124,0,1498,2,612,0,10,0,26,0,-90,0,1826,166,10716
2026/04/27,06:00,11024,0,4870,1894,0,142,0,1390,2,606,0,52,0,28,0,268,2,1612,158,11024
2026/04/27,06:30,11402,0,4944,1882,0,144,0,1394,2,618,0,188,0,36,0,446,0,1588,160,11402
2026/04/27,07:00,11956,0,4940,1890,0,144,0,1418,2,604,0,420,0,34,0,470,2,1860,172,11956
2026/04/27,07:30,12582,0,5200,1880,0,144,0,1472,2,612,0,840,0,40,0,492,2,1726,172,12582
2026/04/27,08:00,13612,0,5210,1892,0,152,0,1500,2,608,0,1256,0,50,0,996,6,1762,178,13612
2026/04/27,08:30,14500,0,4986,1880,0,150,0,1516,0,608,0,1918,0,84,0,1078,6,2094,180,14500
2026/04/27,09:00,15066,0,4910,1892,0,148,0,1540,2,602,0,3018,0,110,0,1076,4,1612,152,15066
2026/04/27,09:30,15350,0,5212,1880,0,158,0,1548,2,606,0,3914,0,138,0,354,4,1400,134,15350
2026/04/27,10:00,15228,0,4772,1892,0,148,0,1526,2,596,0,4390,0,138,0,42,2,1590,130,15228
2026/04/27,10:30,15362,0,3916,1878,0,136,0,1522,2,602,0,5498,0,150,0,2,0,1520,136,15362
2026/04/27,11:00,15240,0,3884,1892,0,120,0,1430,2,600,0,5944,0,168,0,-86,14,1140,132,15240
2026/04/27,11:30,15300,0,3278,1840,0,120,0,1406,2,612,0,6690,0,188,0,-226,0,1262,128,15300
2026/04/27,12:00,14368,0,2288,1852,0,120,0,1422,2,600,0,6726,0,198,0,-760,2,1794,124,14368
2026/04/27,12:30,14178,0,2536,1858,0,122,0,1412,2,604,0,6546,0,196,0,-956,2,1732,124,14178
2026/04/27,13:00,14884,0,2320,1892,0,118,0,1428,2,608,0,6722,0,212,0,72,4,1380,126,14884
2026/04/27,13:30,14912,0,2050,1878,0,124,0,1452,2,608,0,6796,0,218,0,130,0,1534,120,14912
2026/04/27,14:00,15042,0,2178,1892,0,118,0,1392,0,602,0,6978,0,226,0,36,2,1492,126,15042
2026/04/27,14:30,14718,0,2428,1814,0,120,0,1382,2,610,0,6506,0,218,0,-290,2,1830,96,14718
2026/04/27,15:00,14460,0,3156,1800,0,142,0,1420,2,602,0,5702,0,202,0,-458,4,1782,106,14460
2026/04/27,15:30,14568,0,3704,1866,0,152,0,1638,2,612,0,4840,0,204,0,-288,4,1730,104,14568
2026/04/27,16:00,14378,0,4144,1884,0,156,0,1710,2,608,0,3700,0,210,0,364,4,1488,108,14378
2026/04/27,16:30,14350,0,4990,1866,0,156,0,1744,2,616,0,2562,0,192,0,414,6,1700,102,14350
2026/04/27,17:00,13972,0,5390,1884,0,168,0,1942,2,614,0,1390,0,190,0,544,6,1736,106,13972
2026/04/27,17:30,13872,0,5402,1870,0,192,0,2028,2,616,0,478,0,194,0,606,18,2362,104,13872
2026/04/27,18:00,13942,0,5562,1884,0,196,0,2088,0,610,0,34,0,204,0,630,24,2568,142,13942
2026/04/27,18:30,14076,0,5948,1868,0,178,0,2100,2,616,0,0,0,186,0,698,32,2298,150,14076
2026/04/27,19:00,13802,0,5846,1880,0,164,0,2086,2,606,0,0,0,168,0,710,26,2164,150,13802
2026/04/27,19:30,13574,0,5550,1872,0,156,0,2072,2,614,0,0,0,164,0,688,26,2286,144,13574
2026/04/27,20:00,13352,0,5446,1880,0,148,0,1936,2,602,0,0,0,138,0,666,20,2368,146,13352
2026/04/27,20:30,13176,0,4968,1870,0,150,0,1898,2,610,0,0,0,144,0,322,14,3050,148,13176
2026/04/27,21:00,12896,0,5324,1884,0,150,0,1858,2,612,0,0,0,164,0,394,16,2346,146,12896
2026/04/27,21:30,12732,0,5388,1870,0,160,0,1860,0,618,0,0,0,160,0,344,6,2182,144,12732
2026/04/27,22:00,12516,0,5248,1878,0,154,0,1818,2,614,0,0,0,140,0,316,4,2198,144,12516
2026/04/27,22:30,12294,0,5010,1872,0,166,0,1780,2,620,0,0,0,114,0,274,4,2312,140,12294
2026/04/27,23:00,12226,0,4862,1878,0,164,0,1708,2,612,0,0,0,98,0,224,4,2528,146,12226
2026/04/27,23:30,11796,0,4640,1872,0,138,0,1692,2,622,0,0,0,58,0,110,2,2520,140,11796
2026/04/28,00:00,11468,0,4622,1832,0,148,0,1614,2,614,0,0,0,64,0,4,0,2438,130,11468
2026/04/28,00:30,11172,0,4126,1806,0,134,0,1592,2,622,0,0,0,38,0,2,4,2712,134,11172
2026/04/28,01:00,10940,0,3584,1820,0,128,0,1592,2,616,0,0,0,18,0,4,4,3036,136,10940
2026/04/28,01:30,10908,0,3488,1812,0,128,0,1594,0,618,0,0,0,6,0,2,2,3122,136,10908
2026/04/28,02:00,10912,0,3422,1814,0,126,0,1598,2,610,0,0,0,6,0,2,2,3216,114,10912
2026/04/28,02:30,11076,0,3552,1804,0,124,0,1596,2,620,0,0,0,10,0,4,4,3272,88,11076
2026/04/28,03:00,11248,0,3704,1814,0,128,0,1604,2,616,0,0,0,4,0,4,4,3280,88,11248
2026/04/28,03:30,11410,0,3990,1800,0,128,0,1610,2,622,0,0,0,6,0,6,0,3154,92,11410
2026/04/28,04:00,11606,0,4008,1814,0,136,0,1620,2,612,0,0,0,4,0,172,6,3140,92,11606
2026/04/28,04:30,11582,0,3984,1804,0,140,0,1604,2,624,0,0,0,4,0,178,8,3146,88,11582
2026/04/28,05:00,11700,0,4048,1814,0,134,0,1632,2,618,0,30,0,0,0,176,6,3154,86,11700
2026/04/28,05:30,11452,0,3564,1800,0,116,0,1616,0,614,0,344,0,2,0,110,0,3200,86,11452
2026/04/28,06:00,11460,0,3158,1810,0,110,0,1600,2,612,0,1004,0,0,0,-252,0,3324,92,11460
2026/04/28,06:30,11642,0,2948,1804,0,112,0,1544,2,614,0,2122,0,0,0,-856,2,3256,94,11642
2026/04/28,07:00,12112,0,3146,1818,0,110,0,1424,2,610,0,3456,0,2,0,-1100,4,2544,96,12112
2026/04/28,07:30,12470,0,2724,1800,0,114,0,1300,2,610,0,4718,0,0,0,-1058,0,2164,96,12470
2026/04/28,08:00,13276,0,2874,1814,0,116,0,1272,2,606,0,6058,0,2,0,-1076,4,1510,94,13276
2026/04/28,08:30,14158,0,2526,1804,0,114,0,1276,2,610,0,7156,0,4,0,-1378,2,1946,96,14158
2026/04/28,09:00,14578,0,2930,1810,0,114,0,1276,2,592,0,7946,0,2,0,-1038,4,842,98,14578
2026/04/28,09:30,14804,0,2438,1804,0,114,0,1282,2,606,0,8476,0,2,0,-1040,2,1020,98,14804
2026/04/28,10:00,14830,0,2360,1810,0,114,0,1276,2,594,0,8824,0,4,0,-1430,4,1186,86,14830
2026/04/28,10:30,14944,0,2152,1734,0,112,0,1260,2,602,0,9158,0,6,0,-1790,2,1628,78,14944
2026/04/28,11:00,15096,0,2546,1518,0,114,0,1248,0,596,0,9650,0,10,0,-2248,4,1590,68,15096
2026/04/28,11:30,14900,0,2804,1448,0,112,0,1234,2,600,0,9566,0,14,0,-2488,2,1536,70,14900
2026/04/28,12:00,14048,0,2626,1356,0,114,0,1192,2,600,0,9410,0,24,0,-2832,2,1490,64,14048
2026/04/28,12:30,14060,0,3184,1402,0,112,0,1162,2,604,0,8944,0,32,0,-2930,0,1486,62,14060
2026/04/28,13:00,14684,0,3342,1496,0,112,0,1208,2,600,0,8152,0,30,0,-1864,2,1540,64,14684
2026/04/28,13:30,14822,0,3458,1484,0,112,0,1218,2,604,0,7638,0,40,0,-886,0,1088,64,14822
2026/04/28,14:00,14674,0,2936,1500,0,116,0,1272,2,596,0,7134,0,38,0,-258,0,1274,64,14674
2026/04/28,14:30,14542,0,3450,1488,0,114,0,1326,0,602,0,6618,0,22,0,-250,2,1102,68,14542
2026/04/28,15:00,14232,0,3732,1500,0,114,0,1486,2,600,0,5552,0,10,0,-250,4,1378,104,14232
2026/04/28,15:30,14292,0,4838,1582,0,118,0,1494,2,604,0,4386,0,6,0,-64,4,1220,102,14292
2026/04/28,16:00,14286,0,5728,1778,0,122,0,1560,2,606,0,3444,0,6,0,336,2,584,118,14286
2026/04/28,16:30,13980,0,5312,1798,0,128,0,1690,2,610,0,2242,0,4,0,726,8,1346,114,13980
2026/04/28,17:00,13458,0,5738,1814,0,130,0,1832,2,610,0,1076,0,2,0,736,12,1384,122,13458
2026/04/28,17:30,13402,0,5718,1804,0,146,0,1950,2,614,0,394,0,6,0,642,30,1976,120,13402
2026/04/28,18:00,13386,0,6066,1814,0,148,0,2026,0,604,0,36,0,28,0,654,32,1858,120,13386
2026/04/28,18:30,13532,0,6098,1800,0,146,0,2044,2,610,0,0,0,8,0,654,28,2018,124,13532
2026/04/28,19:00,13330,0,5930,1814,0,146,0,2030,2,606,0,0,0,8,0,668,16,1988,122,13330
2026/04/28,19:30,13106,0,5820,1802,0,148,0,1998,2,612,0,0,0,8,0,512,20,2062,122,13106
2026/04/28,20:00,12898,0,5924,1814,0,148,0,1842,2,610,0,0,0,12,0,476,18,1932,120,12898
2026/04/28,20:30,12730,0,5556,1798,0,150,0,1804,2,616,0,0,0,12,0,500,18,2150,124,12730
2026/04/28,21:00,12414,0,5774,1814,0,146,0,1778,2,610,0,0,0,10,0,550,14,1594,122,12414
2026/04/28,21:30,12230,0,5888,1804,0,150,0,1774,0,620,0,0,0,20,0,506,6,1356,106,12230
2026/04/28,22:00,12078,0,5880,1810,0,142,0,1680,2,610,0,0,0,22,0,498,6,1330,98,12078
2026/04/28,22:30,11686,0,5420,1802,0,144,0,1692,2,614,0,0,0,32,0,458,2,1422,98,11686
2026/04/28,23:00,11634,0,5560,1812,0,142,0,1644,2,610,0,0,0,28,0,426,2,1312,96,11634
2026/04/28,23:30,11218,0,4516,1812,0,144,0,1624,2,614,0,0,0,32,0,442,2,1932,98,11218
2026/04/29,00:00,11008,0,5152,1808,0,130,0,1522,2,610,0,0,0,28,0,426,2,1240,88,11008
2026/04/29,00:30,10520,0,4622,1802,0,128,0,1512,2,616,0,0,0,38,0,480,4,1234,82,10520
2026/04/29,01:00,10332,0,3710,1814,0,128,0,1508,0,614,0,0,0,32,0,552,2,1888,84,10332
2026/04/29,01:30,10212,0,3264,1802,0,130,0,1498,2,616,0,0,0,48,0,550,2,2214,86,10212
2026/04/29,02:00,10174,0,3126,1810,0,126,0,1520,2,610,0,0,0,52,0,526,0,2310,92,10174
2026/04/29,02:30,10380,0,3360,1804,0,140,0,1526,2,618,0,0,0,54,0,522,4,2260,90,10380
2026/04/29,03:00,10432,0,3238,1814,0,144,0,1592,2,612,0,0,0,68,0,522,4,2344,92,10432
2026/04/29,03:30,10558,0,3360,1798,0,146,0,1614,2,620,0,0,0,88,0,554,12,2276,88,10558
2026/04/29,04:00,10542,0,3402,1814,0,142,0,1606,2,612,0,0,0,84,0,286,14,2488,92,10542
2026/04/29,04:30,10522,0,3656,1804,0,144,0,1606,2,620,0,0,0,82,0,214,16,2288,90,10522
2026/04/29,05:00,10482,0,3608,1814,0,146,0,1626,0,612,0,14,0,60,0,326,12,2178,86,10482
2026/04/29,05:30,10000,0,3166,1804,0,128,0,1654,2,616,0,132,0,76,0,472,10,1856,84,10000
2026/04/29,06:00,9870,0,2860,1812,0,130,0,1628,2,606,0,560,0,82,0,450,0,1668,72,9870
2026/04/29,06:30,9632,0,2342,1800,0,128,0,1568,2,618,0,1162,0,90,0,258,0,1596,68,9632
2026/04/29,07:00,9828,0,2300,1814,0,126,0,1494,2,608,0,1846,0,76,0,-102,0,1600,64,9828
2026/04/29,07:30,10188,0,2644,1800,0,128,0,1522,2,618,0,2124,0,84,0,-306,2,1502,68,10188
2026/04/29,08:00,10516,0,2570,1816,0,128,0,1400,2,604,0,2810,0,80,0,-486,4,1524,64,10516
2026/04/29,08:30,10910,0,2710,1800,0,124,0,1422,0,618,0,3398,0,74,0,-550,2,1248,64,10910
2026/04/29,09:00,11060,0,2350,1814,0,122,0,1242,2,608,0,4000,0,86,0,-680,2,1454,60,11060
2026/04/29,09:30,11262,0,2830,1804,0,124,0,1234,2,614,0,4232,0,102,0,-792,6,1046,60,11262
2026/04/29,10:00,11144,0,2952,1814,0,120,0,1220,2,610,0,4240,0,104,0,-554,4,568,64,11144
2026/04/29,10:30,11318,0,2748,1804,0,120,0,1212,2,618,0,4378,0,92,0,-122,4,400,62,11318
2026/04/29,11:00,11254,0,2570,1810,0,120,0,1208,2,610,0,4304,0,92,0,4,2,430,102,11254
2026/04/29,11:30,11320,0,2584,1802,0,118,0,1200,2,620,0,4350,0,106,0,-192,4,624,102,11320
2026/04/29,12:00,11134,0,2334,1814,0,114,0,1212,2,610,0,4656,0,118,0,-502,4,664,108,11134
2026/04/29,12:30,10976,0,2142,1800,0,108,0,1210,2,616,0,4616,0,126,0,-600,2,848,106,10976
2026/04/29,13:00,11258,0,2790,1810,0,110,0,1290,2,610,0,4246,0,132,0,-594,4,782,76,11258
2026/04/29,13:30,11056,0,2604,1802,0,122,0,1314,2,618,0,3822,0,144,0,-230,4,784,70,11056
2026/04/29,14:00,11138,0,2624,1806,0,124,0,1320,2,612,0,3386,0,158,0,-136,8,1154,80,11138
2026/04/29,14:30,11000,0,2668,1772,0,128,0,1332,0,618,0,2960,0,160,0,0,6,1270,86,11000
2026/04/29,15:00,10852,0,3146,1654,0,124,0,1336,2,610,0,2338,0,152,0,-90,4,1458,118,10852
2026/04/29,15:30,10848,0,3616,1768,0,122,0,1460,2,618,0,1760,0,134,0,-86,6,1330,118,10848
2026/04/29,16:00,10920,0,4264,1814,0,126,0,1560,2,614,0,1270,0,136,0,328,4,640,162,10920
2026/04/29,16:30,11110,0,4794,1804,0,126,0,1594,2,618,0,818,0,130,0,628,6,436,154,11110
2026/04/29,17:00,11094,0,4798,1810,0,140,0,1666,2,614,0,410,0,128,0,774,20,564,168,11094
2026/04/29,17:30,11310,0,4800,1800,0,144,0,1692,2,616,0,150,0,122,0,382,28,1410,164,11310
2026/04/29,18:00,11570,0,4640,1816,0,142,0,1808,0,614,0,14,0,138,0,434,30,1768,166,11570
2026/04/29,18:30,11610,0,4918,1802,0,140,0,1852,2,618,0,0,0,134,0,390,28,1554,172,11610
2026/04/29,19:00,11576,0,4974,1814,0,146,0,1866,2,612,0,0,0,132,0,274,30,1592,134,11576
2026/04/29,19:30,11448,0,5010,1804,0,142,0,1862,2,622,0,0,0,148,0,224,22,1482,130,11448
2026/04/29,20:00,11244,0,4722,1814,0,144,0,1818,2,614,0,0,0,152,0,334,24,1490,130,11244
2026/04/29,20:30,11014,0,4706,1800,0,142,0,1790,2,620,0,0,0,150,0,442,24,1224,114,11014
2026/04/29,21:00,11048,0,4702,1814,0,144,0,1840,2,612,0,0,0,128,0,420,14,1256,116,11048
2026/04/29,21:30,10656,0,4576,1802,0,148,0,1762,2,620,0,0,0,106,0,418,2,1108,112,10656
2026/04/29,22:00,10442,0,4484,1810,0,128,0,1680,0,618,0,0,0,94,0,308,2,1202,116,10442
2026/04/29,22:30,10132,0,4082,1802,0,130,0,1550,2,620,0,0,0,64,0,300,2,1468,112,10132
2026/04/29,23:00,10034,0,3848,1808,0,128,0,1562,2,612,0,0,0,66,0,138,0,1750,120,10034
2026/04/29,23:30,9900,0,4058,1810,0,128,0,1564,2,620,0,0,0,70,0,-102,2,1632,116,9900
2026/04/30,00:00,9544,0,3844,1808,0,128,0,1492,2,618,0,0,0,74,0,-106,0,1586,98,9544
2026/04/30,00:30,9244,0,3688,1810,0,128,0,1488,2,618,0,0,0,58,0,-128,2,1474,104,9244
2026/04/30,01:00,9218,0,3380,1806,0,130,0,1490,0,618,0,0,0,70,0,-156,0,1774,106,9218
2026/04/30,01:30,9150,0,3394,1810,0,134,0,1468,2,622,0,0,0,86,0,-118,6,1634,112,9150
2026/04/30,02:00,9348,0,3414,1808,0,128,0,1498,2,622,0,0,0,88,0,130,4,1558,96,9348
2026/04/30,02:30,9488,0,3336,1804,0,130,0,1494,2,624,0,0,0,72,0,290,0,1664,72,9488
2026/04/30,03:00,9782,0,3374,1808,0,130,0,1520,2,620,0,0,0,64,0,226,4,1966,68,9782
2026/04/30,03:30,9874,0,3544,1810,0,128,0,1542,2,626,0,0,0,62,0,38,4,2050,68,9874
2026/04/30,04:00,10044,0,3596,1806,0,128,0,1564,2,618,0,0,0,48,0,144,6,2058,74,10044
2026/04/30,04:30,10094,0,3398,1808,0,130,0,1560,2,618,0,0,0,48,0,356,4,2094,76,10094
2026/04/30,05:00,10288,0,3418,1808,0,128,0,1574,2,614,0,10,0,36,0,330,8,2284,76,10288
2026/04/30,05:30,9932,0,3308,1808,0,128,0,1560,2,620,0,68,0,20,0,322,0,2020,76,9932
2026/04/30,06:00,10146,0,3512,1806,0,128,0,1572,2,614,0,210,0,8,0,438,2,1776,78,10146
2026/04/30,06:30,10106,0,3238,1808,0,128,0,1538,2,620,0,450,0,12,0,322,2,1916,70,10106
2026/04/30,07:00,10272,0,3342,1808,0,116,0,1542,0,618,0,720,0,10,0,228,4,1808,76,10272
2026/04/30,07:30,10650,0,3252,1806,0,108,0,1532,2,616,0,1132,0,10,0,380,4,1732,76,10650
2026/04/30,08:00,11454,0,3714,1808,0,106,0,1574,2,614,0,1458,0,10,0,946,6,1100,116,11454
2026/04/30,08:30,11722,0,3720,1806,0,118,0,1592,2,618,0,1650,0,22,0,834,6,1240,114,11722
2026/04/30,09:00,12350,0,4260,1810,0,122,0,1522,2,612,0,1682,0,30,0,962,8,1220,120,12350
2026/04/30,09:30,12270,0,4020,1806,0,122,0,1522,2,614,0,1882,0,36,0,856,4,1290,116,12270
2026/04/30,10:00,12534,0,4302,1808,0,120,0,1432,2,608,0,2026,0,48,0,944,8,1118,118,12534
2026/04/30,10:30,12336,0,4218,1810,0,106,0,1418,2,618,0,2116,0,70,0,940,6,916,116,12336
2026/04/30,11:00,12564,0,4218,1808,0,104,0,1410,0,596,0,2368,0,68,0,946,4,960,82,12564
2026/04/30,11:30,12216,0,4170,1808,0,106,0,1372,2,572,0,2474,0,84,0,650,2,898,78,12216
2026/04/30,12:00,11966,0,3788,1802,0,108,0,1390,2,556,0,2594,0,112,0,260,2,1274,78,11966
2026/04/30,12:30,11738,0,4026,1810,0,106,0,1400,2,562,0,2406,0,124,0,30,0,1196,76,11738
2026/04/30,13:00,12230,0,4572,1804,0,120,0,1462,2,550,0,1942,0,126,0,452,4,1128,68,12230
2026/04/30,13:30,12284,0,4500,1808,0,122,0,1448,2,556,0,1648,0,126,0,474,2,1522,76,12284
2026/04/30,14:00,12334,0,5074,1808,0,124,0,1510,2,554,0,1360,0,118,0,362,2,1344,76,12334
2026/04/30,14:30,12340,0,5404,1810,0,122,0,1504,2,544,0,1216,0,128,0,366,2,1166,76,12340
2026/04/30,15:00,12212,0,5466,1806,0,124,0,1590,0,556,0,1082,0,136,0,370,8,954,120,12212
2026/04/30,15:30,12218,0,5498,1812,0,126,0,1614,2,574,0,848,0,140,0,384,8,1094,118,12218
2026/04/30,16:00,12378,0,5554,1806,0,126,0,1686,2,584,0,508,0,150,0,614,6,1182,160,12378
2026/04/30,16:30,12414,0,5666,1808,0,128,0,1726,2,594,0,268,0,172,0,834,6,1044,166,12414
2026/04/30,17:00,12336,0,5386,1806,0,114,0,1870,2,600,0,116,0,176,0,824,2,1272,168,12336
2026/04/30,17:30,12290,0,5462,1808,0,112,0,1898,2,606,0,46,0,174,0,924,24,1070,164,12290
2026/04/30,18:00,12496,0,5426,1806,0,112,0,1898,2,590,0,8,0,186,0,1164,30,1106,168,12496
2026/04/30,18:30,12448,0,5340,1812,0,114,0,1890,0,606,0,0,0,202,0,1172,26,1116,170,12448
2026/04/30,19:00,12296,0,5194,1806,0,118,0,1866,2,594,0,0,0,194,0,986,24,1362,150,12296
2026/04/30,19:30,11850,0,5140,1808,0,116,0,1838,2,600,0,0,0,200,0,844,28,1126,148,11850
2026/04/30,20:00,11684,0,5180,1806,0,118,0,1766,2,596,0,0,0,212,0,560,16,1314,114,11684
2026/04/30,20:30,11560,0,5204,1806,0,118,0,1736,2,598,0,0,0,234,0,262,14,1474,112,11560
2026/04/30,21:00,11368,0,5254,1808,0,118,0,1684,2,594,0,0,0,242,0,176,14,1362,114,11368
2026/04/30,21:30,11074,0,5078,1806,0,116,0,1672,2,598,0,0,0,252,0,30,0,1408,112,11074
2026/04/30,22:00,10738,0,4790,1756,0,114,0,1600,0,590,0,0,0,264,0,-84,6,1588,114,10738
2026/04/30,22:30,10460,0,4670,1758,0,118,0,1586,2,604,0,0,0,272,0,-62,6,1392,114,10460
2026/04/30,23:00,10316,0,4292,1756,0,116,0,1576,2,596,0,0,0,268,0,2,4,1592,112,10316
2026/04/30,23:30,10058,0,3990,1758,0,114,0,1568,2,600,0,0,0,256,0,4,2,1654,110,10058
