単位[MW平均],,,供給力,,,,,,,,,,,,,,,,,,
DATE,TIME,エリア需要,原子力,火力(LNG),火力(石炭),火力(石油),火力(その他),火力出力制御量,水力,地熱,バイオマス,バイオマス出力制御量,太陽光発電実績,太陽光出力制御量,風力発電実績,風力出力制御量,揚水,蓄電池,連系線,その他,合計
2026/06/01,00:00,9900,0,4922,2096,0,244,0,1248,2,394,0,0,0,6,0,12,0,902,74,9900
2026/06/01,00:30,9576,0,4776,2092,0,242,0,1218,2,394,0,0,0,10,0,10,6,764,62,9576
2026/06/01,01:00,9326,0,4268,2098,0,230,0,1208,2,380,0,0,0,6,0,18,2,1060,54,9326
2026/06/01,01:30,9186,0,4144,2092,0,230,0,1188,2,390,0,0,0,6,0,14,2,1064,54,9186
2026/06/01,02:00,9180,0,3798,2098,0,230,0,1196,2,388,0,0,0,6,0,18,0,1388,56,9180
2026/06/01,02:30,9410,0,3804,2090,0,230,0,1182,2,404,0,0,0,10,0,14,0,1620,54,9410
2026/06/01,03:00,9612,0,3650,2098,0,230,0,1240,2,406,0,0,0,8,0,22,4,1892,60,9612
2026/06/01,03:30,9880,0,3948,2092,0,238,0,1228,0,424,0,0,0,14,0,26,2,1852,56,9880
2026/06/01,04:00,9978,0,4172,2096,0,236,0,1240,2,422,0,0,0,6,0,82,4,1656,62,9978
2026/06/01,04:30,10224,0,4050,2092,0,244,0,1240,2,434,0,14,0,8,0,32,6,2040,62,10224
2026/06/01,05:00,10338,0,4468,2098,0,248,0,1060,0,434,0,180,0,4,0,34,2,1744,66,10338
2026/06/01,05:30,10356,0,3952,2056,0,270,0,994,2,442,0,752,0,6,0,-220,4,2038,60,10356
2026/06/01,06:00,10790,0,4500,2098,0,284,0,1010,2,414,0,1714,0,6,0,-460,6,1176,40,10790
2026/06/01,06:30,11164,0,3684,2026,0,266,0,970,2,404,0,2906,0,6,0,-482,2,1340,40,11164
2026/06/01,07:00,12064,0,3928,1892,0,256,0,874,2,382,0,4222,0,2,0,-476,2,942,38,12064
2026/06/01,07:30,12978,0,3484,1848,0,232,0,864,0,386,0,5454,0,4,0,-488,2,1154,38,12978
2026/06/01,08:00,14328,0,3488,1966,0,238,0,896,2,378,0,6616,0,6,0,-272,2,966,42,14328
2026/06/01,08:30,15620,0,3652,1958,0,262,0,892,2,382,0,7534,0,8,0,-96,2,984,40,15620
2026/06/01,09:00,16672,0,3660,1990,0,234,0,940,2,374,0,8346,3,12,0,4,2,1068,40,16672
2026/06/01,09:30,17230,0,3946,1934,0,242,0,976,2,376,0,8906,3,14,0,2,2,790,40,17230
2026/06/01,10:00,17260,0,4096,1956,0,254,0,1010,0,378,0,9270,5,24,0,4,2,222,44,17260
2026/06/01,10:30,17628,0,4426,1978,0,256,0,1006,2,380,0,9562,5,24,0,2,4,-54,42,17628
2026/06/01,11:00,17762,0,4184,2100,0,246,0,1000,2,374,0,9578,0,28,0,4,2,170,74,17762
2026/06/01,11:30,17728,0,4188,2084,0,250,0,1026,2,382,0,9298,0,30,0,2,2,392,72,17728
2026/06/01,12:00,16960,0,3428,1988,0,258,0,982,2,380,0,9122,1,32,0,-408,0,1094,82,16960
2026/06/01,12:30,17068,0,4202,1942,0,252,0,968,0,380,0,8842,1,36,0,-706,2,1044,106,17068
2026/06/01,13:00,17772,0,4782,2102,0,242,0,1030,2,376,0,8718,4,46,0,-48,4,436,82,17772
2026/06/01,13:30,18102,0,5096,2082,0,252,0,1102,0,382,0,8618,4,44,0,2,2,442,80,18102
2026/06/01,14:00,18284,0,5488,2104,0,254,0,1256,2,376,0,8154,0,56,0,4,0,506,84,18284
2026/06/01,14:30,18052,0,5322,2082,0,272,0,1284,2,378,0,7538,0,68,0,2,4,1012,88,18052
2026/06/01,15:00,17932,0,5742,2102,0,266,0,1352,2,380,0,6736,0,70,0,58,2,1130,92,17932
2026/06/01,15:30,17850,0,6746,2084,0,266,0,1370,2,374,0,5706,0,80,0,314,14,806,88,17850
2026/06/01,16:00,17824,0,7630,2102,0,256,0,1414,0,368,0,4608,0,78,0,324,4,912,128,17824
2026/06/01,16:30,17400,0,8316,2084,0,270,0,1540,2,366,0,3296,0,80,0,462,14,842,128,17400
2026/06/01,17:00,16774,0,8128,2100,0,270,0,1718,2,372,0,2162,0,84,0,558,22,1224,134,16774
2026/06/01,17:30,16302,0,7806,2086,0,262,0,1754,2,376,0,1114,0,90,0,752,18,1912,130,16302
2026/06/01,18:00,15914,0,8090,2102,0,274,0,1752,2,372,0,378,0,90,0,818,16,1884,136,15914
2026/06/01,18:30,15732,0,7858,2086,0,282,0,1774,0,380,0,70,0,62,0,556,16,2516,132,15732
2026/06/01,19:00,15602,0,8118,2100,0,280,0,1842,2,376,0,0,0,58,0,530,14,2146,136,15602
2026/06/01,19:30,15118,0,7784,2082,0,258,0,1826,2,380,0,0,0,56,0,918,12,1662,138,15118
2026/06/01,20:00,14864,0,7390,2102,0,254,0,1642,2,376,0,0,0,60,0,836,10,2062,130,14864
2026/06/01,20:30,14572,0,7202,2086,0,268,0,1566,2,380,0,0,0,62,0,872,12,2008,114,14572
2026/06/01,21:00,14276,0,7046,2100,0,252,0,1532,2,376,0,0,0,66,0,674,6,2108,114,14276
2026/06/01,21:30,14066,0,6622,2084,0,256,0,1432,0,384,0,0,0,80,0,448,0,2644,116,14066
2026/06/01,22:00,13928,0,6738,2102,0,252,0,1384,2,382,0,0,0,96,0,112,0,2772,88,13928
2026/06/01,22:30,13664,0,6884,2084,0,242,0,1380,2,384,0,0,0,110,0,174,2,2326,76,13664
2026/06/01,23:00,13652,0,6802,2102,0,244,0,1304,2,386,0,0,0,88,0,86,2,2558,78,13652
2026/06/01,23:30,13294,0,6196,2092,0,246,0,1314,2,386,0,0,0,64,0,2,0,2912,80,13294
2026/06/02,00:00,12750,0,6986,2092,0,244,0,1438,2,386,0,0,0,58,0,4,0,1470,70,12750
2026/06/02,00:30,12546,0,6962,2086,0,230,0,1404,2,388,0,0,0,50,0,20,0,1328,76,12546
2026/06/02,01:00,12112,0,6460,2100,0,228,0,1376,0,382,0,0,0,26,0,-14,0,1476,78,12112
2026/06/02,01:30,11968,0,6994,2088,0,230,0,1366,2,386,0,0,0,14,0,-366,0,1176,78,11968
2026/06/02,02:00,11916,0,7078,2100,0,230,0,1372,2,384,0,0,0,8,0,-642,0,1302,82,11916
2026/06/02,02:30,11930,0,7256,2084,0,230,0,1360,2,390,0,0,0,6,0,-764,0,1322,44,11930
2026/06/02,03:00,12022,0,7238,2100,0,228,0,1368,2,380,0,0,0,6,0,-764,0,1420,44,12022
2026/06/02,03:30,12188,0,6942,2086,0,232,0,1358,0,388,0,0,0,12,0,-688,2,1816,40,12188
2026/06/02,04:00,12166,0,6406,2100,0,228,0,1380,2,380,0,0,0,20,0,-210,2,1810,48,12166
2026/06/02,04:30,12110,0,6176,2086,0,230,0,1398,2,388,0,8,0,18,0,48,0,1718,38,12110
2026/06/02,05:00,12232,0,6246,2100,0,228,0,1394,2,380,0,60,0,38,0,64,6,1674,40,12232
2026/06/02,05:30,12116,0,6070,2084,0,228,0,1380,2,386,0,162,0,72,0,66,0,1630,36,12116
2026/06/02,06:00,12438,0,6922,2102,0,230,0,1388,2,380,0,322,0,86,0,68,2,894,42,12438
2026/06/02,06:30,12638,0,6932,2090,0,228,0,1380,2,386,0,552,0,102,0,66,2,860,38,12638
2026/06/02,07:00,13422,0,7502,2100,0,244,0,1404,0,386,0,822,0,110,0,68,6,738,42,13422
2026/06/02,07:30,13944,0,7484,2090,0,242,0,1408,2,404,0,1002,0,110,0,54,2,1108,38,13944
2026/06/02,08:00,15212,0,7642,2102,0,248,0,1484,2,404,0,1262,0,112,0,50,4,1858,44,15212
2026/06/02,08:30,16182,0,8342,2084,0,246,0,1548,2,412,0,1598,0,106,0,48,2,1750,44,16182
2026/06/02,09:00,17050,0,8216,2100,0,244,0,1606,2,410,0,1986,0,108,0,48,10,2214,106,17050
2026/06/02,09:30,17214,0,8560,2084,0,246,0,1620,2,410,0,2326,0,96,0,48,8,1696,118,17214
2026/06/02,10:00,17264,0,8380,2102,0,246,0,1670,0,414,0,2512,0,110,0,50,12,1652,116,17264
2026/06/02,10:30,17194,0,8406,2084,0,246,0,1640,2,424,0,2394,0,102,0,190,4,1582,120,17194
2026/06/02,11:00,17268,0,8898,2100,0,246,0,1594,2,420,0,2310,0,98,0,208,14,1256,122,17268
2026/06/02,11:30,17286,0,8802,2084,0,246,0,1528,2,426,0,2272,0,104,0,270,2,1426,124,17286
2026/06/02,12:00,16316,0,7974,2102,0,248,0,1516,2,426,0,1982,0,122,0,246,2,1612,84,16316
2026/06/02,12:30,15988,0,7550,2084,0,246,0,1504,2,430,0,1872,0,122,0,48,4,2034,92,15988
2026/06/02,13:00,16956,0,9168,2104,0,246,0,1592,0,422,0,1734,0,120,0,274,8,1194,94,16956
2026/06/02,13:30,17058,0,9708,2084,0,250,0,1608,2,432,0,1542,0,114,0,900,6,338,74,17058
2026/06/02,14:00,17080,0,9708,2102,0,246,0,1664,0,422,0,1346,0,108,0,784,4,602,94,17080
2026/06/02,14:30,16946,0,8880,2084,0,246,0,1708,2,430,0,1202,0,112,0,348,4,1820,110,16946
2026/06/02,15:00,16742,0,9316,2100,0,244,0,1782,2,420,0,824,0,122,0,266,8,1548,110,16742
2026/06/02,15:30,16672,0,9670,2086,0,244,0,1774,2,414,0,598,0,132,0,656,12,982,102,16672
2026/06/02,16:00,16614,0,9546,2100,0,246,0,1864,2,402,0,438,0,134,0,1082,14,682,104,16614
2026/06/02,16:30,16234,0,9234,2086,0,248,0,1880,2,402,0,300,0,144,0,1242,12,584,100,16234
2026/06/02,17:00,15742,0,8636,2100,0,250,0,1856,0,386,0,134,0,158,0,1118,8,1018,78,15742
2026/06/02,17:30,15562,0,8658,2084,0,252,0,1814,2,386,0,56,0,188,0,1316,12,708,86,15562
2026/06/02,18:00,15418,0,8276,2102,0,248,0,1844,2,368,0,18,0,194,0,1160,12,1102,92,15418
2026/06/02,18:30,15286,0,8076,2082,0,250,0,1864,2,360,0,10,0,206,0,824,18,1500,94,15286
2026/06/02,19:00,14928,0,7942,2102,0,252,0,1792,2,358,0,0,0,212,0,788,6,1376,98,14928
2026/06/02,19:30,14524,0,7408,2086,0,252,0,1776,2,380,0,0,0,224,0,596,6,1696,98,14524
2026/06/02,20:00,14254,0,6900,2100,0,246,0,1804,0,384,0,0,0,222,0,476,4,2020,98,14254
2026/06/02,20:30,14028,0,6718,2086,0,232,0,1790,2,406,0,0,0,230,0,406,4,2056,98,14028
2026/06/02,21:00,13802,0,6840,2100,0,230,0,1802,2,406,0,0,0,236,0,66,0,2020,100,13802
2026/06/02,21:30,13560,0,6622,2084,0,230,0,1788,2,424,0,0,0,240,0,2,2,2068,98,13560
2026/06/02,22:00,13564,0,6304,2096,0,222,0,1796,2,422,0,0,0,242,0,4,0,2372,104,13564
2026/06/02,22:30,13366,0,6786,2086,0,224,0,1784,2,428,0,0,0,238,0,118,2,1602,96,13366
2026/06/02,23:00,13126,0,6580,2100,0,226,0,1780,2,422,0,0,0,246,0,176,6,1488,100,13126
2026/06/02,23:30,12726,0,6302,2088,0,226,0,1744,0,428,0,0,0,222,0,82,2,1534,98,12726
2026/06/03,00:00,12334,0,5380,2096,0,228,0,1728,2,420,0,0,0,222,0,28,2,2128,100,12334
2026/06/03,00:30,11928,0,4508,2088,0,226,0,1708,2,430,0,0,0,228,0,68,0,2564,106,11928
2026/06/03,01:00,11710,0,4850,2100,0,228,0,1726,2,420,0,0,0,184,0,70,2,2024,104,11710
2026/06/03,01:30,11490,0,4990,2086,0,224,0,1710,2,420,0,0,0,136,0,66,0,1748,108,11490
2026/06/03,02:00,11540,0,5022,2098,0,226,0,1702,0,412,0,0,0,114,0,70,0,1782,114,11540
2026/06/03,02:30,11472,0,5090,2086,0,226,0,1704,2,410,0,0,0,92,0,66,0,1682,114,11472
2026/06/03,03:00,11724,0,5388,2100,0,224,0,1714,2,402,0,0,0,64,0,70,2,1636,122,11724
2026/06/03,03:30,11840,0,5312,2084,0,228,0,1728,2,406,0,0,0,64,0,66,4,1826,120,11840
2026/06/03,04:00,11920,0,5314,2102,0,224,0,1726,2,400,0,0,0,80,0,68,0,1876,128,11920
2026/06/03,04:30,12056,0,5294,2086,0,224,0,1716,2,406,0,0,0,82,0,64,0,2042,140,12056
2026/06/03,05:00,12082,0,5202,2100,0,222,0,1716,2,402,0,12,0,78,0,68,0,2140,140,12082
2026/06/03,05:30,12066,0,5298,2086,0,224,0,1714,0,406,0,14,0,72,0,66,0,2028,158,12066
2026/06/03,06:00,11986,0,5098,2102,0,224,0,1682,2,398,0,22,0,74,0,66,2,2152,164,11986
2026/06/03,06:30,12282,0,5440,2084,0,236,0,1670,0,406,0,34,0,82,0,64,2,2122,142,12282
2026/06/03,07:00,12762,0,6394,2100,0,240,0,1724,2,396,0,68,0,72,0,68,2,1568,128,12762
2026/06/03,07:30,13388,0,7058,2086,0,238,0,1770,2,406,0,130,0,68,0,46,2,1476,106,13388
2026/06/03,08:00,14346,0,7774,2100,0,242,0,1806,2,398,0,238,0,56,0,104,6,1506,114,14346
2026/06/03,08:30,15200,0,7976,2090,0,242,0,1776,2,404,0,472,0,60,0,88,10,1966,114,15200
2026/06/03,09:00,15668,0,8258,2100,0,224,0,1802,2,396,0,658,0,72,0,154,22,1866,114,15668
2026/06/03,09:30,16006,0,7644,2086,0,228,0,1806,0,400,0,1248,0,96,0,152,18,2212,116,16006
2026/06/03,10:00,15940,0,7860,2100,0,244,0,1816,2,398,0,1716,0,178,0,152,18,1344,112,15940
2026/06/03,10:30,16070,0,7266,2086,0,242,0,1812,2,402,0,2282,0,184,0,156,16,1508,114,16070
2026/06/03,11:00,16066,0,5732,2080,0,244,0,1804,2,400,0,3584,0,186,0,-24,0,1944,114,16066
2026/06/03,11:30,16282,0,5304,1982,0,242,0,1816,2,404,0,5524,0,184,0,-426,2,1138,110,16282
2026/06/03,12:00,15656,0,4676,1746,0,228,0,1740,2,400,0,6898,0,216,0,-1606,2,1240,114,15656
2026/06/03,12:30,15610,0,4956,1676,0,228,0,1716,0,406,0,7002,0,224,0,-1666,4,954,110,15610
2026/06/03,13:00,16454,0,5260,1692,0,228,0,1722,2,396,0,7398,0,212,0,-1418,6,840,116,16454
2026/06/03,13:30,16944,0,5320,1698,0,220,0,1724,2,402,0,7946,0,216,0,-900,6,194,116,16944
2026/06/03,14:00,16894,0,5374,1818,0,224,0,1814,2,398,0,7710,0,232,0,-366,6,-472,154,16894
2026/06/03,14:30,17108,0,5458,1882,0,238,0,1822,2,398,0,7154,0,236,0,-158,2,-78,152,17108
2026/06/03,15:00,16922,0,5710,1996,0,240,0,1782,0,396,0,6240,0,228,0,12,2,162,154,16922
2026/06/03,15:30,17054,0,6004,2074,0,238,0,1720,2,402,0,5150,0,228,0,102,2,978,154,17054
2026/06/03,16:00,17028,0,6150,2092,0,240,0,1688,2,400,0,3958,0,174,0,188,4,1952,180,17028
2026/06/03,16:30,16574,0,6356,2078,0,244,0,1698,2,406,0,2782,0,194,0,206,4,2416,188,16574
2026/06/03,17:00,16124,0,6528,2088,0,240,0,1714,2,400,0,1556,0,200,0,258,4,2960,174,16124
2026/06/03,17:30,15700,0,6514,2078,0,246,0,1728,2,410,0,724,0,192,0,238,6,3422,140,15700
2026/06/03,18:00,15466,0,6402,2092,0,244,0,1710,2,400,0,226,0,220,0,442,12,3578,138,15466
2026/06/03,18:30,15546,0,6668,2070,0,242,0,1730,2,408,0,34,0,208,0,462,14,3576,132,15546
2026/06/03,19:00,15314,0,6418,2094,0,246,0,1792,2,404,0,0,0,202,0,244,8,3764,140,15314
2026/06/03,19:30,14954,0,6436,2074,0,246,0,1800,0,412,0,0,0,214,0,226,10,3398,138,14954
2026/06/03,20:00,14766,0,6330,2090,0,248,0,1768,2,406,0,0,0,198,0,206,6,3376,136,14766
2026/06/03,20:30,14474,0,5978,2074,0,248,0,1762,2,416,0,0,0,184,0,214,6,3454,136,14474
2026/06/03,21:00,14276,0,5652,2092,0,250,0,1748,0,402,0,0,0,176,0,208,6,3606,136,14276
2026/06/03,21:30,13876,0,5446,2074,0,230,0,1758,2,414,0,0,0,190,0,106,0,3526,130,13876
2026/06/03,22:00,13792,0,5466,2092,0,228,0,1774,2,404,0,0,0,200,0,98,2,3396,130,13792
2026/06/03,22:30,13352,0,4932,2076,0,242,0,1780,2,412,0,0,0,194,0,96,0,3502,116,13352
2026/06/03,23:00,13368,0,5348,2088,0,244,0,1802,2,406,0,0,0,192,0,126,0,3046,114,13368
2026/06/03,23:30,12994,0,4856,2082,0,246,0,1790,2,412,0,0,0,192,0,76,0,3228,110,12994
2026/06/04,00:00,12526,0,5702,2084,0,244,0,1790,2,408,0,0,0,190,0,4,0,1988,114,12526
2026/06/04,00:30,12190,0,5430,2076,0,228,0,1770,0,412,0,0,0,190,0,22,0,1948,114,12190
2026/06/04,01:00,12016,0,4876,2092,0,230,0,1770,2,406,0,0,0,180,0,10,0,2328,122,12016
2026/06/04,01:30,11776,0,4630,2076,0,228,0,1764,2,416,0,0,0,168,0,-112,0,2474,130,11776
2026/06/04,02:00,11750,0,4626,2092,0,230,0,1740,2,408,0,0,0,166,0,-134,2,2504,114,11750
2026/06/04,02:30,11822,0,5062,2072,0,226,0,1742,2,414,0,0,0,154,0,-36,0,2088,98,11822
2026/06/04,03:00,11932,0,5060,2094,0,240,0,1744,0,408,0,0,0,156,0,30,0,2104,96,11932
2026/06/04,03:30,12000,0,5418,2074,0,246,0,1732,2,412,0,0,0,150,0,32,2,1836,96,12000
2026/06/04,04:00,12040,0,5252,2092,0,244,0,1722,2,408,0,0,0,146,0,34,2,2058,80,12040
2026/06/04,04:30,12196,0,5320,2074,0,246,0,1726,2,416,0,10,0,118,0,32,0,2180,72,12196
2026/06/04,05:00,12144,0,5322,2088,0,246,0,1728,2,406,0,84,0,86,0,30,0,2082,70,12144
2026/06/04,05:30,12134,0,4678,2074,0,230,0,1708,0,408,0,350,0,62,0,30,0,2524,70,12134
2026/06/04,06:00,12164,0,4812,2090,0,228,0,1680,2,398,0,812,0,52,0,26,0,1994,70,12164
2026/06/04,06:30,12594,0,4504,2076,0,228,0,1678,2,402,0,1532,0,46,0,22,4,2030,70,12594
2026/06/04,07:00,13228,0,4856,2092,0,224,0,1684,2,402,0,2194,0,28,0,24,2,1654,66,13228
2026/06/04,07:30,13840,0,4792,2074,0,222,0,1682,2,410,0,2992,0,20,0,50,4,1524,68,13840
2026/06/04,08:00,15096,0,5496,2086,0,226,0,1720,0,400,0,3626,0,20,0,184,8,1260,70,15096
2026/06/04,08:30,15984,0,5714,2066,0,238,0,1734,2,408,0,3932,0,16,0,388,14,1400,72,15984
2026/06/04,09:00,16640,0,6044,2042,0,242,0,1782,0,406,0,3696,0,6,0,700,22,1588,112,16640
2026/06/04,09:30,17128,0,5648,2008,0,244,0,1770,0,408,0,4050,0,14,0,958,12,1902,114,17128
2026/06/04,10:00,17092,0,5960,2022,0,246,0,1792,0,408,0,3998,0,20,0,832,10,1688,116,17092
2026/06/04,10:30,17120,0,6018,2008,0,228,0,1792,0,410,0,3728,0,22,0,992,20,1788,114,17120
2026/06/04,11:00,17100,0,5540,2020,0,228,0,1762,0,408,0,4272,0,26,0,1016,12,1700,116,17100
2026/06/04,11:30,16970,0,5676,2004,0,226,0,1760,0,416,0,4506,0,28,0,834,14,1422,84,16970
2026/06/04,12:00,16224,0,5086,2022,0,228,0,1744,0,408,0,4188,0,26,0,146,6,2294,76,16224
2026/06/04,12:30,15980,0,5462,2006,0,230,0,1746,0,414,0,3942,0,30,0,178,8,1888,76,15980
2026/06/04,13:00,16760,0,6362,2024,0,244,0,1832,0,408,0,3256,0,44,0,1500,16,1002,72,16760
2026/06/04,13:30,17018,0,6678,2004,0,244,0,1896,0,414,0,2812,0,54,0,1986,8,838,84,17018
2026/06/04,14:00,17114,0,6908,2022,0,244,0,1948,0,406,0,2262,0,58,0,2394,20,712,140,17114
2026/06/04,14:30,16854,0,6824,2006,0,242,0,1962,0,412,0,1804,0,82,0,1924,6,1454,138,16854
2026/06/04,15:00,16682,0,7466,1980,0,244,0,2022,0,408,0,1558,0,84,0,1750,16,1018,136,16682
2026/06/04,15:30,16606,0,7384,1954,0,244,0,2040,0,420,0,1510,0,82,0,1508,12,1316,136,16606
2026/06/04,16:00,16344,0,7534,1974,0,242,0,2132,2,408,0,994,0,86,0,1578,14,1246,134,16344
2026/06/04,16:30,15984,0,7394,1954,0,242,0,2174,2,410,0,698,0,88,0,1466,10,1412,134,15984
2026/06/04,17:00,15550,0,7468,1974,0,246,0,2164,2,414,0,312,0,92,0,1600,8,1134,136,15550
2026/06/04,17:30,15466,0,7244,1960,0,246,0,2176,0,418,0,120,0,80,0,1394,12,1682,134,15466
2026/06/04,18:00,15374,0,7306,1966,0,244,0,2186,2,410,0,30,0,86,0,1288,16,1702,138,15374
2026/06/04,18:30,15204,0,6756,1960,0,248,0,2190,2,418,0,10,0,106,0,900,14,2468,132,15204
2026/06/04,19:00,14952,0,6884,1970,0,248,0,2128,2,410,0,0,0,126,0,324,12,2706,142,14952
2026/06/04,19:30,14556,0,6666,1958,0,248,0,2056,2,416,0,0,0,134,0,120,6,2810,140,14556
2026/06/04,20:00,14326,0,6774,1970,0,248,0,2008,2,412,0,0,0,128,0,118,6,2538,122,14326
2026/06/04,20:30,14120,0,6958,1994,0,248,0,1956,0,418,0,0,0,118,0,136,4,2166,122,14120
2026/06/04,21:00,13786,0,6652,2068,0,246,0,1906,2,412,0,0,0,96,0,144,2,2134,124,13786
2026/06/04,21:30,13576,0,6650,2206,0,262,0,1876,2,422,0,0,0,102,0,106,2,1828,120,13576
2026/06/04,22:00,13414,0,6736,2266,0,264,0,1874,2,412,0,0,0,88,0,4,0,1674,94,13414
2026/06/04,22:30,13114,0,6044,2250,0,268,0,1850,2,418,0,0,0,90,0,2,0,2102,88,13114
2026/06/04,23:00,13090,0,5800,2408,0,282,0,1804,2,412,0,0,0,96,0,4,2,2194,86,13090
2026/06/04,23:30,12762,0,5512,2494,0,290,0,1806,0,418,0,0,0,104,0,6,0,2046,86,12762
2026/06/05,00:00,12268,0,5224,2692,0,278,0,1600,2,412,0,0,0,128,0,50,0,1798,84,12268
2026/06/05,00:30,12000,0,4896,2710,0,288,0,1568,2,422,0,0,0,142,0,50,6,1832,84,12000
2026/06/05,01:00,11730,0,4834,2730,0,286,0,1638,2,410,0,0,0,150,0,54,4,1536,86,11730
2026/06/05,01:30,11492,0,4370,2714,0,308,0,1586,2,420,0,0,0,154,0,196,4,1648,90,11492
2026/06/05,02:00,11420,0,3978,2724,0,272,0,1568,0,414,0,0,0,152,0,64,8,2150,90,11420
2026/06/05,02:30,11612,0,3914,2716,0,276,0,1558,2,418,0,0,0,156,0,54,2,2426,90,11612
2026/06/05,03:00,11780,0,3856,2772,0,280,0,1564,2,412,0,0,0,166,0,52,2,2580,94,11780
2026/06/05,03:30,11824,0,3990,2762,0,290,0,1542,2,418,0,0,0,168,0,42,2,2536,72,11824
2026/06/05,04:00,12000,0,4120,2774,0,266,0,1556,2,414,0,0,0,156,0,46,2,2590,74,12000
2026/06/05,04:30,11962,0,4218,2758,0,284,0,1554,2,418,0,12,0,146,0,124,0,2370,76,11962
2026/06/05,05:00,11868,0,3850,2774,0,286,0,1540,0,412,0,86,0,130,0,184,0,2530,76,11868
2026/06/05,05:30,11786,0,3288,2754,0,308,0,1538,2,416,0,340,0,132,0,66,2,2860,80,11786
2026/06/05,06:00,11852,0,2990,2874,0,268,0,1570,2,404,0,754,0,152,0,-82,0,2858,62,11852
2026/06/05,06:30,12158,0,2880,2964,0,230,0,1564,2,404,0,1342,0,178,0,-374,2,2908,58,12158
2026/06/05,07:00,12696,0,3136,2980,0,262,0,1588,2,400,0,2146,0,186,0,-472,2,2406,60,12696
2026/06/05,07:30,13276,0,3250,2972,0,242,0,1548,2,408,0,2828,0,192,0,-470,0,2248,56,13276
2026/06/05,08:00,14412,0,3974,3028,0,236,0,1530,2,398,0,3320,0,186,0,-254,2,1928,62,14412
2026/06/05,08:30,15602,0,4254,3018,0,230,0,1542,0,402,0,4318,0,178,0,48,2,1546,64,15602
2026/06/05,09:00,16210,0,4172,3030,0,234,0,1558,2,408,0,5242,0,164,0,92,2,1208,98,16210
2026/06/05,09:30,16450,0,3974,3016,0,252,0,1532,2,412,0,5790,0,174,0,102,4,1094,98,16450
2026/06/05,10:00,16688,0,3948,3030,0,236,0,1486,2,406,0,6200,0,170,0,78,6,1022,104,16688
2026/06/05,10:30,16722,0,3688,3054,0,242,0,1446,2,404,0,6476,0,156,0,76,2,1076,100,16722
2026/06/05,11:00,16638,0,3722,3046,0,248,0,1424,0,406,0,6414,0,138,0,78,4,1054,104,16638
2026/06/05,11:30,16504,0,3510,3024,0,264,0,1394,2,412,0,6372,0,146,0,36,0,1252,92,16504
2026/06/05,12:00,15536,0,3330,3040,0,224,0,1374,2,410,0,6028,0,144,0,-348,2,1268,62,15536
2026/06/05,12:30,15314,0,3546,3028,0,224,0,1356,2,416,0,5506,0,134,0,-364,0,1404,62,15314
2026/06/05,13:00,16088,0,4662,3040,0,238,0,1398,2,408,0,5046,0,122,0,30,6,1078,58,16088
2026/06/05,13:30,16328,0,4612,3026,0,238,0,1470,2,412,0,4546,0,104,0,668,18,1162,70,16328
2026/06/05,14:00,16342,0,4720,3038,0,240,0,1566,0,410,0,4128,0,84,0,834,16,1206,100,16342
2026/06/05,14:30,16226,0,4730,3026,0,240,0,1648,2,412,0,3446,0,68,0,1018,20,1510,106,16226
2026/06/05,15:00,15892,0,4708,3044,0,246,0,1900,2,410,0,2860,0,60,0,1116,8,1392,146,15892
2026/06/05,15:30,15898,0,4956,3028,0,246,0,1978,0,418,0,2158,0,70,0,1460,22,1420,142,15898
2026/06/05,16:00,15826,0,5016,3038,0,240,0,2044,2,410,0,1690,0,80,0,1788,18,1344,156,15826
2026/06/05,16:30,15314,0,4926,3024,0,250,0,2078,2,414,0,1096,0,80,0,1610,16,1646,172,15314
2026/06/05,17:00,14860,0,4842,3044,0,244,0,2098,2,404,0,748,0,70,0,1314,16,1898,180,14860
2026/06/05,17:30,14746,0,5348,3022,0,246,0,2154,2,406,0,360,0,66,0,984,18,1962,178,14746
2026/06/05,18:00,14628,0,5374,3044,0,242,0,2168,0,404,0,116,0,82,0,374,18,2624,182,14628
2026/06/05,18:30,14562,0,5616,3020,0,248,0,2158,2,408,0,28,0,88,0,164,14,2636,180,14562
2026/06/05,19:00,14430,0,5974,3040,0,244,0,2142,2,408,0,0,0,90,0,162,8,2180,180,14430
2026/06/05,19:30,14198,0,5686,2974,0,244,0,2126,2,414,0,0,0,80,0,302,10,2174,186,14198
2026/06/05,20:00,14048,0,5802,2924,0,242,0,1982,2,410,0,0,0,82,0,210,6,2208,180,14048
2026/06/05,20:30,13706,0,5788,2862,0,258,0,1960,2,416,0,0,0,70,0,240,2,1922,186,13706
2026/06/05,21:00,13494,0,5554,2794,0,276,0,1720,2,406,0,0,0,68,0,192,2,2310,170,13494
2026/06/05,21:30,13228,0,5454,2798,0,270,0,1614,0,420,0,0,0,68,0,92,0,2358,154,13228
2026/06/05,22:00,13110,0,5452,2844,0,304,0,1656,2,408,0,0,0,58,0,134,2,2146,104,13110
2026/06/05,22:30,12784,0,5224,2834,0,292,0,1596,2,414,0,0,0,44,0,134,0,2154,90,12784
2026/06/05,23:00,12796,0,5430,2852,0,306,0,1556,2,410,0,0,0,42,0,132,2,1970,94,12796
2026/06/05,23:30,12480,0,5234,2838,0,308,0,1564,2,416,0,0,0,56,0,134,2,1832,94,12480
2026/06/06,00:00,12032,0,4776,2726,0,278,0,1494,2,410,0,0,0,56,0,42,2,2148,98,12032
2026/06/06,00:30,11766,0,4560,2436,0,282,0,1616,0,414,0,0,0,52,0,-248,0,2554,100,11766
2026/06/06,01:00,11504,0,4622,2226,0,296,0,1620,2,408,0,0,0,50,0,-660,2,2832,106,11504
2026/06/06,01:30,11364,0,4718,1896,0,270,0,1624,2,414,0,0,0,48,0,-678,2,2962,106,11364
2026/06/06,02:00,11134,0,4888,1452,0,274,0,1626,2,408,0,0,0,36,0,-720,0,3078,90,11134
2026/06/06,02:30,11342,0,5098,1390,0,262,0,1610,2,416,0,0,0,32,0,-706,2,3160,76,11342
2026/06/06,03:00,11344,0,5286,1280,0,278,0,1648,2,410,0,0,0,16,0,-386,6,2722,82,11344
2026/06/06,03:30,11484,0,5202,1120,0,304,0,1636,2,416,0,0,0,18,0,64,8,2634,80,11484
2026/06/06,04:00,11402,0,5306,1126,0,320,0,1632,0,408,0,0,0,12,0,128,12,2344,114,11402
2026/06/06,04:30,11316,0,5256,1124,0,298,0,1616,2,416,0,8,0,16,0,124,10,2338,108,11316
2026/06/06,05:00,11182,0,4756,1128,0,272,0,1648,2,410,0,74,0,22,0,-8,12,2760,106,11182
2026/06/06,05:30,10826,0,4208,1124,0,266,0,1622,2,414,0,304,0,30,0,-266,0,3018,104,10826
2026/06/06,06:00,10418,0,4396,1126,0,282,0,1568,2,410,0,706,0,14,0,-770,2,2578,104,10418
2026/06/06,06:30,10436,0,4220,1130,0,258,0,1530,2,414,0,1334,0,12,0,-990,2,2426,98,10436
2026/06/06,07:00,10534,0,3632,1124,0,274,0,1422,0,410,0,2064,0,18,0,-1124,4,2608,102,10534
2026/06/06,07:30,10872,0,3988,1122,0,280,0,1396,2,404,0,2722,0,12,0,-1240,4,2082,100,10872
2026/06/06,08:00,11166,0,4476,1126,0,268,0,1240,2,400,0,3300,0,10,0,-1252,6,1526,64,11166
2026/06/06,08:30,11454,0,4218,1126,0,246,0,1186,2,412,0,3666,0,16,0,-1110,8,1626,58,11454
2026/06/06,09:00,11794,0,3978,1124,0,222,0,1170,2,400,0,4182,0,20,0,-688,8,1320,56,11794
2026/06/06,09:30,11906,0,3530,1130,0,222,0,1170,2,402,0,4388,0,12,0,-510,6,1496,58,11906
2026/06/06,10:00,11986,0,3182,1126,0,202,0,1114,2,392,0,4340,0,8,0,-598,10,2152,56,11986
2026/06/06,10:30,11864,0,3356,1124,0,170,0,1110,0,388,0,4348,0,14,0,-612,6,1906,54,11864
2026/06/06,11:00,12166,0,3242,1126,0,162,11,1110,2,360,54,4614,0,10,0,-652,6,2130,56,12166
2026/06/06,11:30,12070,0,2958,1124,0,152,60,1106,2,348,60,4762,0,8,0,-872,4,2424,54,12070
2026/06/06,12:00,12000,0,2584,1122,0,154,60,1116,2,338,61,5120,0,8,0,-1188,6,2684,54,12000
2026/06/06,12:30,11990,0,2394,1124,0,152,60,1120,2,346,60,5690,0,14,0,-1564,4,2654,54,11990
2026/06/06,13:00,12082,0,3036,1128,0,156,11,1140,2,342,54,5914,0,12,0,-1782,2,2076,56,12082
2026/06/06,13:30,12274,0,3534,1124,0,174,11,1220,0,350,54,5724,0,14,0,-1100,6,1174,54,12274
2026/06/06,14:00,12336,0,3180,1126,0,212,11,1306,2,342,54,5846,0,18,0,-688,8,928,56,12336
2026/06/06,14:30,12254,0,3476,1128,0,218,11,1384,0,344,54,5608,0,14,0,-590,2,618,52,12254
2026/06/06,15:00,12100,0,4308,1120,0,214,11,1504,2,344,54,4760,0,16,0,-634,6,368,92,12100
2026/06/06,15:30,11946,0,4276,1132,0,228,0,1556,2,354,0,3696,0,16,0,-438,2,1030,92,11946
2026/06/06,16:00,11824,0,4640,1116,0,250,0,1618,2,366,0,2636,0,12,0,-302,4,1390,92,11824
2026/06/06,16:30,11630,0,5176,1126,0,262,0,1676,2,382,0,1882,0,14,0,4,4,1008,94,11630
2026/06/06,17:00,11662,0,6070,1126,0,266,0,1818,2,386,0,1186,0,20,0,96,8,556,128,11662
2026/06/06,17:30,11760,0,5982,1126,0,264,0,1928,0,402,0,600,0,16,0,122,22,1164,134,11760
2026/06/06,18:00,11860,0,6238,1126,0,278,0,2080,2,406,0,232,0,16,0,104,30,1214,134,11860
2026/06/06,18:30,11918,0,6084,1124,0,274,0,2110,2,414,0,48,0,18,0,104,28,1576,136,11918
2026/06/06,19:00,12034,0,6354,1126,0,284,0,2122,2,406,0,0,0,22,0,178,36,1366,138,12034
2026/06/06,19:30,12066,0,5972,1124,0,286,0,2058,2,414,0,0,0,24,0,264,32,1752,138,12066
2026/06/06,20:00,11786,0,5992,1126,0,262,0,1918,2,404,0,0,0,26,0,98,16,1800,142,11786
2026/06/06,20:30,11552,0,5892,1124,0,262,0,1846,2,414,0,0,0,26,0,94,18,1736,138,11552
2026/06/06,21:00,11414,0,5892,1126,0,302,0,1724,2,408,0,0,0,24,0,2,16,1794,124,11414
2026/06/06,21:30,10964,0,5316,1120,0,288,0,1648,2,412,0,0,0,34,0,4,6,2012,122,10964
2026/06/06,22:00,10910,0,5316,1126,0,274,0,1650,2,410,0,0,0,38,0,2,6,1998,88,10910
2026/06/06,22:30,10556,0,5790,1124,0,274,0,1562,2,414,0,0,0,34,0,4,12,1264,76,10556
2026/06/06,23:00,10622,0,5566,1126,0,280,0,1504,2,404,0,0,0,40,0,2,18,1606,74,10622
2026/06/06,23:30,10268,0,5120,1124,0,268,0,1496,2,414,0,0,0,36,0,-4,2,1736,74,10268
2026/06/07,00:00,10024,0,5258,1126,0,278,0,1482,2,408,0,0,0,36,0,-234,6,1598,64,10024
2026/06/07,00:30,9606,0,4306,1262,0,298,0,1450,2,420,0,0,0,50,0,-240,2,1996,60,9606
2026/06/07,01:00,9512,0,4014,1384,0,286,0,1450,2,404,0,0,0,56,0,-242,2,2094,62,9512
2026/06/07,01:30,9492,0,4192,1382,0,314,0,1438,0,408,0,0,0,60,0,-236,4,1872,58,9492
2026/06/07,02:00,9450,0,3884,1580,0,276,0,1422,2,404,0,0,0,78,0,-242,6,1982,58,9450
2026/06/07,02:30,9620,0,4098,1738,0,294,0,1430,2,412,0,0,0,76,0,-236,4,1750,52,9620
2026/06/07,03:00,9740,0,4186,1740,0,288,0,1442,0,404,0,0,0,94,0,-226,2,1752,58,9740
2026/06/07,03:30,9966,0,4212,1740,0,316,0,1412,2,414,0,0,0,94,0,34,6,1676,60,9966
2026/06/07,04:00,10088,0,4334,1744,0,324,0,1442,2,404,0,0,0,90,0,-60,4,1738,66,10088
2026/06/07,04:30,10130,0,4378,1734,0,312,0,1428,2,410,0,8,0,78,0,246,6,1468,60,10130
2026/06/07,05:00,9862,0,3912,1744,0,302,0,1406,2,402,0,50,0,70,0,182,4,1732,56,9862
2026/06/07,05:30,9770,0,3668,1738,0,282,0,1380,0,410,0,188,0,74,0,-204,2,2194,38,9770
2026/06/07,06:00,9464,0,3736,1740,0,286,0,1314,2,402,0,368,0,90,0,-48,10,1530,34,9464
2026/06/07,06:30,9404,0,3322,1744,0,238,0,1310,2,408,0,602,0,106,0,-198,4,1836,30,9404
2026/06/07,07:00,9650,0,3950,1736,0,234,0,1284,2,402,0,812,0,116,0,-476,4,1542,44,9650
2026/06/07,07:30,9722,0,3772,1738,0,236,0,1266,2,410,0,968,0,116,0,-278,2,1444,46,9722
2026/06/07,08:00,10176,0,3656,1744,0,248,0,1296,2,402,0,1052,0,98,0,4,6,1584,84,10176
2026/06/07,08:30,10260,0,3818,1738,0,254,0,1274,2,410,0,1260,0,116,0,2,6,1296,84,10260
2026/06/07,09:00,10730,0,4450,1744,0,242,0,1282,2,402,0,1456,0,114,0,4,8,938,88,10730
2026/06/07,09:30,10658,0,4530,1744,0,254,0,1272,0,410,0,1602,0,106,0,2,10,632,96,10658
2026/06/07,10:00,10850,0,4558,1732,0,268,0,1258,2,404,0,1748,0,120,0,4,2,650,104,10850
2026/06/07,10:30,10888,0,4830,1746,0,238,0,1256,2,408,0,1796,0,144,0,2,2,364,100,10888
2026/06/07,11:00,11062,0,5358,1600,0,240,0,1274,0,402,0,1652,0,130,0,4,6,314,82,11062
2026/06/07,11:30,11072,0,5420,1486,0,246,0,1270,2,410,0,1408,0,140,0,2,6,618,64,11072
2026/06/07,12:00,11120,0,5904,1486,0,250,0,1290,2,406,0,1292,0,148,0,4,8,264,66,11120
2026/06/07,12:30,11040,0,5960,1484,0,262,0,1302,2,410,0,1194,0,152,0,2,10,196,66,11040
2026/06/07,13:00,11086,0,6136,1478,0,252,0,1334,2,404,0,938,0,162,0,4,12,268,96,11086
2026/06/07,13:30,10982,0,5928,1488,0,292,0,1358,0,408,0,780,0,170,0,2,4,454,98,10982
2026/06/07,14:00,11112,0,5702,1482,0,302,0,1498,2,404,0,604,0,196,0,4,10,812,96,11112
2026/06/07,14:30,10958,0,5252,1388,0,282,0,1502,2,408,0,584,0,182,0,2,8,1250,98,10958
2026/06/07,15:00,11032,0,5052,1382,0,278,0,1500,2,402,0,486,0,190,0,-132,6,1766,100,11032
2026/06/07,15:30,10972,0,5628,1380,0,266,0,1450,2,408,0,392,0,182,0,-238,6,1400,96,10972
2026/06/07,16:00,11162,0,5706,1382,0,280,0,1542,0,404,0,224,0,180,0,-80,2,1386,136,11162
2026/06/07,16:30,11316,0,5960,1386,0,272,0,1592,2,408,0,106,0,178,0,2,4,1266,140,11316
2026/06/07,17:00,11724,0,6306,1370,0,268,0,1716,2,400,0,38,0,182,0,16,8,1272,146,11724
2026/06/07,17:30,11738,0,6256,1388,0,270,0,1870,2,408,0,20,0,194,0,112,8,1070,140,11738
2026/06/07,18:00,11872,0,6368,1384,0,282,0,1946,2,400,0,14,0,188,0,128,12,1002,146,11872
2026/06/07,18:30,11888,0,6494,1296,0,244,0,1970,0,406,0,12,0,198,0,120,14,988,146,11888
2026/06/07,19:00,11896,0,6342,1230,0,248,0,1984,2,400,0,0,0,202,0,120,12,1206,150,11896
2026/06/07,19:30,11798,0,6262,1226,0,268,0,1970,2,408,0,0,0,192,0,118,10,1184,158,11798
2026/06/07,20:00,11540,0,6196,1228,0,264,0,1958,2,400,0,0,0,196,0,120,10,1006,160,11540
2026/06/07,20:30,11408,0,5698,1230,0,262,0,1858,2,410,0,0,0,238,0,120,8,1428,154,11408
2026/06/07,21:00,11254,0,5686,1228,0,258,0,1756,2,402,0,0,0,230,0,88,4,1444,156,11254
2026/06/07,21:30,11010,0,5446,1214,0,254,0,1722,2,410,0,0,0,236,0,72,0,1506,148,11010
2026/06/07,22:00,10610,0,5428,1128,0,262,0,1586,0,400,0,0,0,234,0,42,0,1412,118,10610
2026/06/07,22:30,10434,0,5348,1130,0,288,0,1548,2,406,0,0,0,244,0,2,6,1354,106,10434
2026/06/07,23:00,10362,0,5014,1124,0,270,0,1528,2,402,0,0,0,248,0,4,2,1664,104,10362
2026/06/07,23:30,10090,0,4928,1126,0,290,0,1532,2,410,0,0,0,190,0,-190,2,1690,110,10090
2026/06/08,00:00,9836,0,4682,1124,0,260,0,1500,2,404,0,0,0,194,0,-236,2,1796,108,9836
2026/06/08,00:30,9564,0,4090,1122,0,258,0,1490,0,412,0,0,0,180,0,-314,2,2222,102,9564
2026/06/08,01:00,9528,0,4220,1124,0,262,0,1508,2,402,0,0,0,176,0,-480,0,2216,98,9528
2026/06/08,01:30,9372,0,4210,1260,0,304,0,1494,2,410,0,0,0,158,0,-474,2,1928,78,9372
2026/06/08,02:00,9514,0,4172,1382,0,284,0,1526,2,404,0,0,0,130,0,-472,2,2014,70,9514
2026/06/08,02:30,9730,0,4164,1384,0,272,0,1526,2,408,0,0,0,118,0,-310,2,2104,60,9730
2026/06/08,03:00,9886,0,4086,1568,0,272,0,1536,2,404,0,0,0,126,0,-94,8,1942,36,9886
2026/06/08,03:30,10102,0,3852,1742,0,270,0,1502,0,412,0,0,0,110,0,200,6,1972,36,10102
2026/06/08,04:00,10382,0,3940,1740,0,282,0,1496,2,400,0,0,0,88,0,154,6,2238,36,10382
2026/06/08,04:30,10354,0,3780,1742,0,280,0,1480,2,406,0,16,0,56,0,134,6,2424,28,10354
2026/06/08,05:00,10398,0,3826,1740,0,284,0,1448,2,400,0,158,0,38,0,34,4,2434,30,10398
2026/06/08,05:30,10578,0,3720,1734,0,262,0,1448,2,408,0,650,0,28,0,58,4,2242,22,10578
2026/06/08,06:00,10760,0,3368,1744,0,280,0,1436,0,400,0,1412,0,20,0,18,2,2046,34,10760
2026/06/08,06:30,11318,0,3426,1742,0,268,0,1422,2,412,0,2444,0,12,0,2,4,1556,28,11318
2026/06/08,07:00,12026,0,3452,1740,0,274,0,1416,2,392,0,3530,0,6,0,-168,2,1350,30,12026
2026/06/08,07:30,12908,0,3644,1742,0,282,0,1370,0,398,0,4642,0,14,0,-122,2,906,30,12908
2026/06/08,08:00,14156,0,3384,1736,0,288,0,1364,2,396,0,5604,0,12,0,4,2,1292,72,14156
2026/06/08,08:30,15500,0,4068,1742,0,272,0,1362,2,402,0,6518,0,8,0,154,10,894,68,15500
2026/06/08,09:00,16238,0,3866,1740,0,256,0,1342,2,396,0,7468,0,6,0,32,4,1048,78,16238
2026/06/08,09:30,16650,0,4304,1742,0,264,0,1346,2,402,0,7630,0,8,0,-208,12,1056,92,16650
2026/06/08,10:00,16942,0,4668,1740,0,270,0,1346,2,396,0,7672,0,8,0,-210,6,950,94,16942
2026/06/08,10:30,17102,0,5034,1740,0,302,0,1326,0,404,0,7440,0,6,0,166,10,584,90,17102
2026/06/08,11:00,17060,0,5008,1744,0,282,0,1350,2,398,0,7242,0,8,0,324,12,614,76,17060
2026/06/08,11:30,17224,0,4932,1734,0,290,0,1362,2,400,0,7656,0,10,0,194,2,586,56,17224
2026/06/08,12:00,16456,0,5568,1744,0,276,0,1336,2,398,0,7048,0,16,0,-196,6,208,50,16456
2026/06/08,12:30,16472,0,6346,1738,0,284,0,1408,2,402,0,6410,0,24,0,-346,22,122,60,16472
2026/06/08,13:00,17448,0,6254,1740,0,298,0,1508,0,394,0,5694,0,20,0,470,12,982,76,17448
2026/06/08,13:30,17618,0,6292,1742,0,286,0,1548,2,396,0,5064,0,26,0,666,16,1506,74,17618
2026/06/08,14:00,17736,0,6532,1736,0,292,0,1650,2,394,0,4502,0,28,0,896,10,1620,74,17736
2026/06/08,14:30,17502,0,6462,1738,0,326,0,1736,2,398,0,4098,0,38,0,760,6,1868,70,17502
2026/06/08,15:00,17244,0,6810,1744,0,330,0,1852,2,400,0,2860,0,46,0,808,6,2312,74,17244
2026/06/08,15:30,17060,0,6990,1736,0,318,0,1898,2,404,0,1966,0,46,0,920,14,2694,72,17060
2026/06/08,16:00,17148,0,7004,1744,0,322,0,1896,0,400,0,1536,0,54,0,380,10,3694,108,17148
2026/06/08,16:30,16642,0,7146,1734,0,342,0,1882,2,410,0,968,0,58,0,410,12,3570,108,16642
2026/06/08,17:00,16100,0,6618,1744,0,312,0,1856,0,404,0,610,0,26,0,438,8,3970,114,16100
2026/06/08,17:30,15786,0,6956,1742,0,300,0,1802,2,410,0,262,0,30,0,420,12,3724,126,15786
2026/06/08,18:00,15628,0,6752,1736,0,290,0,1812,2,402,0,60,0,32,0,454,14,3948,126,15628
2026/06/08,18:30,15556,0,6874,1738,0,282,0,1802,2,412,0,12,0,42,0,344,14,3906,128,15556
2026/06/08,19:00,15180,0,6678,1744,0,286,0,1730,2,404,0,0,0,40,0,252,10,3900,134,15180
2026/06/08,19:30,14714,0,6308,1744,0,284,0,1690,2,410,0,0,0,38,0,40,16,4050,132,14714
2026/06/08,20:00,14494,0,6274,1744,0,292,0,1550,2,406,0,0,0,52,0,40,8,3994,132,14494
2026/06/08,20:30,14260,0,6092,1734,0,300,0,1526,0,416,0,0,0,60,0,36,6,3962,128,14260
2026/06/08,21:00,13978,0,5854,1740,0,328,0,1518,2,404,0,0,0,64,0,36,12,3888,132,13978
2026/06/08,21:30,13800,0,5870,1742,0,308,0,1522,2,412,0,0,0,120,0,40,8,3644,132,13800
2026/06/08,22:00,13692,0,5566,1740,0,290,0,1530,2,406,0,0,0,130,0,46,8,3888,86,13692
2026/06/08,22:30,13512,0,5374,1738,0,284,0,1556,2,408,0,0,0,128,0,248,2,3690,82,13512
2026/06/08,23:00,13318,0,5180,1740,0,286,0,1544,2,402,0,0,0,138,0,218,2,3722,84,13318
2026/06/08,23:30,13080,0,5140,1734,0,294,0,1544,0,412,0,0,0,148,0,54,0,3672,82,13080
2026/06/09,00:00,12560,0,5108,1746,0,270,0,1554,2,406,0,0,0,128,0,40,2,3214,90,12560
2026/06/09,00:30,12282,0,4936,1740,0,288,0,1560,2,414,0,0,0,118,0,40,0,3080,104,12282
2026/06/09,01:00,11860,0,4628,1740,0,274,0,1580,2,404,0,0,0,116,0,40,0,2974,102,11860
2026/06/09,01:30,11746,0,4668,1742,0,286,0,1562,2,412,0,0,0,134,0,38,0,2796,106,11746
2026/06/09,02:00,11654,0,4632,1740,0,294,0,1622,0,406,0,0,0,148,0,38,0,2658,116,11654
2026/06/09,02:30,11858,0,4724,1738,0,302,0,1630,2,412,0,0,0,158,0,38,0,2738,116,11858
2026/06/09,03:00,11926,0,4692,1744,0,306,0,1622,2,406,0,0,0,172,0,38,2,2822,120,11926
2026/06/09,03:30,11988,0,4678,1738,0,296,0,1624,0,410,0,0,0,166,0,38,2,2918,118,11988
2026/06/09,04:00,12088,0,4636,1740,0,298,0,1634,2,402,0,0,0,150,0,40,0,3062,124,12088
2026/06/09,04:30,12240,0,4670,1742,0,288,0,1646,2,412,0,8,0,134,0,38,4,3170,126,12240
2026/06/09,05:00,12224,0,4616,1744,0,302,0,1662,2,404,0,40,0,152,0,40,2,3132,128,12224
2026/06/09,05:30,12094,0,4686,1742,0,270,0,1656,2,410,0,148,0,148,0,38,4,2870,120,12094
2026/06/09,06:00,12108,0,4762,1736,0,258,0,1668,2,402,0,346,0,154,0,256,4,2414,106,12108
2026/06/09,06:30,12574,0,4680,1738,0,258,0,1678,0,398,0,658,0,118,0,320,4,2622,100,12574
2026/06/09,07:00,12936,0,5100,1744,0,272,0,1678,2,388,0,902,0,116,0,484,6,2136,108,12936
2026/06/09,07:30,13744,0,4942,1726,0,302,0,1650,2,398,0,1278,0,140,0,544,0,2662,100,13744
2026/06/09,08:00,14618,0,5700,1500,0,326,0,1618,2,404,0,1844,0,142,0,682,8,2284,108,14618
2026/06/09,08:30,15852,0,5972,1380,0,308,0,1496,2,404,0,2320,0,138,0,1388,10,2328,106,15852
2026/06/09,09:00,16262,0,5836,1380,0,290,0,1502,2,398,0,2954,0,124,0,956,8,2708,104,16262
2026/06/09,09:30,16608,0,5490,1578,0,290,0,1520,0,408,0,3874,0,96,0,104,2,3144,102,16608
2026/06/09,10:00,16546,0,6026,1740,0,292,0,1696,2,404,0,3612,0,94,0,290,4,2234,152,16546
2026/06/09,10:30,16760,0,5870,1738,0,290,0,1568,2,408,0,3392,0,90,0,444,6,2808,144,16760
2026/06/09,11:00,16600,0,5448,1596,0,296,0,1530,2,404,0,3514,0,112,0,50,4,3514,130,16600
2026/06/09,11:30,16576,0,6162,1390,0,304,0,1390,2,410,0,2980,0,128,0,492,12,3192,114,16576
2026/06/09,12:00,15770,0,5844,1380,0,288,0,1326,2,406,0,3370,0,120,0,108,2,2844,80,15770
2026/06/09,12:30,15554,0,6558,1380,0,292,0,1316,0,414,0,3176,0,108,0,4,6,2224,76,15554
2026/06/09,13:00,16354,0,7054,1284,0,286,0,1364,2,404,0,3138,0,100,0,2,10,2632,78,16354
2026/06/09,13:30,16646,0,7292,1120,0,286,0,1394,2,412,0,2834,0,56,0,282,14,2880,74,16646
2026/06/09,14:00,16738,0,6964,1128,0,276,0,1622,2,404,0,2824,0,58,0,244,12,3126,78,16738
2026/06/09,14:30,16626,0,6922,1260,0,298,0,1680,2,412,0,2580,0,64,0,64,16,3246,82,16626
2026/06/09,15:00,16234,0,6204,1378,0,318,0,1770,2,404,0,2352,0,46,0,-108,4,3782,82,16234
2026/06/09,15:30,16448,0,6840,1380,0,316,0,1752,0,410,0,2542,0,54,0,-222,2,3292,82,16448
2026/06/09,16:00,16158,0,6946,1384,0,296,0,1812,2,404,0,2492,0,66,0,-300,8,2966,82,16158
2026/06/09,16:30,15826,0,7300,1574,0,294,0,1976,2,410,0,1344,0,58,0,-26,6,2802,86,15826
2026/06/09,17:00,15254,0,6242,1740,0,286,0,2058,0,408,0,938,0,74,0,70,6,3336,96,15254
2026/06/09,17:30,15034,0,6900,1738,0,292,0,2078,2,408,0,492,0,70,0,74,14,2866,100,15034
2026/06/09,18:00,14962,0,7018,1740,0,308,0,2064,2,408,0,142,0,76,0,72,16,3014,102,14962
2026/06/09,18:30,14894,0,7066,1744,0,324,0,2042,2,414,0,28,0,64,0,98,18,2994,100,14894
2026/06/09,19:00,14668,0,6196,1876,0,322,0,2034,2,410,0,0,0,60,0,142,14,3510,102,14668
2026/06/09,19:30,14232,0,5948,2096,0,286,0,1908,2,416,0,0,0,62,0,136,14,3270,94,14232
2026/06/09,20:00,14036,0,5904,2122,0,298,0,1842,0,406,0,0,0,70,0,86,4,3218,86,14036
2026/06/09,20:30,13794,0,5966,2118,0,288,0,1804,2,420,0,0,0,76,0,0,2,3034,84,13794
2026/06/09,21:00,13598,0,6012,2126,0,292,0,1636,2,406,0,0,0,96,0,-158,2,3098,86,13598
2026/06/09,21:30,13368,0,6044,2158,0,298,0,1466,2,416,0,0,0,76,0,-240,0,3066,82,13368
2026/06/09,22:00,13408,0,5862,2300,0,270,0,1466,2,400,0,0,0,80,0,-238,2,3180,84,13408
2026/06/09,22:30,13208,0,5756,2392,0,256,0,1460,2,414,0,0,0,74,0,-236,2,3012,76,13208
2026/06/09,23:00,12982,0,5324,2464,0,260,0,1446,0,406,0,0,0,76,0,-242,0,3166,82,12982
2026/06/09,23:30,12816,0,5196,2506,0,250,0,1448,2,414,0,0,0,72,0,-236,2,3080,82,12816
2026/06/10,00:00,12274,0,5284,2516,0,252,0,1484,2,408,0,0,0,86,0,-242,0,2398,86,12274
2026/06/10,00:30,11912,0,4594,2700,0,254,0,1464,2,416,0,0,0,98,0,-236,2,2524,94,11912
2026/06/10,01:00,11690,0,3978,2832,0,264,0,1480,2,406,0,0,0,100,0,-238,0,2768,98,11690
2026/06/10,01:30,11534,0,3818,2840,0,244,0,1472,2,418,0,0,0,88,0,-214,4,2762,100,11534
2026/06/10,02:00,11528,0,3882,2850,0,246,0,1454,2,406,0,0,0,104,0,-208,2,2694,96,11528
2026/06/10,02:30,11580,0,3914,2844,0,250,0,1466,0,416,0,0,0,100,0,-102,6,2622,64,11580
2026/06/10,03:00,11730,0,3876,2844,0,248,0,1456,2,406,0,0,0,100,0,36,8,2690,64,11730
2026/06/10,03:30,11874,0,3910,2846,0,250,0,1446,2,412,0,0,0,90,0,136,14,2702,66,11874
2026/06/10,04:00,11898,0,3812,2846,0,246,0,1462,2,406,0,0,0,76,0,176,10,2812,50,11898
2026/06/10,04:30,12034,0,3834,2844,0,248,0,1452,2,406,0,12,0,94,0,170,18,2912,42,12034
2026/06/10,05:00,11876,0,3586,2846,0,244,0,1410,2,406,0,122,0,102,0,168,10,2942,38,11876
2026/06/10,05:30,11908,0,3194,2846,0,256,0,1402,0,410,0,582,0,108,0,102,0,2966,42,11908
2026/06/10,06:00,12018,0,3304,2846,0,238,0,1384,2,404,0,1444,0,106,0,30,2,2222,36,12018
2026/06/10,06:30,12380,0,3146,2842,0,238,0,1376,2,410,0,2530,0,84,0,-112,2,1822,40,12380
2026/06/10,07:00,12712,0,2840,2846,0,236,0,1362,2,404,0,3716,0,82,0,-354,2,1538,38,12712
2026/06/10,07:30,13570,0,3004,2848,0,244,0,1344,2,412,0,4986,0,74,0,-926,2,1540,40,13570
2026/06/10,08:00,14490,0,3062,2850,0,236,0,1376,2,406,0,6152,0,68,0,-1204,2,1466,74,14490
2026/06/10,08:30,15672,0,3090,2840,0,232,0,1412,0,400,0,7336,0,64,0,-1342,2,1566,72,15672
2026/06/10,09:00,16212,0,2798,2814,0,232,0,1420,2,382,0,8134,0,76,0,-1688,4,1966,72,16212
2026/06/10,09:30,16788,0,2726,2714,0,218,0,1420,2,388,0,8776,0,78,0,-2000,4,2388,74,16788
2026/06/10,10:00,16680,0,2502,2526,0,236,0,1386,0,390,0,9168,0,86,0,-2188,6,2492,76,16680
2026/06/10,10:30,17178,0,2970,2394,0,224,0,1402,2,400,0,9656,0,82,0,-2262,6,2232,72,17178
2026/06/10,11:00,17130,0,3168,2176,0,232,0,1410,2,404,0,9848,0,82,0,-1936,4,1658,82,17130
2026/06/10,11:30,17102,0,3568,2284,0,228,0,1354,2,406,0,9830,0,76,0,-1924,8,1206,64,17102
2026/06/10,12:00,16454,0,3258,2380,0,224,0,1204,2,404,0,9826,0,74,0,-2002,2,1040,42,16454
2026/06/10,12:30,16238,0,3288,2440,0,216,0,1204,2,408,0,9598,0,70,0,-2086,4,1054,40,16238
2026/06/10,13:00,17112,0,3646,2472,0,216,0,1232,0,402,0,9412,0,66,0,-1568,6,1184,44,17112
2026/06/10,13:30,17364,0,3420,2506,0,218,0,1360,2,414,0,8906,0,60,0,-1168,2,1602,42,17364
2026/06/10,14:00,17430,0,3742,2506,0,246,0,1538,2,414,0,8290,0,56,0,-1106,4,1694,44,17430
2026/06/10,14:30,17208,0,3808,2512,0,252,0,1540,2,418,0,7476,0,66,0,-934,6,1990,72,17208
2026/06/10,15:00,17008,0,4320,2536,0,250,0,1584,2,416,0,6564,0,82,0,-468,8,1636,78,17008
2026/06/10,15:30,17040,0,5196,2754,0,252,0,1622,0,422,0,5468,0,84,0,-264,12,1414,80,17040
2026/06/10,16:00,16980,0,5208,2848,0,254,0,1682,2,430,0,4122,0,90,0,-202,10,2422,114,16980
2026/06/10,16:30,16462,0,4928,2842,0,254,0,1798,2,438,0,3210,0,90,0,24,14,2746,116,16462
2026/06/10,17:00,15894,0,5974,2798,0,248,0,1922,0,436,0,2178,0,90,0,158,16,1952,122,15894
2026/06/10,17:30,15598,0,6332,2792,0,246,0,2010,2,438,0,1174,0,86,0,412,16,1966,124,15598
2026/06/10,18:00,15266,0,6374,2808,0,248,0,2054,2,436,0,420,0,78,0,528,18,2174,126,15266
2026/06/10,18:30,15080,0,6432,2780,0,252,0,2080,2,444,0,84,0,74,0,736,22,2048,126,15080
2026/06/10,19:00,14858,0,6174,2808,0,260,0,2072,2,446,0,0,0,84,0,560,14,2306,132,14858
2026/06/10,19:30,14628,0,6428,2786,0,252,0,1978,2,458,0,0,0,96,0,724,14,1760,130,14628
2026/06/10,20:00,14388,0,6272,2810,0,250,0,1868,0,452,0,0,0,90,0,658,4,1852,132,14388
2026/06/10,20:30,14078,0,5900,2780,0,256,0,1772,2,464,0,0,0,84,0,280,4,2406,130,14078
2026/06/10,21:00,13870,0,5352,2810,0,266,0,1656,2,448,0,0,0,80,0,38,0,3092,126,13870
2026/06/10,21:30,13624,0,5478,2782,0,258,0,1620,2,462,0,0,0,68,0,4,2,2842,106,13624
2026/06/10,22:00,13606,0,5738,2812,0,244,0,1398,2,448,0,0,0,52,0,2,0,2824,86,13606
2026/06/10,22:30,13198,0,6078,2786,0,258,0,1364,2,456,0,0,0,50,0,4,4,2122,74,13198
2026/06/10,23:00,13246,0,6234,2810,0,252,0,1322,2,448,0,0,0,50,0,2,4,2048,74,13246
2026/06/10,23:30,12874,0,5552,2788,0,246,0,1282,0,458,0,0,0,42,0,4,0,2428,74,12874
2026/06/11,00:00,12392,0,5290,2800,0,244,0,1360,2,450,0,0,0,40,0,2,4,2122,78,12392
2026/06/11,00:30,12128,0,4966,2786,0,246,0,1362,2,454,0,0,0,36,0,4,0,2198,74,12128
2026/06/11,01:00,11774,0,4478,2808,0,246,0,1358,2,444,0,0,0,28,0,2,0,2352,56,11774
2026/06/11,01:30,11638,0,4754,2786,0,244,0,1362,2,442,0,0,0,18,0,4,2,1966,58,11638
2026/06/11,02:00,11578,0,4732,2804,0,248,0,1394,2,428,0,0,0,12,0,2,2,1906,48,11578
2026/06/11,02:30,11616,0,4826,2788,0,244,0,1400,0,418,0,0,0,12,0,4,2,1882,40,11616
2026/06/11,03:00,11806,0,4876,2810,0,252,0,1388,2,420,0,0,0,6,0,34,4,1970,44,11806
2026/06/11,03:30,11830,0,4804,2782,0,264,0,1382,2,416,0,0,0,6,0,54,8,2068,44,11830
2026/06/11,04:00,12074,0,5048,2810,0,248,0,1376,2,416,0,0,0,6,0,172,8,1938,50,12074
2026/06/11,04:30,12076,0,4932,2780,0,250,0,1374,2,424,0,22,0,0,0,162,12,2076,42,12076
2026/06/11,05:00,11940,0,4418,2810,0,246,0,1366,2,418,0,178,0,0,0,72,4,2384,42,11940
2026/06/11,05:30,11932,0,3890,2784,0,246,0,1370,2,424,0,768,0,2,0,20,4,2380,42,11932
2026/06/11,06:00,12082,0,3862,2804,0,248,0,1336,0,414,0,1658,0,0,0,-138,2,1856,40,12082
2026/06/11,06:30,12276,0,3086,2786,0,236,0,1282,2,402,0,2704,0,0,0,-322,2,2060,38,12276
2026/06/11,07:00,12776,0,2874,2810,0,230,0,1252,2,400,0,3658,0,2,0,-514,2,2022,38,12776
2026/06/11,07:30,13556,0,2698,2784,0,234,0,1266,2,404,0,4724,0,0,0,-836,0,2240,40,13556
2026/06/11,08:00,14740,0,2974,2812,0,232,0,1304,2,404,0,5902,0,2,0,-976,6,2004,74,14740
2026/06/11,08:30,15858,0,3440,2786,0,228,0,1216,2,398,0,6836,0,2,0,-1052,6,1916,80,15858
2026/06/11,09:00,16618,0,3678,2824,0,244,0,1122,0,372,0,7396,0,2,0,-1050,10,1936,84,16618
2026/06/11,09:30,17064,0,3322,2834,0,236,0,1104,2,372,0,7756,0,2,0,-842,4,2180,94,17064
2026/06/11,10:00,17054,0,3214,2880,0,240,0,1094,2,374,0,7906,0,2,0,-816,0,2064,94,17054
2026/06/11,10:30,17398,0,3146,2920,0,234,0,1096,0,378,0,8340,0,4,0,-684,6,1864,94,17398
2026/06/11,11:00,17374,0,3186,2952,0,250,0,1058,2,374,0,8764,0,2,0,-590,4,1288,84,17374
2026/06/11,11:30,17398,0,3316,2900,0,254,0,1080,2,378,0,8970,0,10,0,-772,6,1196,58,17398
2026/06/11,12:00,16628,0,3388,2976,0,260,0,1092,2,374,0,8630,0,14,0,-1638,4,1472,54,16628
2026/06/11,12:30,16548,0,3758,3026,0,238,0,1090,2,380,0,8172,0,16,0,-1438,6,1244,54,16548
2026/06/11,13:00,17322,0,3856,3048,0,248,0,1170,0,372,0,7692,0,22,0,-474,10,1320,58,17322
2026/06/11,13:30,17424,0,3786,3024,0,250,0,1224,2,374,0,6744,0,26,0,64,10,1860,60,17424
2026/06/11,14:00,17506,0,4162,3050,0,226,0,1324,2,374,0,6012,0,24,0,448,14,1778,92,17506
2026/06/11,14:30,17212,0,4422,3024,0,234,0,1370,2,376,0,5254,0,24,0,784,12,1618,92,17212
2026/06/11,15:00,17024,0,4766,3048,0,244,0,1512,2,372,0,4598,0,24,0,932,10,1422,94,17024
2026/06/11,15:30,17008,0,5436,3024,0,256,0,1574,2,378,0,3724,0,22,0,1034,16,1452,90,17008
2026/06/11,16:00,16830,0,5774,3060,0,268,0,1672,0,376,0,2848,0,20,0,1186,12,1488,126,16830
2026/06/11,16:30,16398,0,5904,3058,0,248,0,1792,2,380,0,2164,0,28,0,1314,6,1374,128,16398
2026/06/11,17:00,15862,0,5954,3088,0,242,0,1922,2,380,0,1566,0,26,0,1126,12,1418,126,15862
2026/06/11,17:30,15594,0,6236,3064,0,246,0,1988,2,382,0,846,0,24,0,1684,16,980,126,15594
2026/06/11,18:00,15408,0,6266,3100,0,248,0,2052,2,380,0,326,0,30,0,1596,24,1256,128,15408
2026/06/11,18:30,15392,0,6250,3068,0,248,0,2072,2,384,0,70,0,26,0,1514,20,1612,126,15392
2026/06/11,19:00,15152,0,6248,3086,0,244,0,2078,2,380,0,0,0,24,0,1512,18,1430,130,15152
2026/06/11,19:30,14828,0,6088,3060,0,250,0,2074,0,390,0,0,0,14,0,1450,16,1356,130,14828
2026/06/11,20:00,14688,0,5308,3086,0,256,0,1930,2,378,0,0,0,6,0,520,8,3064,130,14688
2026/06/11,20:30,14410,0,5692,3064,0,248,0,1838,2,388,0,0,0,4,0,204,6,2834,130,14410
2026/06/11,21:00,14118,0,5654,3084,0,240,0,1638,0,378,0,0,0,6,0,216,2,2768,132,14118
2026/06/11,21:30,13874,0,5844,3062,0,240,0,1540,2,386,0,0,0,6,0,230,4,2442,118,13874
2026/06/11,22:00,13662,0,5828,3084,0,236,0,1414,2,380,0,0,0,10,0,230,6,2382,90,13662
2026/06/11,22:30,13392,0,5812,3060,0,236,0,1398,2,382,0,0,0,6,0,228,8,2180,80,13392
2026/06/11,23:00,13258,0,5720,3086,0,238,0,1348,2,380,0,0,0,14,0,226,16,2148,80,13258
2026/06/11,23:30,12866,0,5432,3076,0,238,0,1320,2,390,0,0,0,8,0,106,10,2200,84,12866
2026/06/12,00:00,12418,0,5512,3076,0,236,0,1360,2,380,0,0,0,6,0,196,6,1562,82,12418
2026/06/12,00:30,12080,0,4954,3058,0,238,0,1402,2,382,0,0,0,6,0,142,2,1812,82,12080
2026/06/12,01:00,11752,0,4672,3082,0,238,0,1518,2,380,0,0,0,4,0,172,0,1618,66,11752
2026/06/12,01:30,11530,0,4714,3064,0,238,0,1496,2,386,0,0,0,6,0,122,0,1438,64,11530
2026/06/12,02:00,11552,0,4748,3088,0,238,0,1492,0,378,0,0,0,6,0,34,0,1500,68,11552
2026/06/12,02:30,11568,0,4822,3064,0,248,0,1478,2,386,0,0,0,10,0,46,2,1442,68,11568
2026/06/12,03:00,11778,0,4954,3084,0,240,0,1458,2,380,0,0,0,10,0,50,2,1498,100,11778
2026/06/12,03:30,11898,0,5022,3062,0,246,0,1434,2,364,0,0,0,16,0,50,14,1590,98,11898
2026/06/12,04:00,11928,0,5152,3084,0,256,0,1464,2,350,0,0,0,16,0,44,6,1450,104,11928
2026/06/12,04:30,11984,0,5056,3060,0,248,0,1458,2,350,0,18,0,14,0,38,4,1638,98,11984
2026/06/12,05:00,11864,0,4534,3084,0,258,0,1466,2,336,0,182,0,4,0,78,2,1814,104,11864
2026/06/12,05:30,11784,0,3882,3054,0,244,0,1434,0,344,0,634,0,2,0,60,4,2038,88,11784
2026/06/12,06:00,11890,0,3572,3042,0,238,0,1358,2,334,0,1336,0,0,0,64,6,1890,48,11890
2026/06/12,06:30,12008,0,2738,3010,0,232,0,1280,2,340,0,2288,0,2,0,-126,0,2196,46,12008
2026/06/12,07:00,12742,0,3032,3038,0,232,0,1260,2,332,0,3398,0,0,0,-528,6,1922,48,12742
2026/06/12,07:30,13436,0,2960,3010,0,236,0,1282,2,336,0,4650,0,2,0,-710,4,1618,46,13436
2026/06/12,08:00,14834,0,3282,3038,0,220,0,1250,2,334,0,5738,0,2,0,-548,4,1426,86,14834
2026/06/12,08:30,15830,0,3122,3008,0,218,0,1188,0,336,0,6660,0,2,0,-316,2,1526,84,15830
2026/06/12,09:00,16606,0,3496,3038,0,216,0,1200,2,328,0,7320,0,4,0,-126,4,1048,76,16606
2026/06/12,09:30,17086,0,3782,3010,0,218,0,1190,0,336,0,7846,0,4,0,-82,4,706,72,17086
2026/06/12,10:00,17212,0,3580,3038,0,216,0,1182,2,330,0,8212,0,2,0,-82,2,664,66,17212
2026/06/12,10:30,17620,0,3650,3006,0,220,0,1188,2,334,0,8632,0,8,0,-82,6,596,60,17620
2026/06/12,11:00,17808,0,3282,3042,0,222,0,1200,2,330,0,8920,0,2,0,-82,6,856,28,17808
2026/06/12,11:30,17780,0,3120,2908,0,220,0,1180,2,330,0,9066,0,14,0,-208,4,1116,28,17780
2026/06/12,12:00,17068,0,3438,2818,0,218,0,1106,2,330,0,8646,0,16,0,-974,4,1438,26,17068
2026/06/12,12:30,16690,0,3352,2994,0,220,0,1094,0,334,0,8012,0,14,0,-632,4,1274,24,16690
2026/06/12,13:00,17544,0,3718,3032,0,224,0,1196,2,330,0,7730,0,28,0,-98,6,1346,30,17544
2026/06/12,13:30,17940,0,4028,3014,0,218,0,1270,2,332,0,7366,0,42,0,-12,4,1634,42,17940
2026/06/12,14:00,17738,0,3816,3038,0,214,0,1294,2,326,0,7074,0,24,0,288,4,1614,44,17738
2026/06/12,14:30,17740,0,3786,3014,0,212,0,1366,2,332,0,6716,0,26,0,612,0,1636,38,17740
2026/06/12,15:00,17310,0,3696,3036,0,212,0,1586,2,326,0,5818,0,18,0,638,4,1932,42,17310
2026/06/12,15:30,17304,0,4122,3016,0,226,0,1662,0,332,0,4970,0,30,0,528,8,2366,44,17304
2026/06/12,16:00,17228,0,4814,3038,0,228,0,1852,2,328,0,3888,0,28,0,660,6,2282,102,17228
2026/06/12,16:30,16708,0,5478,3010,0,232,0,1920,2,332,0,2640,0,28,0,794,12,2142,118,16708
2026/06/12,17:00,16098,0,5756,3040,0,236,0,1976,2,330,0,1792,0,22,0,900,14,1908,122,16098
2026/06/12,17:30,15748,0,5620,3014,0,238,0,2088,2,338,0,1068,0,16,0,1546,20,1678,120,15748
2026/06/12,18:00,15428,0,5850,3034,0,242,0,2106,2,328,0,382,0,6,0,1370,20,1964,124,15428
2026/06/12,18:30,15332,0,6222,3014,0,238,0,2040,0,336,0,76,0,4,0,1492,26,1764,120,15332
2026/06/12,19:00,15216,0,6284,3038,0,240,0,2050,2,330,0,0,0,4,0,1648,28,1464,128,15216
2026/06/12,19:30,14888,0,6206,3010,0,242,0,2006,2,332,0,0,0,4,0,1536,30,1398,122,14888
2026/06/12,20:00,14632,0,6102,3034,0,240,0,1858,2,328,0,0,0,4,0,1400,16,1524,124,14632
2026/06/12,20:30,14250,0,6052,3016,0,242,0,1768,2,338,0,0,0,4,0,1254,8,1448,118,14250
2026/06/12,21:00,14002,0,6008,3036,0,240,0,1536,2,332,0,0,0,10,0,936,4,1772,126,14002
2026/06/12,21:30,13588,0,5810,3012,0,240,0,1498,2,338,0,0,0,16,0,652,0,1916,104,13588
2026/06/12,22:00,13604,0,6016,3036,0,228,0,1460,0,326,0,0,0,24,0,594,6,1826,88,13604
2026/06/12,22:30,13252,0,5652,3012,0,234,0,1428,2,334,0,0,0,32,0,636,8,1842,72,13252
2026/06/12,23:00,13116,0,5524,3066,0,228,0,1432,2,326,0,0,0,24,0,730,6,1700,78,13116
2026/06/12,23:30,12732,0,5234,3074,0,248,0,1420,2,334,0,0,0,18,0,594,2,1732,74,12732
2026/06/13,00:00,12204,0,5158,3112,0,268,0,1398,2,328,0,0,0,16,0,336,8,1492,86,12204
2026/06/13,00:30,11890,0,5106,3146,0,252,0,1386,2,334,0,0,0,16,0,120,10,1426,92,11890
2026/06/13,01:00,11450,0,4814,3224,0,252,0,1392,0,328,0,0,0,14,0,68,6,1256,96,11450
2026/06/13,01:30,11292,0,4632,3268,0,268,0,1398,2,336,0,0,0,14,0,68,6,1196,104,11292
2026/06/13,02:00,11214,0,4492,3326,0,246,0,1482,2,330,0,0,0,16,0,66,4,1158,92,11214
2026/06/13,02:30,11230,0,4544,3300,0,264,0,1462,2,332,0,0,0,14,0,70,6,1166,70,11230
2026/06/13,03:00,11326,0,4658,3330,0,254,0,1478,2,330,0,0,0,14,0,68,8,1108,76,11326
2026/06/13,03:30,11498,0,5082,3012,0,256,0,1478,2,334,0,0,0,16,0,148,6,1090,74,11498
2026/06/13,04:00,11290,0,4972,2914,0,254,0,1468,0,328,0,0,0,16,0,196,8,1062,72,11290
2026/06/13,04:30,11370,0,5034,2890,0,248,0,1480,2,332,0,20,0,6,0,214,18,1058,68,11370
2026/06/13,05:00,11044,0,4282,2878,0,248,0,1456,2,326,0,186,0,2,0,186,8,1412,58,11044
2026/06/13,05:30,10738,0,3338,2642,0,270,0,1362,2,334,0,660,0,2,0,46,6,2040,36,10738
2026/06/13,06:00,10542,0,3822,2240,0,260,0,1220,2,328,0,1434,0,2,0,-388,2,1580,40,10542
2026/06/13,06:30,10466,0,3468,1874,0,260,0,1162,2,334,0,2228,0,0,0,-598,2,1690,44,10466
2026/06/13,07:00,10736,0,3700,1656,0,254,0,1146,2,322,0,3126,0,2,0,-640,0,1126,42,10736
2026/06/13,07:30,10890,0,2970,1572,0,232,0,1058,0,320,0,4250,0,2,0,-762,2,1210,36,10890
2026/06/13,08:00,11446,0,2704,1554,0,194,0,1038,2,300,0,5240,0,0,0,-1706,2,2048,70,11446
2026/06/13,08:30,11866,0,2532,1550,0,170,0,1014,2,298,0,6024,0,2,0,-2256,2,2452,76,11866
2026/06/13,09:00,12468,0,2510,1542,0,166,0,954,2,282,0,7308,0,2,0,-2430,2,2060,70,12468
2026/06/13,09:30,12604,0,2694,1506,0,190,0,948,2,278,0,7840,0,2,0,-2194,4,1264,70,12604
2026/06/13,10:00,12972,0,2862,1492,0,150,0,908,2,268,0,8394,0,4,0,-2200,6,1014,72,12972
2026/06/13,10:30,13052,0,3228,1400,0,146,11,888,0,266,52,8834,0,2,0,-2180,6,416,46,13052
2026/06/13,11:00,13206,0,3418,1408,0,154,60,904,2,256,59,9140,0,4,0,-2262,2,144,36,13206
2026/06/13,11:30,13222,0,3348,1438,0,160,60,884,2,264,59,9244,0,4,0,-2212,4,54,32,13222
2026/06/13,12:00,13160,0,3270,1608,0,150,60,900,2,262,53,9242,0,6,0,-2162,2,-152,32,13160
2026/06/13,12:30,13128,0,2786,1762,0,150,60,884,2,274,53,9022,0,12,0,-2448,2,648,34,13128
2026/06/13,13:00,13234,0,2860,1970,0,178,0,918,2,290,0,8774,0,14,0,-2494,2,680,40,13234
2026/06/13,13:30,13220,0,2742,2004,0,182,0,950,0,314,0,8476,0,14,0,-2622,4,1110,46,13220
2026/06/13,14:00,13180,0,2972,2044,0,216,0,986,2,330,0,7804,0,18,0,-2402,4,1146,60,13180
2026/06/13,14:30,12906,0,2682,2158,0,236,0,1028,2,348,0,6886,0,18,0,-2282,4,1768,58,12906
2026/06/13,15:00,13052,0,2988,2686,0,226,0,1150,0,366,0,6000,0,20,0,-1864,4,1422,54,13052
2026/06/13,15:30,12676,0,2876,2922,0,238,0,1174,2,374,0,5038,0,20,0,-1364,8,1336,52,12676
2026/06/13,16:00,12748,0,3344,3010,0,226,0,1338,2,374,0,3976,0,20,0,-428,4,792,90,12748
2026/06/13,16:30,12722,0,3100,3252,0,230,0,1404,2,386,0,2834,0,18,0,232,8,1158,98,12722
2026/06/13,17:00,12760,0,3506,3398,0,234,0,1490,2,382,0,1872,0,20,0,558,10,1160,128,12760
2026/06/13,17:30,12412,0,3674,3440,0,248,0,1540,0,390,0,1018,0,18,0,1298,24,634,128,12412
2026/06/13,18:00,12710,0,3376,3686,0,232,0,1696,2,386,0,344,0,22,0,1554,28,1250,134,12710
2026/06/13,18:30,12428,0,3130,3720,0,242,0,1792,2,394,0,70,0,28,0,1658,24,1236,132,12428
2026/06/13,19:00,12676,0,3204,3736,0,248,0,1790,2,386,0,0,0,28,0,1704,30,1408,140,12676
2026/06/13,19:30,12484,0,3560,3718,0,246,0,1796,2,390,0,0,0,22,0,1762,18,834,136,12484
2026/06/13,20:00,12286,0,3102,3740,0,286,0,1680,0,384,0,0,0,30,0,1716,18,1202,128,12286
2026/06/13,20:30,12118,0,2772,3718,0,270,0,1646,2,394,0,0,0,34,0,2024,16,1116,126,12118
2026/06/13,21:00,11848,0,3002,3740,0,252,0,1674,2,388,0,0,0,30,0,1880,16,754,110,11848
2026/06/13,21:30,11512,0,2744,3716,0,246,0,1640,2,394,0,0,0,26,0,1558,10,1066,110,11512
2026/06/13,22:00,11270,0,2960,3742,0,244,0,1552,2,384,0,0,0,18,0,1314,10,954,90,11270
2026/06/13,22:30,11058,0,2862,3716,0,262,0,1506,2,386,0,0,0,12,0,1036,6,1194,76,11058
2026/06/13,23:00,10936,0,3274,3738,0,250,0,1398,0,388,0,0,0,10,0,658,14,1132,74,10936
2026/06/13,23:30,10732,0,3212,3732,0,248,0,1394,2,396,0,0,0,4,0,518,6,1146,74,10732
2026/06/14,00:00,10256,0,3042,3732,0,232,0,1258,2,386,0,0,0,2,0,600,4,940,58,10256
2026/06/14,00:30,10060,0,2700,3718,0,230,0,1232,2,396,0,0,0,4,0,534,2,1182,60,10060
2026/06/14,01:00,9654,0,2460,3538,0,236,0,1248,2,388,0,0,0,2,0,488,2,1232,58,9654
2026/06/14,01:30,9638,0,2558,3382,0,236,0,1244,2,398,0,0,0,2,0,494,2,1260,60,9638
2026/06/14,02:00,9556,0,2454,3412,0,238,0,1238,2,388,0,0,0,6,0,492,0,1266,60,9556
2026/06/14,02:30,9778,0,2618,3480,0,242,0,1246,0,396,0,0,0,10,0,502,8,1196,80,9778
2026/06/14,03:00,9832,0,2532,3656,0,238,0,1248,2,392,0,0,0,14,0,494,8,1150,98,9832
2026/06/14,03:30,9960,0,2596,3708,0,258,0,1270,2,396,0,0,0,18,0,588,12,1008,104,9960
2026/06/14,04:00,10124,0,2568,3740,0,252,0,1238,2,388,0,0,0,24,0,620,8,1178,106,10124
2026/06/14,04:30,10102,0,2650,3716,0,244,0,1266,2,386,0,16,0,24,0,616,6,1072,104,10102
2026/06/14,05:00,9922,0,2674,3742,0,246,0,1230,2,390,0,122,0,30,0,212,4,1168,102,9922
2026/06/14,05:30,9708,0,2460,3672,0,238,0,1232,2,388,0,462,0,24,0,-12,4,1154,84,9708
2026/06/14,06:00,9448,0,2824,3564,0,226,0,1176,0,388,0,880,0,20,0,-612,10,924,48,9448
2026/06/14,06:30,9598,0,2782,3644,0,238,0,1156,2,392,0,1560,0,18,0,-1088,6,844,44,9598
2026/06/14,07:00,9728,0,2894,3736,0,222,0,1090,2,388,0,2388,0,20,0,-1458,6,394,46,9728
2026/06/14,07:30,9964,0,3346,3714,0,220,0,1084,2,392,0,3120,0,24,0,-1594,4,-404,56,9964
2026/06/14,08:00,10336,0,2750,3736,0,244,0,988,2,384,0,3664,0,34,0,-2072,6,514,86,10336
2026/06/14,08:30,10646,0,2470,3658,0,224,0,886,2,390,0,4254,0,44,0,-2204,6,840,76,10646
2026/06/14,09:00,10994,0,2764,3740,0,216,0,872,0,392,0,4588,0,54,0,-2496,4,788,72,10994
2026/06/14,09:30,11204,0,3240,3716,0,220,0,876,2,396,0,4782,0,50,0,-2724,10,566,70,11204
2026/06/14,10:00,11442,0,2958,3730,0,224,0,848,2,390,0,5330,0,32,0,-2746,2,600,72,11442
2026/06/14,10:30,11432,0,3232,3680,0,242,0,856,2,394,0,5650,0,42,0,-2644,6,-80,52,11432
2026/06/14,11:00,11488,0,3292,3618,0,238,0,848,2,394,0,5716,0,60,0,-2506,2,-208,32,11488
2026/06/14,11:30,11540,0,3462,3592,0,238,0,848,2,404,0,5644,0,62,0,-2486,2,-262,34,11540
2026/06/14,12:00,11570,0,3592,3624,0,238,0,850,0,392,0,5282,0,78,0,-2306,4,-216,32,11570
2026/06/14,12:30,11396,0,3458,3602,0,230,0,856,2,402,0,4544,0,90,0,-2096,6,268,34,11396
2026/06/14,13:00,11384,0,3220,3704,0,232,0,860,0,396,0,3930,0,88,0,-1964,8,872,38,11384
2026/06/14,13:30,11456,0,3550,3712,0,222,0,872,2,402,0,3814,0,80,0,-1074,10,-170,36,11456
2026/06/14,14:00,11398,0,3408,3722,0,216,0,928,2,392,0,3562,0,72,0,-272,4,-682,46,11398
2026/06/14,14:30,11274,0,3082,3706,0,220,0,994,2,402,0,2922,0,46,0,-460,4,300,56,11274
2026/06/14,15:00,11444,0,2978,3724,0,226,0,1090,2,394,0,2264,0,36,0,-458,12,1084,92,11444
2026/06/14,15:30,11236,0,2682,3712,0,224,0,1138,2,402,0,1722,0,56,0,-456,6,1648,100,11236
2026/06/14,16:00,11558,0,2920,3740,0,230,0,1284,0,394,0,1166,0,40,0,-240,4,1922,98,11558
2026/06/14,16:30,11428,0,3182,3720,0,238,0,1360,2,400,0,770,0,48,0,2,6,1598,102,11428
2026/06/14,17:00,11792,0,3862,3738,0,250,0,1452,2,394,0,444,0,42,0,130,6,1330,142,11792
2026/06/14,17:30,11850,0,3796,3718,0,250,0,1516,2,402,0,250,0,30,0,104,8,1630,144,11850
2026/06/14,18:00,12094,0,4514,3742,0,248,0,1670,2,394,0,84,0,34,0,40,12,1210,144,12094
2026/06/14,18:30,12146,0,4444,3716,0,266,0,1724,2,404,0,22,0,32,0,84,14,1298,140,12146
2026/06/14,19:00,12278,0,4188,3744,0,262,0,1864,0,396,0,0,0,36,0,164,12,1466,146,12278
2026/06/14,19:30,11980,0,4046,3714,0,310,0,1880,2,402,0,0,0,34,0,144,12,1292,144,11980
2026/06/14,20:00,11760,0,3904,3738,0,282,0,1820,2,394,0,0,0,40,0,100,12,1324,144,11760
2026/06/14,20:30,11646,0,3848,3720,0,270,0,1770,2,408,0,0,0,66,0,48,8,1362,144,11646
2026/06/14,21:00,11476,0,3996,3742,0,250,0,1622,2,402,0,0,0,72,0,44,4,1200,142,11476
2026/06/14,21:30,11184,0,3776,3716,0,260,0,1594,2,406,0,0,0,64,0,128,4,1106,128,11184
2026/06/14,22:00,10924,0,3552,3740,0,248,0,1536,0,400,0,0,0,56,0,72,4,1212,104,10924
2026/06/14,22:30,10606,0,3410,3720,0,258,0,1384,2,406,0,0,0,64,0,18,4,1246,94,10606
2026/06/14,23:00,10584,0,3494,3732,0,260,0,1250,2,400,0,0,0,60,0,16,0,1284,86,10584
2026/06/14,23:30,10318,0,3500,3732,0,268,0,1240,2,410,0,0,0,74,0,20,2,984,86,10318
2026/06/15,00:00,10016,0,3360,3728,0,274,0,1080,2,402,0,0,0,92,0,2,0,1004,72,10016
2026/06/15,00:30,9750,0,3114,3714,0,260,0,1104,2,406,0,0,0,102,0,4,0,970,74,9750
2026/06/15,01:00,9618,0,2952,3742,0,252,0,1156,2,402,0,0,0,124,0,2,0,904,82,9618
2026/06/15,01:30,9452,0,2754,3718,0,254,0,1138,0,406,0,0,0,100,0,88,0,920,74,9452
2026/06/15,02:00,9604,0,3068,3742,0,258,0,1188,2,400,0,0,0,74,0,138,0,672,62,9604
2026/06/15,02:30,9566,0,2900,3714,0,254,0,1174,2,402,0,0,0,118,0,128,0,842,32,9566
2026/06/15,03:00,9944,0,3224,3742,0,244,0,1186,2,400,0,0,0,134,0,138,2,842,30,9944
2026/06/15,03:30,9964,0,3262,3720,0,262,0,1172,2,406,0,0,0,130,0,140,2,840,28,9964
2026/06/15,04:00,10262,0,3456,3740,0,260,0,1164,2,398,0,0,0,112,0,142,2,960,26,10262
2026/06/15,04:30,10504,0,3402,3712,0,268,0,1138,0,410,0,6,0,120,0,236,0,1194,18,10504
2026/06/15,05:00,10808,0,3994,3744,0,268,0,1136,2,396,0,24,0,116,0,302,0,810,16,10808
2026/06/15,05:30,10702,0,3698,3712,0,252,0,1128,2,404,0,164,0,82,0,188,0,1056,16,10702
2026/06/15,06:00,11054,0,3582,3744,0,266,0,1116,2,398,0,566,0,56,0,226,4,1068,26,11054
2026/06/15,06:30,11350,0,3346,3718,0,254,0,1080,2,400,0,1216,0,58,0,148,2,1104,22,11350
2026/06/15,07:00,12174,0,3736,3734,0,256,0,1092,2,396,0,1902,0,42,0,138,6,834,36,12174
2026/06/15,07:30,12850,0,3720,3720,0,242,0,1098,2,392,0,2814,0,34,0,112,0,674,42,12850
2026/06/15,08:00,14160,0,3692,3732,0,240,0,1116,0,386,0,3690,0,30,0,-78,4,1264,84,14160
2026/06/15,08:30,15364,0,4014,3720,0,242,0,1148,2,388,0,4490,0,36,0,-262,2,1502,82,15364
2026/06/15,09:00,15946,0,3546,3728,0,244,0,1074,2,390,0,5332,0,30,0,-256,4,1768,84,15946
2026/06/15,09:30,16388,0,3446,3722,0,242,0,974,2,396,0,5960,0,28,0,-248,2,1774,90,16388
2026/06/15,10:00,16562,0,3562,3728,0,260,0,972,2,396,0,6716,0,24,0,-32,2,862,70,16562
2026/06/15,10:30,16586,0,3190,3726,0,252,0,994,2,402,0,7412,0,24,0,2,4,524,54,16586
2026/06/15,11:00,16736,0,3456,3730,0,240,0,1002,0,394,0,7722,0,24,0,-216,8,324,52,16736
2026/06/15,11:30,16846,0,3840,3720,0,234,0,992,2,408,0,7540,0,24,0,-340,6,376,44,16846
2026/06/15,12:00,16174,0,3380,3734,0,232,0,954,2,400,0,7468,0,26,0,-726,2,664,38,16174
2026/06/15,12:30,16324,0,3132,3724,0,238,0,968,2,406,0,7324,0,28,0,-898,6,1348,46,16324
2026/06/15,13:00,17082,0,4118,3732,0,220,0,1008,2,398,0,6500,0,24,0,-358,10,1344,84,17082
2026/06/15,13:30,17280,0,3726,3722,0,224,0,1076,2,400,0,6078,0,24,0,148,8,1792,80,17280
2026/06/15,14:00,17364,0,3870,3728,0,230,0,1180,2,398,0,6074,0,14,0,222,6,1554,86,17364
2026/06/15,14:30,17192,0,4168,3728,0,232,0,1266,0,402,0,5558,0,12,0,156,10,1576,84,17192
2026/06/15,15:00,17002,0,4166,3734,0,238,0,1470,2,402,0,4960,0,10,0,160,8,1768,84,17002
2026/06/15,15:30,17098,0,4756,3720,0,238,0,1690,2,408,0,3882,0,14,0,592,12,1702,82,17098
2026/06/15,16:00,16946,0,4606,3730,0,252,0,1810,2,400,0,2606,0,14,0,702,12,2694,118,16946
2026/06/15,16:30,16488,0,5004,3724,0,262,0,1834,2,406,0,1744,0,14,0,900,24,2456,118,16488
2026/06/15,17:00,15920,0,4718,3734,0,240,0,1894,0,406,0,1280,0,20,0,632,14,2862,120,15920
2026/06/15,17:30,15738,0,5052,3720,0,238,0,1902,2,410,0,730,0,20,0,974,26,2544,120,15738
2026/06/15,18:00,15568,0,5088,3734,0,242,0,1918,2,406,0,252,0,26,0,2002,26,1752,120,15568
2026/06/15,18:30,15346,0,5228,3730,0,244,0,1946,2,410,0,52,0,40,0,2248,26,1300,120,15346
2026/06/15,19:00,15158,0,5134,3732,0,258,0,1944,0,406,0,0,0,42,0,2526,14,980,122,15158
2026/06/15,19:30,14790,0,4978,3724,0,260,0,1906,2,412,0,0,0,38,0,1634,14,1704,118,14790
2026/06/15,20:00,14530,0,4722,3738,0,266,0,1768,2,408,0,0,0,42,0,1080,16,2370,118,14530
2026/06/15,20:30,14274,0,4560,3718,0,268,0,1624,2,408,0,0,0,44,0,654,16,2880,100,14274
2026/06/15,21:00,14026,0,4534,3734,0,262,0,1374,2,408,0,0,0,36,0,312,8,3256,100,14026
2026/06/15,21:30,13744,0,4588,3724,0,250,0,1340,2,410,0,0,0,40,0,246,8,3032,104,13744
2026/06/15,22:00,13752,0,4656,3734,0,246,0,1312,0,402,0,0,0,40,0,192,6,3088,76,13752
2026/06/15,22:30,13426,0,4752,3720,0,242,0,1288,2,408,0,0,0,34,0,208,10,2692,70,13426
2026/06/15,23:00,13214,0,4838,3730,0,246,0,1200,2,402,0,0,0,26,0,64,12,2626,68,13214
2026/06/15,23:30,13000,0,4814,3736,0,238,0,1186,2,408,0,0,0,24,0,162,8,2354,68,13000
2026/06/16,00:00,12616,0,4810,3728,0,236,0,1214,2,400,0,0,0,36,0,172,4,1958,56,12616
2026/06/16,00:30,12166,0,4258,3726,0,270,0,1204,0,408,0,0,0,38,0,38,2,2172,50,12166
2026/06/16,01:00,11950,0,4196,3728,0,262,0,1198,2,402,0,0,0,40,0,36,2,2032,52,11950
2026/06/16,01:30,11630,0,4058,3722,0,266,0,1192,2,410,0,0,0,26,0,30,0,1872,52,11630
2026/06/16,02:00,11720,0,4066,3736,0,248,0,1246,2,402,0,0,0,22,0,30,0,1916,52,11720
2026/06/16,02:30,11762,0,4028,3716,0,256,0,1242,2,412,0,0,0,14,0,32,0,2014,46,11762
2026/06/16,03:00,11854,0,4032,3728,0,254,0,1230,2,404,0,0,0,6,0,34,0,2118,46,11854
2026/06/16,03:30,11902,0,4084,3730,0,242,0,1240,2,410,0,0,0,8,0,30,2,2094,60,11902
2026/06/16,04:00,12078,0,4210,3730,0,242,0,1238,0,404,0,0,0,8,0,36,2,2148,60,12078
2026/06/16,04:30,12020,0,4236,3724,0,254,0,1238,2,408,0,20,0,6,0,32,2,2032,66,12020
2026/06/16,05:00,12138,0,4092,3732,0,238,0,1234,2,400,0,190,0,2,0,34,2,2146,66,12138
2026/06/16,05:30,11810,0,3352,3726,0,232,0,1222,2,408,0,714,0,0,0,28,0,2072,54,11810
2026/06/16,06:00,12166,0,3456,3730,0,236,0,1132,2,400,0,1548,0,0,0,-174,0,1802,34,12166
2026/06/16,06:30,12426,0,3190,3722,0,238,0,1110,2,404,0,2476,0,0,0,-412,2,1660,34,12426
2026/06/16,07:00,13130,0,3782,3734,0,216,0,1098,0,398,0,3262,0,2,0,-722,6,1318,36,13130
2026/06/16,07:30,13788,0,3500,3722,0,218,0,1104,2,402,0,4090,0,0,0,-716,6,1426,34,13788
2026/06/16,08:00,15094,0,3894,3728,0,216,0,1032,2,402,0,4936,0,2,0,-652,4,1490,40,15094
2026/06/16,08:30,16142,0,4132,3724,0,220,0,946,2,388,0,5682,0,2,0,-42,6,1046,36,16142
2026/06/16,09:00,17130,0,4402,3732,0,204,0,892,2,398,0,6072,0,2,0,420,4,894,108,17130
2026/06/16,09:30,17208,0,4118,3718,0,208,0,902,2,398,0,6000,0,2,0,648,6,1092,114,17208
2026/06/16,10:00,17460,0,2966,3596,0,208,0,874,2,398,0,6636,0,6,0,-22,2,2676,118,17460
2026/06/16,10:30,17568,0,4002,3654,0,212,0,874,0,404,0,7104,0,2,0,-614,6,1808,116,17568
2026/06/16,11:00,17646,0,3584,3716,0,210,0,882,2,400,0,7602,0,2,0,-738,4,1896,86,17646
2026/06/16,11:30,17620,0,4374,3726,0,212,0,876,2,404,0,7492,0,4,0,-686,4,1164,48,17620
2026/06/16,12:00,16662,0,4296,3730,0,210,0,874,2,406,0,6704,0,2,0,-628,4,1016,46,16662
2026/06/16,12:30,16578,0,4092,3666,0,212,0,888,2,410,0,6208,0,8,0,-740,4,1782,46,16578
2026/06/16,13:00,17340,0,5018,3726,0,228,0,906,0,400,0,5848,0,14,0,-738,2,1886,50,17340
2026/06/16,13:30,17650,0,5620,3726,0,228,0,940,2,406,0,5384,0,12,0,-704,4,1986,46,17650
2026/06/16,14:00,17690,0,5798,3732,0,230,0,1032,0,400,0,5006,0,24,0,-278,4,1662,80,17690
2026/06/16,14:30,17600,0,6064,3722,0,228,0,1106,2,400,0,4464,0,28,0,-28,2,1516,96,17600
2026/06/16,15:00,17254,0,5676,3734,0,230,0,1328,2,400,0,3876,0,32,0,132,2,1742,100,17254
2026/06/16,15:30,17270,0,5508,3726,0,236,0,1402,2,408,0,3302,0,36,0,142,6,2408,94,17270
2026/06/16,16:00,17162,0,5470,3732,0,228,0,1494,2,398,0,2680,0,36,0,136,2,2888,96,17162
2026/06/16,16:30,16776,0,5838,3728,0,234,0,1618,2,406,0,1900,0,30,0,162,8,2754,96,16776
2026/06/16,17:00,16216,0,5858,3722,0,232,0,1848,0,404,0,1150,0,32,0,340,10,2486,134,16216
2026/06/16,17:30,16008,0,6162,3728,0,238,0,1932,2,410,0,570,0,38,0,514,12,2268,134,16008
2026/06/16,18:00,15746,0,6024,3728,0,238,0,1964,2,406,0,228,0,36,0,650,14,2322,134,15746
2026/06/16,18:30,15660,0,5974,3724,0,236,0,1982,2,406,0,54,0,40,0,592,22,2496,132,15660
2026/06/16,19:00,15422,0,5966,3730,0,236,0,1962,2,400,0,0,0,48,0,544,16,2380,138,15422
2026/06/16,19:30,15056,0,5748,3724,0,238,0,1904,2,402,0,0,0,64,0,510,22,2304,138,15056
2026/06/16,20:00,14742,0,5680,3730,0,240,0,1812,0,404,0,0,0,64,0,586,12,2078,136,14742
2026/06/16,20:30,14504,0,5260,3726,0,252,0,1742,2,410,0,0,0,54,0,268,8,2666,116,14504
2026/06/16,21:00,14298,0,5198,3734,0,238,0,1476,2,404,0,0,0,42,0,116,6,2964,118,14298
2026/06/16,21:30,13948,0,5144,3720,0,234,0,1360,2,412,0,0,0,46,0,154,8,2756,112,13948
2026/06/16,22:00,13920,0,5070,3726,0,234,0,1254,2,400,0,0,0,34,0,192,6,2908,94,13920
2026/06/16,22:30,13552,0,5012,3720,0,236,0,1214,2,406,0,0,0,22,0,242,6,2612,80,13552
2026/06/16,23:00,13590,0,5054,3736,0,234,0,1188,0,398,0,0,0,24,0,196,6,2674,80,13590
2026/06/16,23:30,13056,0,4852,3718,0,232,0,1096,2,408,0,0,0,28,0,190,2,2442,86,13056
2026/06/17,00:00,12694,0,5106,3732,0,234,0,1062,2,404,0,0,0,36,0,442,4,1590,82,12694
2026/06/17,00:30,12252,0,4928,3724,0,236,0,1094,2,408,0,0,0,42,0,110,2,1638,68,12252
2026/06/17,01:00,12054,0,5002,3726,0,232,0,1106,2,404,0,0,0,38,0,36,2,1432,74,12054
2026/06/17,01:30,11808,0,4708,3726,0,236,0,1098,2,412,0,0,0,50,0,34,0,1468,74,11808
2026/06/17,02:00,11842,0,4738,3726,0,238,0,1064,2,406,0,0,0,62,0,38,0,1510,58,11842
2026/06/17,02:30,11808,0,4716,3728,0,234,0,1030,0,412,0,0,0,66,0,34,0,1556,32,11808
2026/06/17,03:00,11892,0,4722,3728,0,248,0,1036,2,402,0,0,0,70,0,36,0,1606,42,11892
2026/06/17,03:30,12042,0,4830,3724,0,236,0,1034,2,406,0,0,0,64,0,34,2,1672,38,12042
2026/06/17,04:00,12042,0,4814,3724,0,234,0,1038,2,406,0,0,0,70,0,36,0,1680,38,12042
2026/06/17,04:30,12066,0,4698,3726,0,242,0,1018,2,406,0,20,0,80,0,36,0,1800,38,12066
2026/06/17,05:00,12032,0,4544,3730,0,242,0,1052,2,406,0,186,0,84,0,32,0,1718,36,12032
2026/06/17,05:30,11990,0,4040,3722,0,234,0,1040,0,410,0,724,0,92,0,2,0,1686,40,11990
2026/06/17,06:00,12222,0,4110,3732,0,234,0,974,2,406,0,1582,0,92,0,-4,2,1058,34,12222
2026/06/17,06:30,12686,0,3908,3692,0,234,0,966,2,410,0,2624,0,88,0,-218,0,952,28,12686
2026/06/17,07:00,13248,0,4058,3458,0,264,0,960,2,404,0,3660,0,82,0,-778,0,1104,34,13248
2026/06/17,07:30,14078,0,4668,3468,0,262,0,932,0,414,0,4770,0,96,0,-1734,0,1170,32,14078
2026/06/17,08:00,15276,0,5100,3724,0,242,0,904,2,404,0,5756,0,96,0,-1640,0,652,36,15276
2026/06/17,08:30,16488,0,5232,3724,0,238,0,890,2,410,0,6588,0,100,0,-1480,2,738,44,16488
2026/06/17,09:00,17290,0,5174,3732,0,214,0,1026,2,404,0,7270,0,108,0,-1288,0,538,110,17290
2026/06/17,09:30,17556,0,5340,3720,0,214,0,1046,2,410,0,7490,0,126,0,-1294,2,386,114,17556
2026/06/17,10:00,17640,0,4654,3698,0,232,0,1048,0,402,0,7766,0,140,0,-1282,2,868,112,17640
2026/06/17,10:30,17736,0,4786,3722,0,230,0,902,2,406,0,8202,0,138,0,-1464,2,708,102,17736
2026/06/17,11:00,17818,0,5256,3728,0,234,0,882,2,400,0,8454,0,124,0,-1450,2,138,48,17818
2026/06/17,11:30,17828,0,5770,3730,0,232,0,886,2,404,0,8522,0,104,0,-1566,0,-300,44,17828
2026/06/17,12:00,16904,0,5160,3728,0,238,0,896,2,404,0,8152,0,96,0,-1552,0,-262,42,16904
2026/06/17,12:30,16926,0,5388,3726,0,232,0,902,2,404,0,7180,0,114,0,-1148,2,80,44,16926
2026/06/17,13:00,17680,0,6012,3728,0,236,0,938,0,402,0,5494,0,116,0,-276,4,982,44,17680
2026/06/17,13:30,17748,0,4934,3720,0,238,0,988,2,408,0,4674,0,102,0,68,2,2546,66,17748
2026/06/17,14:00,17694,0,5354,3724,0,236,0,1106,2,398,0,4244,0,86,0,142,0,2324,78,17694
2026/06/17,14:30,17638,0,5412,3728,0,238,0,1184,2,398,0,3938,0,94,0,148,0,2422,74,17638
2026/06/17,15:00,17156,0,5934,3732,0,234,0,1318,0,398,0,3318,0,96,0,114,2,1930,80,17156
2026/06/17,15:30,17208,0,6592,3716,0,246,0,1556,0,402,0,2634,0,114,0,60,4,1808,76,17208
2026/06/17,16:00,17156,0,6758,3722,0,236,0,1652,0,400,0,2110,0,118,0,58,4,1982,116,17156
2026/06/17,16:30,16704,0,7214,3730,0,250,0,1742,0,404,0,1514,0,126,0,156,8,1442,118,16704
2026/06/17,17:00,16004,0,6932,3728,0,248,0,1754,0,402,0,876,0,132,0,146,12,1656,118,16004
2026/06/17,17:30,15788,0,7138,3722,0,258,0,1800,0,402,0,474,0,120,0,222,16,1520,116,15788
2026/06/17,18:00,15658,0,6842,3730,0,256,0,1886,0,400,0,164,0,120,0,372,10,1758,120,15658
2026/06/17,18:30,15526,0,6922,3726,0,254,0,1890,0,406,0,32,0,120,0,404,8,1648,116,15526
2026/06/17,19:00,15376,0,6498,3724,0,250,0,1842,0,400,0,0,0,118,0,852,8,1552,132,15376
2026/06/17,19:30,15060,0,6234,3722,0,252,0,1858,0,410,0,0,0,110,0,872,14,1460,128,15060
2026/06/17,20:00,14810,0,6262,3732,0,250,0,1582,2,408,0,0,0,124,0,878,8,1454,110,14810
2026/06/17,20:30,14512,0,6150,3726,0,262,0,1428,2,406,0,0,0,112,0,872,6,1446,102,14512
2026/06/17,21:00,14296,0,5950,3724,0,274,0,1286,2,404,0,0,0,86,0,874,4,1584,108,14296
2026/06/17,21:30,14052,0,6048,3726,0,282,0,1272,2,412,0,0,0,60,0,524,4,1620,102,14052
2026/06/17,22:00,13872,0,6742,3724,0,280,0,1104,0,404,0,0,0,58,0,58,8,1414,80,13872
2026/06/17,22:30,13612,0,6218,3728,0,258,0,1108,2,400,0,0,0,72,0,4,0,1754,68,13612
2026/06/17,23:00,13520,0,6484,3726,0,278,0,1088,2,396,0,0,0,92,0,4,2,1376,72,13520
2026/06/17,23:30,13078,0,6068,3722,0,250,0,1064,2,404,0,0,0,100,0,2,0,1400,66,13078
2026/06/18,00:00,12672,0,5598,3724,0,240,0,1040,2,396,0,0,0,94,0,16,2,1508,52,12672
2026/06/18,00:30,12216,0,5068,3728,0,242,0,1030,2,398,0,0,0,96,0,36,0,1564,52,12216
2026/06/18,01:00,11980,0,4414,3728,0,244,0,1032,2,398,0,0,0,76,0,36,0,1992,58,11980
2026/06/18,01:30,11786,0,4076,3668,0,246,0,1022,0,404,0,0,0,84,0,34,0,2194,58,11786
2026/06/18,02:00,11754,0,3964,3702,0,238,0,1034,2,398,0,0,0,74,0,36,4,2232,70,11754
2026/06/18,02:30,11744,0,3822,3720,0,240,0,1038,2,404,0,0,0,50,0,36,4,2360,68,11744
2026/06/18,03:00,11992,0,4504,3728,0,270,0,1040,2,400,0,0,0,30,0,36,8,1894,80,11992
2026/06/18,03:30,11964,0,4740,3726,0,252,0,1044,2,404,0,0,0,30,0,36,18,1632,80,11964
2026/06/18,04:00,12242,0,5118,3726,0,238,0,1048,2,398,0,0,0,32,0,38,6,1568,68,12242
2026/06/18,04:30,12244,0,5050,3720,0,244,0,1042,0,402,0,10,0,28,0,34,10,1638,66,12244
2026/06/18,05:00,12322,0,5134,3732,0,250,0,1066,2,398,0,40,0,34,0,38,6,1558,64,12322
2026/06/18,05:30,12168,0,4534,3726,0,240,0,1066,2,404,0,240,0,40,0,30,0,1822,64,12168
2026/06/18,06:00,12358,0,4636,3726,0,240,0,1066,2,392,0,754,0,42,0,4,0,1430,66,12358
2026/06/18,06:30,12652,0,4172,3710,0,242,0,1058,2,404,0,1674,0,28,0,-120,2,1436,44,12652
2026/06/18,07:00,13346,0,4202,3600,0,242,0,1058,2,392,0,2734,0,32,0,-460,2,1502,40,13346
2026/06/18,07:30,14110,0,4122,3630,0,242,0,1056,0,396,0,3780,0,26,0,-504,2,1326,34,14110
2026/06/18,08:00,15418,0,4512,3714,0,252,0,1058,2,388,0,5096,0,24,0,-638,2,952,56,15418
2026/06/18,08:30,16620,0,4938,3728,0,268,0,1058,2,394,0,6182,0,28,0,-680,0,644,58,16620
2026/06/18,09:00,17524,0,4576,3728,0,274,0,1044,0,392,0,7040,0,12,0,-128,2,464,120,17524
2026/06/18,09:30,18104,0,4444,3728,0,258,0,1058,2,394,0,7656,0,8,0,2,2,434,118,18104
2026/06/18,10:00,18136,0,4422,3732,0,256,0,1074,2,390,0,7778,0,6,0,0,6,352,118,18136
2026/06/18,10:30,18362,0,4062,3666,0,254,0,1086,2,396,0,8062,0,4,0,-154,10,856,118,18362
2026/06/18,11:00,18434,0,4626,3718,0,260,0,1104,2,394,0,7924,0,8,0,-240,4,582,52,18434
2026/06/18,11:30,18518,0,4612,3722,0,258,0,1100,2,396,0,7804,0,14,0,-346,6,894,56,18518
2026/06/18,12:00,17792,0,3736,3482,0,256,0,1060,0,396,0,7784,0,18,0,-460,4,1460,56,17792
2026/06/18,12:30,17976,0,4056,3564,0,266,0,1094,2,398,0,7512,0,22,0,-442,6,1440,58,17976
2026/06/18,13:00,18918,0,4702,3718,0,258,0,1184,0,396,0,7302,0,24,0,-76,10,1342,58,18918
2026/06/18,13:30,19200,0,5124,3728,0,246,0,1254,2,398,0,6850,0,34,0,2,4,1498,60,19200
2026/06/18,14:00,19362,0,5156,3730,0,250,0,1314,2,394,0,6268,0,36,0,4,2,2120,86,19362
2026/06/18,14:30,19130,0,4928,3730,0,246,0,1346,2,396,0,5768,0,46,0,26,6,2544,92,19130
2026/06/18,15:00,18894,0,5126,3728,0,246,0,1528,0,398,0,5138,0,50,0,32,14,2542,92,18894
2026/06/18,15:30,19078,0,6270,3726,0,260,0,1666,2,398,0,4028,0,60,0,112,8,2460,88,19078
2026/06/18,16:00,18904,0,6574,3734,0,248,0,1680,2,394,0,3268,0,54,0,746,12,2110,82,18904
2026/06/18,16:30,18440,0,6498,3720,0,250,0,1678,2,400,0,2584,0,66,0,980,14,2166,82,18440
2026/06/18,17:00,17748,0,6328,3732,0,280,0,1826,2,402,0,1966,0,58,0,936,14,2072,132,17748
2026/06/18,17:30,17452,0,6538,3722,0,258,0,1836,2,402,0,1132,0,42,0,1124,24,2242,130,17452
2026/06/18,18:00,17150,0,6674,3730,0,258,0,1872,0,402,0,402,0,26,0,1284,24,2348,130,17150
2026/06/18,18:30,17006,0,6636,3722,0,278,0,1914,2,406,0,74,0,28,0,1510,32,2274,130,17006
2026/06/18,19:00,16652,0,6030,3730,0,298,0,1856,0,400,0,0,0,32,0,982,20,3162,142,16652
2026/06/18,19:30,16266,0,5960,3726,0,280,0,1802,2,408,0,0,0,44,0,394,22,3502,126,16266
2026/06/18,20:00,15990,0,6766,3730,0,266,0,1734,2,402,0,0,0,38,0,250,14,2678,110,15990
2026/06/18,20:30,15606,0,6700,3722,0,266,0,1464,2,404,0,0,0,20,0,208,8,2708,104,15606
2026/06/18,21:00,15340,0,6464,3732,0,246,0,1302,2,400,0,0,0,14,0,162,6,2904,108,15340
2026/06/18,21:30,14954,0,6028,3728,0,246,0,1250,2,402,0,0,0,12,0,158,8,3014,106,14954
2026/06/18,22:00,14768,0,6192,3730,0,242,0,1190,0,398,0,0,0,6,0,94,4,2828,84,14768
2026/06/18,22:30,14288,0,5876,3724,0,238,0,1168,2,404,0,0,0,6,0,14,4,2782,70,14288
2026/06/18,23:00,14238,0,6060,3728,0,236,0,1148,2,402,0,0,0,8,0,4,4,2574,72,14238
2026/06/18,23:30,13774,0,5902,3726,0,236,0,1148,2,404,0,0,0,8,0,2,0,2276,70,13774
2026/06/19,00:00,13240,0,5662,3726,0,236,0,1136,2,400,0,0,0,12,0,4,2,1986,74,13240
2026/06/19,00:30,12784,0,5472,3728,0,244,0,1130,0,408,0,0,0,14,0,2,0,1716,70,12784
2026/06/19,01:00,12538,0,5134,3728,0,242,0,1144,2,400,0,0,0,20,0,4,0,1792,72,12538
2026/06/19,01:30,12218,0,5204,3728,0,242,0,1128,2,406,0,0,0,18,0,2,0,1420,68,12218
2026/06/19,02:00,12250,0,5182,3732,0,242,0,1124,2,396,0,0,0,14,0,4,0,1492,62,12250
2026/06/19,02:30,12196,0,5198,3726,0,240,0,1136,2,408,0,0,0,12,0,2,2,1410,60,12196
2026/06/19,03:00,12272,0,5372,3726,0,240,0,1110,2,398,0,0,0,10,0,4,0,1346,64,12272
2026/06/19,03:30,12380,0,5390,3720,0,248,0,1138,2,406,0,0,0,8,0,2,4,1404,58,12380
2026/06/19,04:00,12358,0,5322,3724,0,264,0,1152,0,398,0,0,0,4,0,4,4,1426,60,12358
2026/06/19,04:30,12378,0,5298,3730,0,246,0,1134,2,408,0,36,0,0,0,2,4,1466,52,12378
2026/06/19,05:00,12300,0,4670,3732,0,252,0,1140,2,400,0,254,0,0,0,4,0,1794,52,12300
2026/06/19,05:30,12264,0,4474,3724,0,266,0,1156,2,404,0,832,0,0,0,-156,2,1510,50,12264
2026/06/19,06:00,12610,0,4222,3730,0,248,0,1096,2,400,0,1548,0,0,0,-66,0,1382,48,12610
2026/06/19,06:30,13070,0,3664,3730,0,244,0,1092,0,406,0,2454,0,0,0,2,0,1432,46,13070
2026/06/19,07:00,13674,0,3422,3726,0,240,0,1062,2,396,0,3336,0,2,0,-8,2,1446,48,13674
2026/06/19,07:30,14652,0,3480,3728,0,264,0,1036,2,406,0,4118,0,0,0,6,2,1562,48,14652
2026/06/19,08:00,16024,0,3760,3730,0,238,0,1038,2,402,0,5044,0,2,0,-150,4,1868,86,16024
2026/06/19,08:30,17276,0,4100,3722,0,234,0,1030,2,402,0,5852,0,0,0,26,8,1810,90,17276
2026/06/19,09:00,18310,0,4646,3728,0,234,0,994,2,396,0,6624,0,2,0,540,4,1042,98,18310
2026/06/19,09:30,18750,0,4500,3726,0,238,0,994,0,404,0,7182,0,2,0,884,2,724,94,18750
2026/06/19,10:00,18972,0,4456,3724,0,240,0,994,2,396,0,7786,0,2,0,494,2,808,68,18972
2026/06/19,10:30,19242,0,4582,3724,0,250,0,990,2,402,0,8106,0,4,0,282,0,834,66,19242
2026/06/19,11:00,19366,0,4820,3732,0,240,0,996,0,396,0,8390,0,2,0,18,2,704,66,19366
2026/06/19,11:30,19482,0,5038,3724,0,238,0,1010,2,400,0,8474,0,6,0,-4,0,526,68,19482
2026/06/19,12:00,18758,0,4782,3730,0,272,0,1020,2,398,0,8348,0,2,0,-732,0,872,64,18758
2026/06/19,12:30,18760,0,5356,3728,0,290,0,1036,2,400,0,8218,0,10,0,-854,2,508,64,18760
2026/06/19,13:00,19588,0,6042,3728,0,266,0,1130,2,392,0,7622,0,4,0,-424,0,760,66,19588
2026/06/19,13:30,20040,0,6396,3726,0,246,0,1206,0,402,0,7236,0,12,0,34,2,718,62,20040
2026/06/19,14:00,20126,0,7046,3722,0,250,0,1288,2,392,0,6582,0,10,0,116,0,630,88,20126
2026/06/19,14:30,19818,0,7170,3728,0,240,0,1318,2,396,0,5812,0,10,0,218,4,826,94,19818
2026/06/19,15:00,19554,0,7050,3732,0,254,0,1448,2,394,0,4876,0,14,0,496,2,1192,94,19554
2026/06/19,15:30,19506,0,7434,3720,0,252,0,1534,2,398,0,4152,0,12,0,1544,14,350,94,19506
2026/06/19,16:00,19266,0,7448,3728,0,284,0,1620,2,398,0,3436,0,8,0,1476,4,728,134,19266
2026/06/19,16:30,18702,0,7222,3718,0,274,0,1718,0,398,0,2450,0,12,0,1218,6,1554,132,18702
2026/06/19,17:00,17870,0,7408,3732,0,250,0,1814,2,402,0,1524,0,4,0,1340,12,1248,134,17870
2026/06/19,17:30,17280,0,7442,3724,0,252,0,1882,0,408,0,932,0,4,0,1086,18,1400,132,17280
2026/06/19,18:00,16870,0,7100,3726,0,254,0,1900,2,398,0,370,0,2,0,204,14,2768,132,16870
2026/06/19,18:30,16708,0,7188,3728,0,260,0,1880,2,406,0,64,0,2,0,214,18,2820,126,16708
2026/06/19,19:00,16566,0,6852,3732,0,254,0,1866,2,406,0,0,0,6,0,458,20,2836,134,16566
2026/06/19,19:30,16172,0,6324,3718,0,252,0,1778,2,406,0,0,0,6,0,490,12,3078,106,16172
2026/06/19,20:00,15868,0,6308,3728,0,256,0,1650,0,402,0,0,0,10,0,594,10,2806,104,15868
2026/06/19,20:30,15532,0,6052,3724,0,254,0,1468,2,408,0,0,0,6,0,554,6,2954,104,15532
2026/06/19,21:00,15340,0,6084,3732,0,268,0,1284,2,400,0,0,0,8,0,394,2,3062,104,15340
2026/06/19,21:30,14998,0,6510,3726,0,280,0,1226,2,406,0,0,0,8,0,202,4,2530,104,14998
2026/06/19,22:00,14942,0,6402,3732,0,270,0,1210,2,400,0,0,0,8,0,216,2,2618,82,14942
2026/06/19,22:30,14510,0,5954,3726,0,248,0,1198,2,404,0,0,0,10,0,246,4,2648,70,14510
2026/06/19,23:00,14562,0,6328,3726,0,270,0,1154,0,396,0,0,0,10,0,28,2,2580,68,14562
2026/06/19,23:30,14116,0,6404,3730,0,242,0,1162,2,404,0,0,0,10,0,2,0,2092,68,14116
2026/06/20,00:00,13530,0,6754,3728,0,244,0,1270,2,398,0,0,0,16,0,140,0,908,70,13530
2026/06/20,00:30,12992,0,6114,3722,0,246,0,1292,2,402,0,0,0,24,0,6,2,1132,50,12992
2026/06/20,01:00,12484,0,5982,3736,0,240,0,1274,2,400,0,0,0,18,0,4,0,780,48,12484
2026/06/20,01:30,12250,0,5884,3714,0,238,0,1302,2,402,0,0,0,14,0,2,0,640,52,12250
2026/06/20,02:00,12250,0,5952,3740,0,252,0,1308,2,398,0,0,0,8,0,4,0,536,50,12250
2026/06/20,02:30,12056,0,5784,3718,0,266,0,1296,0,408,0,0,0,16,0,28,0,490,50,12056
2026/06/20,03:00,12164,0,5674,3738,0,262,0,1274,2,402,0,0,0,18,0,40,0,710,44,12164
2026/06/20,03:30,12044,0,5554,3720,0,258,0,1278,2,404,0,0,0,20,0,36,2,716,54,12044
2026/06/20,04:00,11926,0,5668,3740,0,256,0,1274,2,402,0,0,0,26,0,38,0,448,72,11926
2026/06/20,04:30,12038,0,5432,3718,0,258,0,1272,2,402,0,10,0,34,0,36,0,810,64,12038
2026/06/20,05:00,11758,0,5260,3742,0,236,0,1282,2,400,0,38,0,32,0,38,0,666,62,11758
2026/06/20,05:30,11538,0,4776,3584,0,246,0,1278,0,404,0,196,0,42,0,34,0,916,62,11538
2026/06/20,06:00,11190,0,4706,3378,0,238,0,1144,2,402,0,346,0,48,0,6,2,888,30,11190
2026/06/20,06:30,11382,0,4506,3362,0,224,0,1132,2,404,0,566,0,50,0,2,0,1106,28,11382
2026/06/20,07:00,11518,0,4662,3278,0,230,0,1144,0,400,0,840,0,56,0,4,0,874,30,11518
2026/06/20,07:30,11906,0,4970,3100,0,266,0,1134,2,402,0,1170,0,46,0,2,0,788,26,11906
2026/06/20,08:00,12432,0,5518,3120,0,260,0,1098,2,400,0,1388,0,40,0,4,0,568,34,12432
2026/06/20,08:30,12932,0,6054,3102,0,242,0,1120,2,404,0,1556,0,52,0,2,2,330,66,12932
2026/06/20,09:00,13326,0,6236,3124,0,236,0,1124,2,398,0,1702,0,60,0,4,0,374,66,13326
2026/06/20,09:30,13516,0,6586,3106,0,246,0,1148,0,404,0,1840,0,80,0,2,4,36,64,13516
2026/06/20,10:00,13670,0,6612,3118,0,268,0,1144,2,398,0,1952,0,78,0,268,0,-236,66,13670
2026/06/20,10:30,13576,0,6454,3102,0,290,0,1146,2,404,0,1656,0,78,0,278,2,100,64,13576
2026/06/20,11:00,13638,0,6430,3118,0,252,0,1140,2,400,0,1696,0,92,0,188,6,246,68,13638
2026/06/20,11:30,13602,0,6720,3100,0,242,0,1166,2,402,0,1548,0,96,0,198,8,60,60,13602
2026/06/20,12:00,13276,0,6514,3120,0,262,0,1188,2,402,0,1372,0,102,0,504,0,-264,74,13276
2026/06/20,12:30,13210,0,5958,3102,0,284,0,1216,0,406,0,1326,0,90,0,382,2,358,86,13210
2026/06/20,13:00,13154,0,6424,3122,0,254,0,1270,2,404,0,1308,0,100,0,14,2,184,70,13154
2026/06/20,13:30,13190,0,6382,3106,0,260,0,1362,2,408,0,1096,0,120,0,18,2,364,70,13190
2026/06/20,14:00,13012,0,6290,3122,0,248,0,1488,2,400,0,810,0,122,0,18,6,408,98,13012
2026/06/20,14:30,13078,0,6292,3096,0,250,0,1562,2,404,0,662,0,136,0,38,8,526,102,13078
2026/06/20,15:00,12826,0,6214,3124,0,256,0,1566,2,402,0,584,0,140,0,38,6,390,104,12826
2026/06/20,15:30,12838,0,6276,3100,0,258,0,1562,0,402,0,460,0,156,0,36,0,486,102,12838
2026/06/20,16:00,12750,0,6370,3120,0,276,0,1588,2,400,0,288,0,134,0,38,2,428,104,12750
2026/06/20,16:30,12776,0,6478,3106,0,256,0,1588,0,406,0,194,0,114,0,148,2,380,104,12776
2026/06/20,17:00,12746,0,5416,3114,0,290,0,1580,2,400,0,82,0,116,0,416,10,1214,106,12746
2026/06/20,17:30,12858,0,5502,3108,0,260,0,1614,2,408,0,40,0,106,0,418,16,1278,106,12858
2026/06/20,18:00,12676,0,5268,3120,0,272,0,1742,2,400,0,22,0,114,0,422,18,1186,110,12676
2026/06/20,18:30,12806,0,5140,3102,0,282,0,1776,2,408,0,12,0,114,0,572,14,1272,112,12806
2026/06/20,19:00,12648,0,5002,3110,0,254,0,1798,2,398,0,0,0,116,0,544,16,1282,126,12648
2026/06/20,19:30,12540,0,4638,3058,0,262,0,1814,2,408,0,0,0,114,0,824,14,1266,140,12540
2026/06/20,20:00,12180,0,4268,2988,0,248,0,1860,0,402,0,0,0,112,0,828,12,1320,142,12180
2026/06/20,20:30,12008,0,4292,2686,0,270,0,1902,2,404,0,0,0,120,0,848,10,1334,140,12008
2026/06/20,21:00,11742,0,4474,2700,0,252,0,1898,2,402,0,0,0,112,0,392,8,1358,144,11742
2026/06/20,21:30,11472,0,4436,2946,0,242,0,1882,2,404,0,0,0,112,0,2,4,1302,140,11472
2026/06/20,22:00,11160,0,4488,2736,0,250,0,1906,2,400,0,0,0,116,0,4,2,1134,122,11160
2026/06/20,22:30,11092,0,4354,2866,0,244,0,1912,2,404,0,0,0,114,0,2,4,1082,108,11092
2026/06/20,23:00,10996,0,4514,2776,0,248,0,1838,0,398,0,0,0,104,0,-134,0,1134,118,10996
2026/06/20,23:30,10646,0,4370,2714,0,246,0,1824,2,404,0,0,0,104,0,-254,0,1110,126,10646
2026/06/21,00:00,10442,0,4426,2738,0,232,0,1804,2,398,0,0,0,98,0,-250,0,842,152,10442
2026/06/21,00:30,9986,0,3600,2888,0,230,0,1794,2,406,0,0,0,112,0,-252,2,1040,164,9986
2026/06/21,01:00,9978,0,3364,2962,0,232,0,1804,2,400,0,0,0,122,0,-210,0,1136,166,9978
2026/06/21,01:30,9898,0,2898,3176,0,248,0,1802,2,400,0,0,0,96,0,2,0,1100,174,9898
2026/06/21,02:00,9838,0,2822,3314,0,226,0,1784,0,392,0,0,0,74,0,4,0,1054,168,9838
2026/06/21,02:30,10004,0,3038,3292,0,236,0,1796,2,400,0,0,0,62,0,2,2,1052,122,10004
2026/06/21,03:00,10076,0,3256,3196,0,252,0,1810,2,392,0,0,0,54,0,4,0,998,112,10076
2026/06/21,03:30,10320,0,3374,3284,0,240,0,1792,2,400,0,0,0,54,0,32,2,1032,108,10320
2026/06/21,04:00,10314,0,3356,3180,0,228,0,1852,2,394,0,0,0,44,0,38,2,1110,108,10314
2026/06/21,04:30,10426,0,3836,2762,0,230,0,1826,2,400,0,12,0,34,0,36,10,1172,106,10426
2026/06/21,05:00,10334,0,3894,2600,0,244,0,1786,0,400,0,58,0,30,0,38,6,1174,104,10334
2026/06/21,05:30,10130,0,3826,2494,0,234,0,1768,2,404,0,180,0,50,0,36,2,1030,104,10130
2026/06/21,06:00,9912,0,3820,2428,0,246,0,1742,2,400,0,426,0,46,0,38,8,658,98,9912
2026/06/21,06:30,10010,0,3324,2384,0,280,0,1712,0,400,0,934,0,76,0,-76,4,874,98,10010
2026/06/21,07:00,10180,0,3568,2418,0,256,0,1660,2,394,0,1650,0,94,0,-886,8,918,98,10180
2026/06/21,07:30,10506,0,3738,2402,0,262,0,1646,2,394,0,2268,0,104,0,-1718,8,1306,94,10506
2026/06/21,08:00,11126,0,3160,2150,0,246,0,1646,2,390,0,3546,0,118,0,-1710,4,1478,96,11126
2026/06/21,08:30,11508,0,3334,1718,0,244,0,1652,2,398,0,4986,0,118,0,-2002,0,964,94,11508
2026/06/21,09:00,12128,0,3588,1606,0,250,0,1640,0,392,0,6334,0,134,0,-2126,4,210,96,12128
2026/06/21,09:30,12664,0,3210,1582,0,248,0,1642,2,392,0,7308,0,136,0,-2410,6,466,82,12664
2026/06/21,10:00,12514,0,3472,1636,0,242,0,1644,2,384,0,7318,0,154,0,-2424,8,-10,88,12514
2026/06/21,10:30,12768,0,3454,1818,0,250,0,1654,2,384,0,7308,0,162,0,-2206,16,-160,86,12768
2026/06/21,11:00,13118,0,3264,1586,0,250,0,1650,2,390,0,7804,2,168,0,-2394,14,294,90,13118
2026/06/21,11:30,13148,0,3098,1722,0,244,0,1660,2,392,0,7792,2,170,0,-2268,8,244,84,13148
2026/06/21,12:00,13294,0,3230,1946,0,250,0,1660,0,388,0,7458,2,172,0,-2162,16,250,86,13294
2026/06/21,12:30,13028,0,2986,1944,0,234,0,1676,2,392,0,7488,2,174,0,-2176,2,222,84,13028
2026/06/21,13:00,13292,0,3382,1998,0,224,0,1684,0,386,0,7532,1,194,0,-2322,6,124,84,13292
2026/06/21,13:30,13256,0,3328,2398,0,212,0,1686,2,398,0,6938,1,210,0,-2298,2,300,80,13256
2026/06/21,14:00,13290,0,3304,2534,0,210,0,1712,2,386,0,5990,0,212,0,-2204,4,1052,88,13290
2026/06/21,14:30,12956,0,3288,2628,0,218,0,1712,2,392,0,4934,0,198,0,-2064,4,1554,90,12956
2026/06/21,15:00,12938,0,3200,2770,0,222,0,1746,2,392,0,3856,0,198,0,-1046,4,1476,118,12938
2026/06/21,15:30,12664,0,3160,2766,0,228,0,1762,0,394,0,3070,0,186,0,-452,6,1426,118,12664
2026/06/21,16:00,12786,0,3592,3136,0,228,0,1802,2,388,0,2136,0,186,0,-60,2,1252,122,12786
2026/06/21,16:30,12566,0,3942,3150,0,236,0,1812,2,390,0,1304,0,180,0,142,4,1284,120,12566
2026/06/21,17:00,12676,0,4208,3222,0,234,0,1856,2,388,0,790,0,192,0,344,2,1314,124,12676
2026/06/21,17:30,12744,0,4230,3288,0,272,0,1862,2,400,0,444,0,200,0,644,10,1274,118,12744
2026/06/21,18:00,12906,0,4304,3416,0,254,0,1894,2,390,0,226,0,202,0,1122,16,960,120,12906
2026/06/21,18:30,12970,0,4430,3484,0,250,0,1922,2,398,0,52,0,192,0,1160,14,948,118,12970
2026/06/21,19:00,12916,0,4196,3496,0,254,0,1948,0,394,0,0,0,190,0,1052,12,1248,126,12916
2026/06/21,19:30,12938,0,4298,3480,0,258,0,1978,2,402,0,0,0,190,0,904,12,1294,120,12938
2026/06/21,20:00,12494,0,4074,3502,0,262,0,1944,2,396,0,0,0,204,0,684,10,1294,122,12494
2026/06/21,20:30,12390,0,4300,3474,0,260,0,1928,2,406,0,0,0,222,0,418,10,1256,114,12390
2026/06/21,21:00,12102,0,4006,3502,0,254,0,1916,2,402,0,0,0,216,0,374,2,1312,116,12102
2026/06/21,21:30,11822,0,3982,3476,0,270,0,1866,0,418,0,0,0,200,0,250,4,1250,106,11822
2026/06/21,22:00,11414,0,3882,3454,0,254,0,1878,2,414,0,0,0,194,0,252,6,972,106,11414
2026/06/21,22:30,11172,0,3638,3436,0,250,0,1854,2,422,0,0,0,198,0,244,0,1030,98,11172
2026/06/21,23:00,11006,0,3550,3452,0,256,0,1818,2,414,0,0,0,182,0,206,0,1036,90,11006
2026/06/21,23:30,10716,0,3248,3444,0,262,0,1808,0,430,0,0,0,208,0,138,0,1094,84,10716
2026/06/22,00:00,10386,0,3098,3440,0,232,0,1838,2,430,0,0,0,230,0,40,0,994,82,10386
2026/06/22,00:30,10172,0,3006,3378,0,232,0,1836,2,434,0,0,0,270,0,38,0,892,84,10172
2026/06/22,01:00,9968,0,2744,3406,0,242,0,1826,2,432,0,0,0,272,0,38,0,926,80,9968
2026/06/22,01:30,9804,0,2726,3384,0,240,0,1812,0,436,0,0,0,250,0,38,2,832,84,9804
2026/06/22,02:00,9704,0,2650,3352,0,264,0,1812,2,434,0,0,0,234,0,38,0,830,88,9704
2026/06/22,02:30,9940,0,2798,3382,0,274,0,1798,2,440,0,0,0,234,0,38,2,884,88,9940
2026/06/22,03:00,10012,0,2826,3462,0,274,0,1788,2,438,0,0,0,214,0,40,0,874,94,10012
2026/06/22,03:30,10230,0,2988,3492,0,280,0,1784,2,438,0,0,0,216,0,-4,4,936,94,10230
2026/06/22,04:00,10398,0,3010,3552,0,272,0,1786,0,440,0,0,0,216,0,-212,2,1232,100,10398
2026/06/22,04:30,10534,0,3140,3666,0,280,0,1784,2,440,0,14,0,202,0,-216,2,1128,92,10534
2026/06/22,05:00,10628,0,3040,3640,0,274,0,1788,2,432,0,178,0,194,0,-330,0,1334,76,10628
2026/06/22,05:30,10556,0,2706,3524,0,292,0,1780,2,440,0,614,0,198,0,-478,2,1404,72,10556
2026/06/22,06:00,11114,0,2918,3580,0,298,0,1786,2,430,0,1366,0,178,0,-618,2,1102,70,11114
2026/06/22,06:30,11584,0,2718,3578,0,300,0,1780,2,434,0,2198,0,194,0,-772,2,1090,60,11584
2026/06/22,07:00,12588,0,3026,3402,0,314,0,1782,2,428,0,3280,0,184,0,-1114,2,1218,64,12588
2026/06/22,07:30,13426,0,3312,3596,0,318,0,1788,2,430,0,3796,0,178,0,-1194,4,1134,62,13426
2026/06/22,08:00,14996,0,3770,3852,0,322,0,1800,0,424,0,4600,0,170,0,-1066,6,1050,68,14996
2026/06/22,08:30,16354,0,3638,3828,0,332,0,1782,2,434,0,5086,0,164,0,-492,2,1516,62,16354
2026/06/22,09:00,17302,0,4082,3952,0,328,0,1544,0,424,0,5292,0,162,0,-128,2,1580,64,17302
2026/06/22,09:30,17622,0,4582,3992,0,324,0,1530,2,434,0,5230,0,168,0,150,10,1136,64,17622
2026/06/22,10:00,17614,0,4252,4022,0,312,0,1538,2,430,0,4914,0,184,0,222,8,1666,64,17614
2026/06/22,10:30,17696,0,4616,4000,0,302,0,1522,2,434,0,4900,0,200,0,240,16,1396,68,17696
2026/06/22,11:00,17696,0,5056,4020,0,296,0,1520,2,434,0,4340,0,190,0,1250,10,532,46,17696
2026/06/22,11:30,17532,0,5324,3996,0,300,0,1526,0,440,0,3614,0,198,0,1490,4,590,50,17532
2026/06/22,12:00,16756,0,5232,4022,0,288,0,1508,2,440,0,3170,0,196,0,326,4,1518,50,16756
2026/06/22,12:30,16418,0,5494,3994,0,292,0,1500,2,442,0,2542,0,192,0,8,2,1902,48,16418
2026/06/22,13:00,17362,0,6362,4026,0,298,0,1622,2,436,0,2224,0,178,0,754,12,1384,64,17362
2026/06/22,13:30,17388,0,6400,3994,0,300,0,1624,2,436,0,2310,0,204,0,876,12,1170,60,17388
2026/06/22,14:00,17484,0,6134,3896,0,280,0,1658,2,434,0,2454,0,204,0,708,14,1632,68,17484
2026/06/22,14:30,17344,0,6510,3676,0,286,0,1692,0,436,0,2482,0,190,0,696,24,1284,68,17344
2026/06/22,15:00,17012,0,6308,3690,0,250,0,1692,2,436,0,2152,0,188,0,464,14,1692,124,17012
2026/06/22,15:30,17098,0,6288,3668,0,248,0,1690,2,438,0,2644,0,218,0,392,8,1370,132,17098
2026/06/22,16:00,16956,0,6356,3694,0,256,0,1732,2,428,0,2412,0,206,0,352,8,1372,138,16956
2026/06/22,16:30,16560,0,6412,3676,0,248,0,1780,2,438,0,1664,0,226,0,440,14,1520,140,16560
2026/06/22,17:00,15964,0,6012,3732,0,280,0,1818,2,434,0,842,0,228,0,304,14,2154,144,15964
2026/06/22,17:30,15666,0,6012,3706,0,272,0,1872,0,442,0,410,0,206,0,308,22,2280,136,15666
2026/06/22,18:00,15654,0,6204,3730,0,276,0,1882,2,436,0,152,0,200,0,386,14,2234,138,15654
2026/06/22,18:30,15514,0,6160,3708,0,300,0,1874,2,440,0,78,0,192,0,308,16,2298,138,15514
2026/06/22,19:00,15232,0,5854,3728,0,292,0,1932,2,436,0,0,0,196,0,234,6,2356,196,15232
2026/06/22,19:30,14934,0,5648,3702,0,282,0,1976,2,438,0,0,0,196,0,206,4,2280,200,14934
2026/06/22,20:00,14584,0,5416,3730,0,300,0,1938,2,434,0,0,0,196,0,132,0,2232,204,14584
2026/06/22,20:30,14364,0,5512,3708,0,290,0,1930,2,442,0,0,0,174,0,126,0,1980,200,14364
2026/06/22,21:00,14146,0,4908,3730,0,278,0,1852,0,434,0,0,0,162,0,160,2,2420,200,14146
2026/06/22,21:30,13808,0,4632,3702,0,240,0,1824,2,442,0,0,0,164,0,156,0,2450,196,13808
2026/06/22,22:00,13838,0,4834,3728,0,270,0,1802,2,432,0,0,0,174,0,158,0,2268,170,13838
2026/06/22,22:30,13522,0,4542,3706,0,292,0,1760,2,438,0,0,0,180,0,154,0,2284,164,13522
2026/06/22,23:00,13360,0,4736,3734,0,262,0,1762,2,434,0,0,0,180,0,148,2,1934,166,13360
2026/06/22,23:30,13188,0,4492,3716,0,262,0,1758,0,440,0,0,0,180,0,72,0,2098,170,13188
2026/06/23,00:00,12546,0,4270,3724,0,278,0,1682,2,434,0,0,0,180,0,62,0,1754,160,12546
2026/06/23,00:30,12210,0,3868,3698,0,270,0,1656,0,442,0,0,0,176,0,-16,0,1956,160,12210
2026/06/23,01:00,11938,0,3642,3736,0,266,0,1658,2,436,0,0,0,170,0,-78,0,1950,156,11938
2026/06/23,01:30,11684,0,3518,3704,0,284,0,1658,2,438,0,0,0,174,0,-66,0,1816,156,11684
2026/06/23,02:00,11732,0,3366,3730,0,294,0,1628,2,434,0,0,0,172,0,-70,0,2018,158,11732
2026/06/23,02:30,11682,0,3366,3704,0,302,0,1606,2,438,0,0,0,166,0,20,0,1952,126,11682
2026/06/23,03:00,11800,0,3340,3732,0,280,0,1612,2,434,0,0,0,156,0,70,0,2072,102,11800
2026/06/23,03:30,11954,0,3630,3706,0,278,0,1588,0,438,0,0,0,138,0,58,0,2008,110,11954
2026/06/23,04:00,11976,0,3998,3732,0,286,0,1720,2,432,0,0,0,148,0,60,2,1482,114,11976
2026/06/23,04:30,12198,0,3832,3708,0,298,0,1706,2,438,0,64,0,138,0,52,0,1904,56,12198
2026/06/23,05:00,12048,0,3604,3730,0,296,0,1698,2,434,0,160,0,120,0,36,0,1912,56,12048
2026/06/23,05:30,12052,0,3354,3706,0,284,0,1566,2,438,0,494,0,116,0,30,0,2006,56,12052
2026/06/23,06:00,12164,0,3168,3726,0,286,0,1538,2,430,0,914,0,106,0,18,2,1924,50,12164
2026/06/23,06:30,12722,0,3020,3654,0,286,0,1624,2,426,0,1758,0,102,0,-398,2,2196,50,12722
2026/06/23,07:00,13382,0,3608,3728,0,284,0,1626,0,426,0,2754,0,96,0,-684,2,1492,50,13382
2026/06/23,07:30,13908,0,3966,3694,0,284,0,1518,2,436,0,3318,0,74,0,-550,0,1116,50,13908
2026/06/23,08:00,15206,0,4142,3702,0,290,0,1638,2,430,0,3914,0,66,0,-380,4,1344,54,15206
2026/06/23,08:30,16290,0,4758,3700,0,290,0,1640,2,432,0,4018,0,44,0,-36,6,1384,52,16290
2026/06/23,09:00,16880,0,4812,3734,0,276,0,1642,2,430,0,4448,0,32,0,178,2,1236,88,16880
2026/06/23,09:30,17238,0,4746,3704,0,300,0,1642,0,430,0,4694,0,22,0,116,10,1480,94,17238
2026/06/23,10:00,17236,0,4516,3732,0,304,0,1614,2,428,0,5000,0,18,0,92,4,1430,96,17236
2026/06/23,10:30,17428,0,4506,3702,0,300,0,1614,2,430,0,5334,0,16,0,82,6,1344,92,17428
2026/06/23,11:00,17470,0,5080,3728,0,308,0,1618,2,432,0,5044,0,14,0,220,8,920,96,17470
2026/06/23,11:30,17362,0,4840,3698,0,302,0,1626,2,436,0,5098,0,16,0,264,6,980,94,17362
2026/06/23,12:00,16362,0,4086,3462,0,282,0,1466,2,430,0,5048,0,14,0,-262,6,1738,90,16362
2026/06/23,12:30,16508,0,4258,3658,0,290,0,1454,2,436,0,5188,0,14,0,-482,2,1614,74,16508
2026/06/23,13:00,17332,0,4970,3730,0,288,0,1524,0,430,0,4970,0,12,0,-40,6,1354,88,17332
2026/06/23,13:30,17528,0,5508,3698,0,274,0,1558,2,438,0,4328,0,12,0,456,10,1156,88,17528
2026/06/23,14:00,17676,0,5648,3732,0,312,0,1572,2,430,0,4040,0,16,0,598,8,1226,92,17676
2026/06/23,14:30,17508,0,5450,3640,0,326,0,1640,2,434,0,3722,0,12,0,488,10,1694,90,17508
2026/06/23,15:00,17264,0,5592,3634,0,304,0,1666,2,430,0,3326,0,12,0,424,4,1778,92,17264
2026/06/23,15:30,17204,0,6170,3612,0,268,0,1678,2,434,0,2816,0,12,0,362,12,1750,88,17204
2026/06/23,16:00,17188,0,6478,3634,0,256,0,1802,0,434,0,2028,0,12,0,580,12,1824,128,17188
2026/06/23,16:30,16604,0,6348,3606,0,288,0,1848,2,432,0,1472,0,10,0,584,12,1872,130,16604
2026/06/23,17:00,16046,0,6316,3634,0,298,0,1928,0,436,0,958,0,12,0,506,6,1814,138,16046
2026/06/23,17:30,15780,0,6458,3606,0,306,0,1928,2,444,0,542,0,12,0,544,10,1792,136,15780
2026/06/23,18:00,15632,0,6670,3636,0,280,0,1958,2,434,0,318,0,12,0,484,14,1690,134,15632
2026/06/23,18:30,15538,0,6832,3608,0,286,0,1956,2,442,0,112,0,18,0,504,12,1630,136,15538
2026/06/23,19:00,15326,0,6706,3638,0,284,0,1916,2,436,0,0,0,18,0,472,10,1654,190,15326
2026/06/23,19:30,15066,0,6452,3608,0,280,0,1888,2,444,0,0,0,18,0,372,12,1796,194,15066
2026/06/23,20:00,14740,0,6400,3628,0,284,0,1878,0,434,0,0,0,14,0,240,0,1680,182,14740
2026/06/23,20:30,14414,0,6254,3612,0,274,0,1828,2,442,0,0,0,12,0,146,0,1660,184,14414
2026/06/23,21:00,14154,0,6134,3634,0,266,0,1734,2,434,0,0,0,12,0,52,0,1708,178,14154
2026/06/23,21:30,13888,0,6016,3610,0,262,0,1716,2,440,0,0,0,10,0,12,0,1646,174,13888
2026/06/23,22:00,13828,0,5898,3636,0,266,0,1706,2,432,0,0,0,12,0,4,0,1728,144,13828
2026/06/23,22:30,13540,0,5764,3608,0,262,0,1682,2,438,0,0,0,12,0,2,2,1630,138,13540
2026/06/23,23:00,13320,0,5686,3634,0,286,0,1674,0,430,0,0,0,12,0,4,0,1456,138,13320
2026/06/23,23:30,13162,0,5486,3626,0,274,0,1670,2,444,0,0,0,10,0,2,0,1506,142,13162
2026/06/24,00:00,12602,0,4390,3626,0,250,0,1592,2,434,0,0,0,12,0,4,2,2156,134,12602
2026/06/24,00:30,12262,0,4122,3606,0,232,0,1568,2,440,0,0,0,12,0,2,0,2150,128,12262
2026/06/24,01:00,11918,0,3788,3634,0,256,0,1574,2,434,0,0,0,10,0,52,0,2038,130,11918
2026/06/24,01:30,11676,0,3682,3604,0,274,0,1554,2,434,0,0,0,12,0,64,2,1936,112,11676
2026/06/24,02:00,11716,0,3764,3636,0,250,0,1560,0,430,0,0,0,12,0,72,2,1874,116,11716
2026/06/24,02:30,11726,0,3320,3610,0,276,0,1530,2,442,0,0,0,12,0,70,0,2354,110,11726
2026/06/24,03:00,11908,0,3504,3638,0,244,0,1562,2,434,0,0,0,12,0,72,2,2318,120,11908
2026/06/24,03:30,11894,0,3594,3612,0,254,0,1536,2,442,0,0,0,12,0,64,0,2266,112,11894
2026/06/24,04:00,12114,0,3712,3634,0,262,0,1588,2,436,0,0,0,12,0,56,2,2292,118,12114
2026/06/24,04:30,12096,0,3742,3608,0,252,0,1592,2,442,0,66,0,10,0,64,0,2256,62,12096
2026/06/24,05:00,12132,0,3580,3634,0,256,0,1588,2,434,0,154,0,12,0,68,2,2340,62,12132
2026/06/24,05:30,11918,0,3190,3608,0,240,0,1578,2,440,0,448,0,10,0,60,0,2278,64,11918
2026/06/24,06:00,12108,0,2814,3580,0,236,0,1572,0,432,0,808,0,18,0,-52,4,2654,42,12108
2026/06/24,06:30,12326,0,3214,3496,0,244,0,1562,2,440,0,1342,0,22,0,-276,14,2234,32,12326
2026/06/24,07:00,13068,0,3404,3544,0,248,0,1570,2,434,0,2006,0,24,0,-384,10,2176,34,13068
2026/06/24,07:30,13590,0,3510,3388,0,252,0,1534,2,436,0,2824,0,20,0,-226,2,1816,32,13590
2026/06/24,08:00,14846,0,4334,3186,0,268,0,1594,2,430,0,3074,0,20,0,-196,14,2082,38,14846
2026/06/24,08:30,15988,0,4038,3160,0,274,0,1584,2,436,0,3614,0,24,0,24,8,2788,36,15988
2026/06/24,09:00,16652,0,4322,3404,0,272,0,1590,0,418,0,4108,0,30,0,128,4,2288,88,16652
2026/06/24,09:30,16970,0,4008,3570,0,274,0,1598,2,406,0,4658,0,30,0,118,2,2208,96,16970
2026/06/24,10:00,17064,0,3924,3636,0,282,0,1582,2,416,0,4964,0,28,0,-26,2,2164,90,17064
2026/06/24,10:30,17154,0,4196,3606,0,276,0,1578,2,424,0,5200,0,24,0,-334,0,2100,82,17154
2026/06/24,11:00,17190,0,4492,3634,0,276,0,1592,2,428,0,4898,0,20,0,-334,2,2100,80,17190
2026/06/24,11:30,17154,0,4462,3612,0,262,0,1580,2,430,0,4598,0,22,0,-338,0,2458,66,17154
2026/06/24,12:00,16286,0,3764,3540,0,252,0,1492,0,432,0,4688,0,22,0,-668,2,2724,38,16286
2026/06/24,12:30,16172,0,4546,3468,0,250,0,1446,2,440,0,4640,0,20,0,-702,0,2022,40,16172
2026/06/24,13:00,17044,0,5000,3612,0,286,0,1570,0,438,0,4338,0,24,0,-306,2,2040,40,17044
2026/06/24,13:30,17234,0,5292,3620,0,256,0,1636,2,438,0,3830,0,34,0,-80,4,2162,40,17234
2026/06/24,14:00,17292,0,5344,3718,0,266,0,1724,2,432,0,3338,0,34,0,220,8,2158,48,17292
2026/06/24,14:30,17206,0,5584,3714,0,266,0,1750,2,440,0,2616,0,34,0,258,6,2484,52,17206
2026/06/24,15:00,16970,0,5936,3724,0,258,0,1840,2,434,0,1986,0,38,0,252,4,2360,136,16970
2026/06/24,15:30,17068,0,6146,3710,0,250,0,1832,0,440,0,1444,0,48,0,740,4,2314,140,17068
2026/06/24,16:00,16858,0,5894,3724,0,268,0,1854,2,436,0,994,0,60,0,802,4,2678,142,16858
2026/06/24,16:30,16540,0,6112,3718,0,264,0,1922,2,444,0,622,0,88,0,1268,6,1954,140,16540
2026/06/24,17:00,16060,0,6024,3720,0,284,0,1966,2,436,0,350,0,58,0,1230,6,1840,144,16060
2026/06/24,17:30,15848,0,6024,3714,0,286,0,1950,2,446,0,194,0,68,0,1260,6,1760,138,15848
2026/06/24,18:00,15730,0,5988,3724,0,288,0,1936,2,438,0,88,0,78,0,1234,6,1816,132,15730
2026/06/24,18:30,15494,0,5748,3718,0,286,0,1942,0,448,0,64,0,74,0,1060,6,2018,130,15494
2026/06/24,19:00,15336,0,6066,3718,0,274,0,1888,2,446,0,0,0,80,0,864,6,1808,184,15336
2026/06/24,19:30,14928,0,5634,3710,0,286,0,1836,2,462,0,0,0,72,0,522,6,2212,186,14928
2026/06/24,20:00,14632,0,5560,3722,0,286,0,1768,2,460,0,0,0,60,0,366,4,2226,178,14632
2026/06/24,20:30,14384,0,5260,3722,0,288,0,1754,2,462,0,0,0,82,0,228,2,2418,166,14384
2026/06/24,21:00,14086,0,5148,3720,0,274,0,1746,2,458,0,0,0,98,0,186,0,2320,134,14086
2026/06/24,21:30,13830,0,4402,3710,0,268,0,1734,0,462,0,0,0,102,0,156,0,2868,128,13830
2026/06/24,22:00,13678,0,4728,3722,0,252,0,1706,2,458,0,0,0,102,0,78,0,2502,128,13678
2026/06/24,22:30,13408,0,4698,3718,0,264,0,1686,2,464,0,0,0,88,0,460,0,1902,126,13408
2026/06/24,23:00,13284,0,4572,3718,0,250,0,1678,2,456,0,0,0,94,0,616,0,1774,124,13284
2026/06/24,23:30,12956,0,4288,3714,0,272,0,1664,2,464,0,0,0,80,0,330,0,2008,134,12956
2026/06/25,00:00,12494,0,4586,3724,0,288,0,1592,2,448,0,0,0,88,0,238,4,1390,134,12494
2026/06/25,00:30,12168,0,3948,3714,0,238,0,1606,2,454,0,0,0,84,0,156,0,1828,138,12168
2026/06/25,01:00,11896,0,3836,3726,0,238,0,1600,0,448,0,0,0,54,0,36,2,1816,140,11896
2026/06/25,01:30,11688,0,3786,3712,0,246,0,1600,2,452,0,0,0,54,0,36,2,1660,138,11688
2026/06/25,02:00,11576,0,3744,3720,0,252,0,1606,2,440,0,0,0,50,0,36,0,1588,138,11576
2026/06/25,02:30,11722,0,3868,3718,0,252,0,1598,2,440,0,0,0,44,0,36,6,1646,112,11722
2026/06/25,03:00,11822,0,3794,3724,0,260,0,1602,2,440,0,0,0,48,0,36,2,1804,110,11822
2026/06/25,03:30,11808,0,3908,3710,0,244,0,1610,2,444,0,0,0,56,0,34,4,1688,108,11808
2026/06/25,04:00,11982,0,3900,3728,0,278,0,1674,2,436,0,0,0,56,0,38,0,1752,118,11982
2026/06/25,04:30,12080,0,3932,3712,0,266,0,1682,0,446,0,58,0,52,0,34,2,1838,58,12080
2026/06/25,05:00,12166,0,3860,3728,0,252,0,1688,2,436,0,68,0,64,0,36,0,1970,62,12166
2026/06/25,05:30,12072,0,3656,3712,0,250,0,1696,2,448,0,108,0,82,0,34,0,2024,60,12072
2026/06/25,06:00,12304,0,3746,3690,0,254,0,1694,2,438,0,222,0,82,0,32,0,2076,68,12304
2026/06/25,06:30,12562,0,4290,3636,0,248,0,1682,2,444,0,372,0,84,0,-158,0,1902,60,12562
2026/06/25,07:00,13196,0,4928,3722,0,246,0,1712,2,438,0,464,0,72,0,-18,4,1560,66,13196
2026/06/25,07:30,13958,0,5064,3696,0,270,0,1708,0,440,0,680,0,72,0,70,2,1898,58,13958
2026/06/25,08:00,15128,0,5996,3720,0,262,0,1730,2,438,0,866,0,94,0,72,2,1882,64,15128
2026/06/25,08:30,16298,0,6986,3638,0,228,0,1734,2,442,0,1082,0,98,0,88,8,1926,66,16298
2026/06/25,09:00,16854,0,7620,3366,0,224,0,1764,2,434,0,1172,0,94,0,638,4,1474,62,16854
2026/06/25,09:30,17248,0,7502,3142,0,226,0,1778,2,438,0,1332,0,94,0,922,2,1750,60,17248
2026/06/25,10:00,17178,0,7470,3140,0,226,0,1784,2,434,0,1334,0,94,0,906,0,1724,64,17178
2026/06/25,10:30,17174,0,7472,3052,0,226,0,1790,0,440,0,1408,0,90,0,988,2,1646,60,17174
2026/06/25,11:00,17194,0,7440,3024,0,226,0,1796,2,432,0,1540,0,56,0,982,0,1634,62,17194
2026/06/25,11:30,16998,0,7418,2804,0,226,0,1792,2,442,0,1590,0,78,0,1006,0,1582,58,16998
2026/06/25,12:00,16130,0,7266,2784,0,224,0,1636,0,434,0,1584,0,78,0,430,0,1636,58,16130
2026/06/25,12:30,16046,0,7242,2776,0,228,0,1648,2,440,0,1450,0,64,0,178,0,1960,58,16046
2026/06/25,13:00,16860,0,7542,2790,0,234,0,1814,2,432,0,1288,0,46,0,1014,0,1634,64,16860
2026/06/25,13:30,17086,0,7634,2780,0,242,0,1802,2,434,0,1148,0,34,0,1324,0,1612,74,17086
2026/06/25,14:00,17250,0,7766,2784,0,252,0,1788,2,434,0,1040,0,34,0,1508,6,1532,104,17250
2026/06/25,14:30,17108,0,7170,2776,0,258,0,1806,0,438,0,940,0,32,0,428,4,3162,94,17108
2026/06/25,15:00,16770,0,7262,2794,0,250,0,1850,2,430,0,798,0,38,0,244,0,3010,92,16770
2026/06/25,15:30,16858,0,7672,2778,0,244,0,1852,2,440,0,696,0,40,0,552,8,2486,88,16858
2026/06/25,16:00,16798,0,7514,2784,0,234,0,2006,2,434,0,508,0,42,0,870,6,2310,88,16798
2026/06/25,16:30,16606,0,7488,2778,0,240,0,1972,2,436,0,340,0,42,0,922,6,2298,82,16606
2026/06/25,17:00,16076,0,6872,2788,0,238,0,1950,2,436,0,214,0,48,0,732,4,2698,94,16076
2026/06/25,17:30,15810,0,7200,2780,0,248,0,1954,0,442,0,138,0,60,0,728,6,2164,90,15810
2026/06/25,18:00,15690,0,7460,2784,0,242,0,1952,2,428,0,84,0,62,0,586,6,1990,94,15690
2026/06/25,18:30,15584,0,7632,2780,0,252,0,1960,2,442,0,60,0,54,0,434,4,1870,94,15584
2026/06/25,19:00,15224,0,6880,2790,0,250,0,1958,2,436,0,0,0,58,0,-344,2,3042,150,15224
2026/06/25,19:30,14878,0,7036,2780,0,250,0,1950,2,444,0,0,0,42,0,-692,0,2918,148,14878
2026/06/25,20:00,14694,0,7066,2786,0,246,0,1910,2,436,0,0,0,44,0,-812,0,2868,148,14694
2026/06/25,20:30,14454,0,7082,2782,0,242,0,1886,0,444,0,0,0,80,0,-802,0,2588,152,14454
2026/06/25,21:00,14258,0,6936,2792,0,246,0,1856,2,438,0,0,0,82,0,-824,0,2578,152,14258
2026/06/25,21:30,13962,0,6846,2778,0,252,0,1844,2,444,0,0,0,70,0,-868,0,2440,154,13962
2026/06/25,22:00,13934,0,6940,2790,0,268,0,1874,2,434,0,0,0,52,0,-856,2,2272,156,13934
2026/06/25,22:30,13624,0,6612,2782,0,252,0,1896,2,444,0,0,0,60,0,-864,0,2280,160,13624
2026/06/25,23:00,13538,0,6550,2788,0,278,0,1936,2,434,0,0,0,68,0,-860,0,2174,168,13538
2026/06/25,23:30,13164,0,6024,2788,0,270,0,1926,2,438,0,0,0,60,0,-858,0,2342,172,13164
2026/06/26,00:00,12724,0,6226,2784,0,272,0,1936,2,434,0,0,0,46,0,-800,8,1688,128,12724
2026/06/26,00:30,12344,0,5832,2780,0,276,0,1940,0,436,0,0,0,62,0,-798,8,1684,124,12344
2026/06/26,01:00,12146,0,5314,2790,0,268,0,1958,2,432,0,0,0,70,0,-742,10,1914,130,12146
2026/06/26,01:30,11952,0,5256,2786,0,234,0,1962,2,434,0,0,0,74,0,-642,10,1706,130,11952
2026/06/26,02:00,11938,0,4816,2786,0,228,0,1970,2,434,0,0,0,74,0,90,8,1398,132,11938
2026/06/26,02:30,12040,0,4788,2788,0,228,0,1958,2,434,0,0,0,72,0,166,0,1472,132,12040
2026/06/26,03:00,12142,0,4842,2796,0,226,0,1938,0,434,0,0,0,74,0,168,0,1528,136,12142
2026/06/26,03:30,12220,0,4546,2808,0,246,0,1958,2,436,0,0,0,86,0,168,4,1834,132,12220
2026/06/26,04:00,12368,0,4768,2838,0,250,0,1960,2,428,0,0,0,84,0,164,0,1734,140,12368
2026/06/26,04:30,12450,0,4520,2826,0,238,0,1918,2,436,0,0,0,100,0,168,0,2092,150,12450
2026/06/26,05:00,12556,0,4454,2840,0,238,0,1928,2,428,0,10,0,94,0,166,0,2250,146,12556
2026/06/26,05:30,12572,0,4446,2826,0,246,0,1896,2,432,0,24,0,72,0,170,0,2312,146,12572
2026/06/26,06:00,12798,0,4924,2842,0,252,0,1850,0,426,0,64,0,58,0,166,0,2084,132,12798
2026/06/26,06:30,13256,0,5084,2834,0,250,0,1808,2,436,0,152,0,54,0,166,0,2360,110,13256
2026/06/26,07:00,13882,0,6216,2838,0,254,0,1754,2,426,0,256,0,60,0,166,6,1802,102,13882
2026/06/26,07:30,14658,0,6974,2828,0,228,0,1720,0,430,0,410,0,60,0,250,2,1658,98,14658
2026/06/26,08:00,15870,0,7134,2840,0,260,0,1712,2,428,0,550,0,60,0,556,2,2228,98,15870
2026/06/26,08:30,17102,0,7368,2826,0,264,0,1670,2,428,0,636,0,62,0,1194,2,2552,98,17102
2026/06/26,09:00,17808,0,7256,2840,0,262,0,1722,2,418,0,852,0,50,0,1296,4,3012,94,17808
2026/06/26,09:30,18038,0,7336,2826,0,278,0,1732,2,424,0,1258,0,58,0,870,8,3154,92,18038
2026/06/26,10:00,18006,0,7408,2836,0,252,0,1714,0,424,0,1366,0,74,0,726,0,3114,92,18006
2026/06/26,10:30,18024,0,7334,2826,0,272,0,1718,2,428,0,1270,0,88,0,664,0,3334,88,18024
2026/06/26,11:00,17898,0,7380,2840,0,290,0,1716,2,428,0,1394,0,100,0,458,2,3198,90,17898
2026/06/26,11:30,17704,0,7114,2826,0,272,0,1714,2,426,0,1446,0,82,0,382,0,3354,86,17704
2026/06/26,12:00,16832,0,6202,2840,0,252,0,1668,2,428,0,1832,0,74,0,380,0,3068,86,16832
2026/06/26,12:30,16674,0,6816,2830,0,258,0,1662,2,428,0,2066,0,52,0,386,0,2086,88,16674
2026/06/26,13:00,17316,0,8080,2840,0,266,0,1708,2,426,0,1782,0,32,0,390,0,1704,86,17316
2026/06/26,13:30,17596,0,8414,2828,0,258,0,1704,0,426,0,1146,0,36,0,780,4,1914,86,17596
2026/06/26,14:00,17678,0,8114,2838,0,256,0,1716,2,428,0,690,0,36,0,802,8,2700,88,17678
2026/06/26,14:30,17540,0,8086,2828,0,254,0,1704,2,404,0,442,0,58,0,386,12,3270,94,17540
2026/06/26,15:00,17188,0,8190,2840,0,256,0,1526,2,402,0,404,0,60,0,358,20,3036,94,17188
2026/06/26,15:30,17046,0,8098,2830,0,260,0,1514,2,408,0,586,0,72,0,360,20,2802,94,17046
2026/06/26,16:00,16816,0,7402,2840,0,260,0,1502,2,404,0,402,0,90,0,356,18,3446,94,16816
2026/06/26,16:30,16436,0,7602,2822,0,256,0,1508,0,408,0,312,0,82,0,358,10,2986,92,16436
2026/06/26,17:00,15910,0,7416,2840,0,260,0,1504,2,400,0,162,0,70,0,342,6,2812,96,15910
2026/06/26,17:30,15662,0,7098,2824,0,270,0,1502,2,406,0,70,0,56,0,340,6,2994,94,15662
2026/06/26,18:00,15480,0,6946,2836,0,266,0,1500,0,406,0,22,0,34,0,342,4,3026,98,15480
2026/06/26,18:30,15350,0,6334,2836,0,248,0,1514,2,408,0,8,0,28,0,320,4,3554,94,15350
2026/06/26,19:00,15018,0,5860,2838,0,258,0,1530,2,404,0,0,0,10,0,326,2,3692,96,15018
2026/06/26,19:30,14694,0,5832,2824,0,256,0,1532,2,412,0,0,0,12,0,320,0,3406,98,14694
2026/06/26,20:00,14520,0,5990,2840,0,250,0,1548,2,404,0,0,0,22,0,302,4,3056,102,14520
2026/06/26,20:30,14316,0,5936,2820,0,252,0,1578,2,412,0,0,0,30,0,296,0,2894,96,14316
2026/06/26,21:00,13934,0,5702,2802,0,282,0,1590,0,406,0,0,0,8,0,300,2,2744,98,13934
2026/06/26,21:30,13712,0,6304,2790,0,282,0,1578,2,408,0,0,0,10,0,298,0,1942,98,13712
2026/06/26,22:00,13556,0,5938,2804,0,254,0,1576,2,402,0,0,0,6,0,298,0,2178,98,13556
2026/06/26,22:30,13232,0,5272,2790,0,254,0,1548,2,406,0,0,0,12,0,300,0,2552,96,13232
2026/06/26,23:00,13246,0,5426,2804,0,272,0,1562,2,404,0,0,0,12,0,302,2,2356,104,13246
2026/06/26,23:30,12960,0,5342,2796,0,272,0,1550,2,414,0,0,0,6,0,298,0,2174,106,12960
2026/06/27,00:00,12434,0,5614,2914,0,264,0,1530,2,408,0,0,0,6,0,302,2,1280,112,12434
2026/06/27,00:30,12188,0,4962,3188,0,236,0,1472,0,418,0,0,0,14,0,350,6,1422,120,12188
2026/06/27,01:00,11846,0,4366,3268,0,248,0,1444,2,416,0,0,0,32,0,480,2,1466,122,11846
2026/06/27,01:30,11472,0,4044,3256,0,252,0,1420,2,424,0,0,0,48,0,506,2,1426,92,11472
2026/06/27,02:00,11488,0,4302,3264,0,226,0,1442,2,424,0,0,0,34,0,502,6,1188,98,11488
2026/06/27,02:30,11478,0,4300,3260,0,230,0,1434,2,428,0,0,0,32,0,508,8,1184,92,11478
2026/06/27,03:00,11676,0,4338,3268,0,230,0,1440,2,432,0,0,0,16,0,522,16,1312,100,11676
2026/06/27,03:30,11522,0,4016,3256,0,266,0,1422,2,438,0,0,0,18,0,482,8,1514,100,11522
2026/06/27,04:00,11550,0,3932,3268,0,250,0,1428,0,436,0,0,0,10,0,446,4,1674,102,11550
2026/06/27,04:30,11460,0,3894,3256,0,256,0,1428,2,444,0,10,0,8,0,440,4,1626,92,11460
2026/06/27,05:00,11228,0,3612,3266,0,244,0,1422,2,440,0,82,0,10,0,492,0,1568,90,11228
2026/06/27,05:30,11088,0,3366,3262,0,232,0,1420,2,446,0,232,0,8,0,314,2,1712,92,11088
2026/06/27,06:00,10660,0,3016,3176,0,236,0,1418,2,442,0,386,0,4,0,302,2,1576,100,10660
2026/06/27,06:30,10626,0,3066,2668,0,236,0,1400,2,444,0,584,0,2,0,302,4,1820,98,10626
2026/06/27,07:00,10880,0,3098,2410,0,230,0,1398,0,438,0,578,0,0,0,296,6,2328,98,10880
2026/06/27,07:30,11268,0,3098,2412,0,226,0,1390,2,440,0,550,0,2,0,298,4,2754,92,11268
2026/06/27,08:00,11546,0,3214,2338,0,224,0,1350,2,442,0,624,0,8,0,92,4,3152,96,11546
2026/06/27,08:30,11952,0,4220,2404,0,222,0,1348,2,450,0,770,0,10,0,-216,12,2634,96,11952
2026/06/27,09:00,12276,0,4354,2722,0,222,0,1344,2,440,0,940,0,2,0,72,6,2074,98,12276
2026/06/27,09:30,12380,0,3288,2756,0,226,0,1372,2,446,0,1150,0,4,0,300,6,2734,96,12380
2026/06/27,10:00,12394,0,3526,2540,0,224,0,1420,0,448,0,1252,0,8,0,110,12,2756,98,12394
2026/06/27,10:30,12464,0,3706,2724,0,238,0,1412,2,452,0,1284,0,8,0,230,8,2300,100,12464
2026/06/27,11:00,12506,0,4456,2946,0,238,0,1400,2,446,0,1296,0,12,0,308,12,1292,98,12506
2026/06/27,11:30,12608,0,4550,3054,0,220,0,1406,0,452,0,1230,0,24,0,362,6,1200,104,12608
2026/06/27,12:00,12466,0,4196,3116,0,214,0,1408,2,444,0,1158,0,32,0,724,2,1062,108,12466
2026/06/27,12:30,12244,0,3668,3156,0,222,0,1418,2,444,0,1036,0,44,0,736,4,1410,104,12244
2026/06/27,13:00,12332,0,3764,3256,0,214,0,1420,2,436,0,842,0,34,0,752,8,1498,106,12332
2026/06/27,13:30,12340,0,3788,3262,0,206,0,1414,2,444,0,742,0,62,0,750,10,1554,106,12340
2026/06/27,14:00,12344,0,3510,3264,0,212,0,1440,0,444,0,766,0,54,0,756,8,1784,106,12344
2026/06/27,14:30,12152,0,3326,3256,0,220,0,1430,2,444,0,930,0,48,0,730,8,1656,102,12152
2026/06/27,15:00,12032,0,3218,3266,0,222,0,1444,2,446,0,1194,0,52,0,722,10,1350,106,12032
2026/06/27,15:30,11908,0,3228,3054,0,224,0,1456,2,448,0,1384,0,34,0,296,8,1672,102,11908
2026/06/27,16:00,11964,0,3430,2940,0,226,0,1486,2,444,0,1582,0,28,0,290,12,1420,104,11964
2026/06/27,16:30,11938,0,3712,3208,0,224,0,1544,2,446,0,1490,0,32,0,306,4,870,100,11938
2026/06/27,17:00,11944,0,3488,3256,0,228,0,1584,0,444,0,1212,0,36,0,500,4,1088,104,11944
2026/06/27,17:30,12016,0,3386,3264,0,230,0,1622,2,456,0,692,0,56,0,778,8,1420,102,12016
2026/06/27,18:00,11968,0,3198,3260,0,226,0,1634,0,450,0,318,0,78,0,920,8,1766,110,11968
2026/06/27,18:30,12224,0,3276,3262,0,258,0,1640,2,456,0,66,0,72,0,1278,10,1792,112,12224
2026/06/27,19:00,12288,0,3024,3262,0,268,0,1654,2,448,0,0,0,124,0,1590,8,1788,120,12288
2026/06/27,19:30,12180,0,3018,3260,0,246,0,1672,2,456,0,0,0,134,0,1480,8,1784,120,12180
2026/06/27,20:00,11940,0,3002,3266,0,230,0,1682,2,446,0,0,0,140,0,1468,4,1574,126,11940
2026/06/27,20:30,11852,0,3028,3258,0,232,0,1690,2,446,0,0,0,128,0,1302,4,1636,126,11852
2026/06/27,21:00,11446,0,3024,3268,0,230,0,1742,0,444,0,0,0,82,0,888,2,1640,126,11446
2026/06/27,21:30,11246,0,3032,3264,0,236,0,1754,2,450,0,0,0,84,0,898,6,1386,134,11246
2026/06/27,22:00,10970,0,3020,3260,0,240,0,1758,2,446,0,0,0,64,0,566,2,1480,132,10970
2026/06/27,22:30,10686,0,3018,3134,0,258,0,1750,2,452,0,0,0,64,0,392,4,1482,130,10686
2026/06/27,23:00,10658,0,3264,2866,0,242,0,1756,2,446,0,0,0,58,0,308,4,1582,130,10658
2026/06/27,23:30,10350,0,3212,2916,0,238,0,1744,2,452,0,0,0,50,0,190,2,1414,130,10350
2026/06/28,00:00,9978,0,3224,2820,0,230,0,1740,2,446,0,0,0,62,0,190,4,1128,132,9978
2026/06/28,00:30,9664,0,2896,2616,0,216,0,1762,0,454,0,0,0,62,0,254,6,1266,132,9664
2026/06/28,01:00,9440,0,2800,2476,0,214,0,1764,2,454,0,0,0,52,0,242,2,1304,130,9440
2026/06/28,01:30,9252,0,2808,2516,0,216,0,1738,2,464,0,0,0,40,0,224,4,1110,130,9252
2026/06/28,02:00,9332,0,2846,2328,0,224,0,1758,2,460,0,0,0,30,0,234,4,1312,134,9332
2026/06/28,02:30,9358,0,2834,2528,0,224,0,1756,2,466,0,0,0,22,0,264,10,1122,130,9358
2026/06/28,03:00,9564,0,2904,2770,0,230,0,1784,2,462,0,0,0,22,0,264,8,984,134,9564
2026/06/28,03:30,9770,0,3100,2878,0,264,0,1782,0,472,0,0,0,22,0,266,10,846,130,9770
2026/06/28,04:00,9826,0,3050,2896,0,274,0,1782,2,460,0,0,0,10,0,266,6,942,138,9826
2026/06/28,04:30,9918,0,3252,2832,0,272,0,1792,2,460,0,8,0,8,0,262,8,884,138,9918
2026/06/28,05:00,9842,0,3056,2734,0,276,0,1768,2,458,0,20,0,12,0,264,6,1110,136,9842
2026/06/28,05:30,9712,0,2726,2808,0,262,0,1766,2,470,0,62,0,8,0,256,6,1212,134,9712
2026/06/28,06:00,9498,0,2630,2870,0,254,0,1710,2,466,0,124,0,6,0,56,4,1262,114,9498
2026/06/28,06:30,9570,0,2538,2966,0,252,0,1702,2,472,0,266,0,2,0,-174,2,1430,112,9570
2026/06/28,07:00,9650,0,2738,3042,0,248,0,1714,0,470,0,506,0,2,0,-254,8,1054,122,9650
2026/06/28,07:30,9916,0,2634,3068,0,282,49,1696,2,470,4,918,0,6,0,-440,16,1142,122,9916
2026/06/28,08:00,10294,0,2498,3030,0,252,49,1714,2,470,4,1286,0,4,0,-456,12,1358,124,10294
2026/06/28,08:30,10620,0,3378,2938,0,248,49,1726,2,472,4,1592,0,2,0,-718,6,852,122,10620
2026/06/28,09:00,10966,0,3070,3032,0,252,49,1776,2,446,4,1958,0,0,0,-640,4,944,122,10966
2026/06/28,09:30,11058,0,2728,3010,0,252,49,1790,0,456,4,1998,0,0,0,-752,2,1450,124,11058
2026/06/28,10:00,11224,0,2928,3046,0,268,49,1802,2,446,4,1952,0,2,0,-878,2,1530,124,11224
2026/06/28,10:30,11082,0,2552,2978,0,294,49,1794,0,454,4,2296,0,0,0,-922,0,1514,122,11082
2026/06/28,11:00,11468,0,2770,2878,0,290,49,1806,2,444,4,2984,0,2,0,-1236,4,1402,122,11468
2026/06/28,11:30,11598,0,3264,3024,0,284,60,1808,2,450,49,2916,0,0,0,-1596,2,1320,124,11598
2026/06/28,12:00,11430,0,2772,2868,0,280,60,1820,2,446,49,2906,0,6,0,-1796,0,2008,118,11430
2026/06/28,12:30,11366,0,2790,2906,0,288,60,1814,2,444,57,3086,0,2,0,-2012,4,1922,120,11366
2026/06/28,13:00,11630,0,2548,2768,0,284,60,1820,2,438,58,3932,0,0,0,-2064,4,1776,122,11630
2026/06/28,13:30,11572,0,2556,2756,0,292,49,1830,0,452,4,3894,0,2,0,-2298,0,1978,110,11572
2026/06/28,14:00,11488,0,2894,2894,0,306,49,1846,2,446,4,3496,0,0,0,-2492,2,1986,108,11488
2026/06/28,14:30,11552,0,2926,3060,0,304,49,1838,2,450,4,3328,0,0,0,-2362,6,1892,108,11552
2026/06/28,15:00,11474,0,2878,2834,0,308,49,1848,2,446,4,3216,0,2,0,-1958,6,1782,110,11474
2026/06/28,15:30,11756,0,3138,2812,0,304,49,1846,2,454,4,2810,0,0,0,-1324,4,1604,106,11756
2026/06/28,16:00,11674,0,3098,2812,0,306,49,1850,0,446,4,2416,0,2,0,-754,0,1392,106,11674
2026/06/28,16:30,11804,0,3116,2798,0,320,0,1914,2,452,0,1826,0,0,0,-210,4,1476,106,11804
2026/06/28,17:00,11966,0,3198,3070,0,342,0,1948,0,448,0,1316,0,0,0,192,8,1336,108,11966
2026/06/28,17:30,12074,0,3576,3210,0,358,0,1952,2,460,0,814,0,0,0,352,12,1232,106,12074
2026/06/28,18:00,12190,0,2924,3260,0,364,0,1978,2,450,0,422,0,0,0,1010,12,1660,108,12190
2026/06/28,18:30,12248,0,3232,3260,0,374,0,1924,2,462,0,120,0,0,0,1244,16,1506,108,12248
2026/06/28,19:00,12470,0,3368,3266,0,380,0,1928,2,450,0,0,0,6,0,1250,8,1688,124,12470
2026/06/28,19:30,12332,0,3118,3260,0,384,0,1936,2,456,0,0,0,2,0,1180,12,1852,130,12332
2026/06/28,20:00,12192,0,3442,3264,0,386,0,1936,0,452,0,0,0,2,0,660,6,1910,134,12192
2026/06/28,20:30,11842,0,3570,3264,0,388,0,1918,2,458,0,0,0,2,0,408,6,1686,140,11842
2026/06/28,21:00,11728,0,3332,3262,0,384,0,1948,2,454,0,0,0,2,0,406,4,1784,150,11728
2026/06/28,21:30,11362,0,3232,3260,0,382,0,1932,2,462,0,0,0,2,0,194,2,1732,162,11362
2026/06/28,22:00,11224,0,3206,3262,0,394,0,1948,2,454,0,0,0,2,0,298,0,1496,162,11224
2026/06/28,22:30,10892,0,2718,3260,0,404,0,1944,2,464,0,0,0,2,0,430,2,1496,170,10892
2026/06/28,23:00,10802,0,2680,3266,0,410,0,1902,0,452,0,0,0,2,0,434,4,1490,162,10802
2026/06/28,23:30,10596,0,2632,3228,0,420,0,1906,2,464,0,0,0,2,0,440,2,1334,166,10596
2026/06/29,00:00,10098,0,2484,2836,0,404,0,1922,2,454,0,0,0,2,0,384,0,1448,162,10098
2026/06/29,00:30,9912,0,2572,2464,0,388,0,1904,2,458,0,0,0,2,0,416,4,1540,162,9912
2026/06/29,01:00,9710,0,2532,2350,0,390,0,1916,2,456,0,0,0,2,0,420,2,1482,158,9710
2026/06/29,01:30,9526,0,2510,2312,0,400,0,1912,2,462,0,0,0,4,0,332,6,1424,162,9526
2026/06/29,02:00,9702,0,2772,2314,0,380,0,1914,0,456,0,0,0,2,0,206,6,1494,158,9702
2026/06/29,02:30,9692,0,2642,2314,0,386,0,1904,2,460,0,0,0,6,0,334,6,1484,154,9692
2026/06/29,03:00,9952,0,2760,2310,0,410,0,1918,2,458,0,0,0,12,0,442,8,1500,132,9952
2026/06/29,03:30,10136,0,2784,2424,0,402,0,1922,2,464,0,0,0,6,0,438,8,1552,134,10136
2026/06/29,04:00,10340,0,2896,2458,0,402,0,1948,2,452,0,0,0,12,0,446,8,1584,132,10340
2026/06/29,04:30,10434,0,3068,2536,0,422,0,1932,2,468,0,10,0,10,0,344,6,1506,130,10434
2026/06/29,05:00,10546,0,3000,2730,0,420,0,1946,0,450,0,78,0,12,0,156,6,1658,90,10546
2026/06/29,05:30,10530,0,2878,2548,0,404,0,1938,2,462,0,370,0,8,0,-402,2,2232,88,10530
2026/06/29,06:00,10986,0,3138,2664,0,400,0,1928,2,456,0,870,0,10,0,-648,4,2080,82,10986
2026/06/29,06:30,11462,0,2874,2622,0,402,0,1918,0,456,0,1580,0,0,0,-654,0,2188,76,11462
2026/06/29,07:00,12522,0,3380,3040,0,410,0,1938,2,454,0,2362,0,2,0,-560,2,1414,78,12522
2026/06/29,07:30,13380,0,3002,3054,0,400,0,1914,2,454,0,3348,0,0,0,-140,2,1262,82,13380
2026/06/29,08:00,14886,0,3320,3142,0,404,0,1924,2,454,0,4418,0,2,0,-354,2,1484,88,14886
2026/06/29,08:30,16306,0,3358,3254,0,408,0,1956,2,452,0,5310,0,2,0,-40,2,1516,86,16306
2026/06/29,09:00,17326,0,3228,3272,0,414,0,1964,2,450,0,6088,3,0,0,154,2,1666,86,17326
2026/06/29,09:30,17760,0,3134,3254,0,392,0,1968,2,454,0,6668,4,2,0,148,2,1648,88,17760
2026/06/29,10:00,17890,0,3052,3188,0,394,0,1958,0,450,0,7176,4,2,0,150,6,1424,90,17890
2026/06/29,10:30,18236,0,3012,3222,0,410,0,1984,2,454,0,7532,4,2,0,-4,4,1514,104,18236
2026/06/29,11:00,18494,0,3100,3262,0,400,0,1982,2,456,0,7786,4,2,0,44,2,1332,126,18494
2026/06/29,11:30,18474,0,2810,3106,0,394,0,2010,2,472,0,7882,4,6,0,-310,4,1976,122,18474
2026/06/29,12:00,17956,0,3048,3136,0,390,0,2066,2,474,0,7858,0,8,0,-776,4,1624,122,17956
2026/06/29,12:30,17868,0,2628,3112,0,378,0,2062,0,486,0,7930,0,8,0,-676,2,1814,124,17868
2026/06/29,13:00,18658,0,3322,3248,0,372,0,2080,2,478,0,7550,0,10,0,-206,10,1666,126,18658
2026/06/29,13:30,19042,0,3194,3248,0,380,0,2080,2,484,0,7534,0,8,0,148,4,1838,122,19042
2026/06/29,14:00,18994,0,3596,3270,0,378,0,2106,2,478,0,7046,0,8,0,198,6,1780,126,18994
2026/06/29,14:30,18742,0,4082,3256,0,388,0,2100,2,484,0,6492,0,8,0,524,6,1268,132,18742
2026/06/29,15:00,18530,0,4160,3276,0,384,0,2118,0,480,0,5778,3,8,0,604,10,1580,132,18530
2026/06/29,15:30,18514,0,4754,3266,0,400,0,2128,2,486,0,4886,2,8,0,766,20,1666,132,18514
2026/06/29,16:00,18434,0,5010,3284,0,408,0,2158,2,482,0,4052,0,2,0,966,12,1928,130,18434
2026/06/29,16:30,18034,0,5206,3268,0,404,0,2218,0,482,0,2962,0,10,0,1234,18,2098,134,18034
2026/06/29,17:00,17374,0,5102,3280,0,396,0,2226,2,482,0,1876,0,6,0,1102,20,2714,168,17374
2026/06/29,17:30,16956,0,5448,3268,0,398,0,2218,2,488,0,968,0,6,0,1004,8,2970,178,16956
2026/06/29,18:00,16546,0,5398,3278,0,398,0,2240,2,484,0,340,0,2,0,1348,12,2858,186,16546
2026/06/29,18:30,16336,0,4862,3268,0,410,0,2228,2,496,0,60,0,8,0,1274,12,3534,182,16336
2026/06/29,19:00,15954,0,5062,3280,0,412,0,2224,2,486,0,0,0,6,0,1026,10,3254,192,15954
2026/06/29,19:30,15658,0,5024,3268,0,420,0,2240,0,492,0,0,0,10,0,1058,10,2944,192,15658
2026/06/29,20:00,15290,0,4690,3280,0,424,0,2212,2,488,0,0,0,12,0,1012,4,2974,192,15290
2026/06/29,20:30,15002,0,4740,3268,0,426,0,2214,2,494,0,0,0,10,0,882,4,2774,188,15002
2026/06/29,21:00,14804,0,4880,3284,0,432,0,2180,2,484,0,0,0,12,0,596,8,2768,158,14804
2026/06/29,21:30,14658,0,5094,3260,0,422,0,2192,2,494,0,0,0,12,0,582,4,2442,154,14658
2026/06/29,22:00,14388,0,4988,3278,0,422,0,2146,0,486,0,0,0,12,0,538,4,2360,154,14388
2026/06/29,22:30,14086,0,4690,3268,0,402,0,2144,2,494,0,0,0,12,0,448,6,2468,152,14086
2026/06/29,23:00,13960,0,4742,3280,0,410,0,2134,2,486,0,0,0,8,0,468,4,2276,150,13960
2026/06/29,23:30,13488,0,4208,3272,0,416,0,2128,2,490,0,0,0,4,0,462,2,2348,156,13488
2026/06/30,00:00,13150,0,4202,3260,0,400,0,2120,2,486,0,0,0,2,0,222,2,2360,94,13150
2026/06/30,00:30,12630,0,3628,3198,0,406,0,2096,2,492,0,0,0,6,0,72,2,2634,94,12630
2026/06/30,01:00,12470,0,3592,3266,0,406,0,2086,2,484,0,0,0,12,0,-154,2,2680,94,12470
2026/06/30,01:30,12066,0,3494,3272,0,420,0,2096,2,494,0,0,0,18,0,-162,0,2334,98,12066
2026/06/30,02:00,12186,0,3750,3286,0,422,0,2092,2,486,0,0,0,12,0,-156,2,2194,96,12186
2026/06/30,02:30,12238,0,4034,3266,0,424,0,2092,0,496,0,0,0,16,0,-162,0,1976,96,12238
2026/06/30,03:00,12348,0,4220,3288,0,422,0,2108,2,486,0,0,0,10,0,-156,8,1832,128,12348
2026/06/30,03:30,12390,0,4256,3264,0,428,0,2090,2,496,0,0,0,14,0,-162,2,1860,140,12390
2026/06/30,04:00,12308,0,3822,3290,0,430,0,2102,2,492,0,0,0,8,0,76,0,1940,146,12308
2026/06/30,04:30,12424,0,3536,3274,0,426,0,2114,2,494,0,16,0,4,0,-2,2,2414,144,12424
2026/06/30,05:00,12176,0,3106,3250,0,422,0,2110,2,490,0,144,0,4,0,-164,0,2670,142,12176
2026/06/30,05:30,12070,0,3200,3162,0,424,0,2098,0,498,0,534,0,10,0,-362,0,2378,128,12070
2026/06/30,06:00,12162,0,3266,3070,0,428,0,2096,2,490,0,1216,0,4,0,-654,2,2126,116,12162
2026/06/30,06:30,12734,0,3516,2932,0,420,0,2104,2,494,0,2012,0,6,0,-786,2,1918,114,12734
2026/06/30,07:00,13346,0,3458,3068,0,414,0,2090,2,486,0,2854,0,2,0,-530,0,1386,116,13346
2026/06/30,07:30,14252,0,3590,2838,0,412,0,2100,2,490,0,3822,0,2,0,-432,4,1310,114,14252
2026/06/30,08:00,15458,0,3618,2756,0,458,0,2096,2,488,0,4534,0,2,0,-282,4,1670,112,15458
2026/06/30,08:30,16720,0,3692,2992,0,446,0,2090,2,490,0,5248,0,2,0,74,2,1572,110,16720
2026/06/30,09:00,17586,0,3806,3226,0,434,0,2126,0,482,0,6096,0,2,0,100,0,1198,116,17586
2026/06/30,09:30,18062,0,4042,3260,0,440,0,2128,2,480,0,6044,0,2,0,186,2,1358,118,18062
2026/06/30,10:00,17920,0,3944,3288,0,436,0,2124,0,480,0,5458,2,2,0,216,2,1850,120,17920
2026/06/30,10:30,18170,0,3936,3214,0,428,0,2114,2,482,0,5734,3,2,0,44,4,2090,120,18170
2026/06/30,11:00,18300,0,4828,3264,0,422,0,2108,2,480,0,5666,0,4,0,-416,8,1814,120,18300
2026/06/30,11:30,18344,0,4686,3252,0,424,0,2098,2,480,0,6504,0,2,0,-744,6,1512,122,18344
2026/06/30,12:00,17610,0,4234,3102,0,414,0,2118,2,482,0,7160,0,2,0,-1398,4,1370,120,17610
2026/06/30,12:30,17714,0,4158,3002,0,420,0,2134,2,480,0,7592,0,2,0,-1826,4,1622,124,17714
2026/06/30,13:00,18944,0,5076,3146,0,430,0,2148,0,484,0,7858,0,2,0,-1542,8,1208,126,18944
2026/06/30,13:30,19094,0,4444,3250,0,434,0,2130,2,480,0,7458,0,2,0,-1136,6,1892,132,19094
2026/06/30,14:00,19286,0,4562,3270,0,444,0,2150,2,480,0,6604,2,2,0,-742,4,2382,128,19286
2026/06/30,14:30,19094,0,4700,3250,0,428,0,2158,2,482,0,5702,2,4,0,36,2,2196,134,19094
2026/06/30,15:00,18980,0,5056,3272,0,436,0,2218,0,476,0,4838,1,4,0,536,2,2002,140,18980
2026/06/30,15:30,18926,0,5714,3266,0,460,0,2244,2,484,0,3942,1,2,0,834,8,1832,138,18926
2026/06/30,16:00,18694,0,5434,3286,0,432,0,2252,2,480,0,3144,0,0,0,858,10,2656,140,18694
2026/06/30,16:30,18040,0,5714,3268,0,468,0,2254,0,482,0,2454,0,2,0,1208,20,2036,134,18040
2026/06/30,17:00,17414,0,5804,3282,0,466,0,2298,2,478,0,1774,0,0,0,1272,14,1890,134,17414
2026/06/30,17:30,16974,0,5912,3266,0,476,0,2280,2,490,0,962,0,2,0,1508,26,1918,132,16974
2026/06/30,18:00,16556,0,5822,3284,0,452,0,2278,2,482,0,418,0,0,0,1758,16,1910,134,16556
2026/06/30,18:30,16440,0,5964,3272,0,458,0,2272,2,492,0,96,0,0,0,1938,22,1792,132,16440
2026/06/30,19:00,16192,0,5952,3284,0,458,0,2214,2,488,0,0,0,4,0,1844,16,1796,134,16192
2026/06/30,19:30,15808,0,5590,3270,0,474,0,2190,0,490,0,0,0,4,0,1216,6,2436,132,15808
2026/06/30,20:00,15378,0,5680,3284,0,460,0,2196,2,488,0,0,0,4,0,1224,10,1896,134,15378
2026/06/30,20:30,15190,0,5232,3270,0,434,0,2194,2,490,0,0,0,6,0,870,6,2552,134,15190
2026/06/30,21:00,14954,0,5342,3286,0,438,0,2164,2,486,0,0,0,6,0,832,2,2266,130,14954
2026/06/30,21:30,14728,0,5286,3264,0,436,0,2156,2,492,0,0,0,8,0,846,2,2102,134,14728
2026/06/30,22:00,14342,0,4300,3278,0,444,0,2156,0,482,0,0,0,2,0,474,0,3074,132,14342
2026/06/30,22:30,14076,0,4850,3268,0,436,0,2148,2,488,0,0,0,8,0,100,4,2638,134,14076
2026/06/30,23:00,13960,0,5134,3288,0,428,0,2156,2,482,0,0,0,6,0,48,2,2280,134,13960
2026/06/30,23:30,13608,0,4960,3292,0,430,0,2142,0,488,0,0,0,6,0,44,0,2112,134,13608
