単位[MW平均],,,供給力,,,,,,,,,,,,,,,,
DATE,TIME,エリア需要,原子力,火力(LNG),火力(石炭),火力(石油),火力(その他),水力,地熱,バイオマス,太陽光発電実績,太陽光出力制御量,風力発電実績,風力出力制御量,揚水,蓄電池,連系線,その他,合計
2026/01/01,00:00,11454,0,5112,3042,0,486,604,2,546,0,0,218,0,448,0,964,32,11454
2026/01/01,00:30,11166,0,4560,3122,0,474,590,2,544,0,0,232,0,508,2,1100,32,11166
2026/01/01,01:00,11062,0,3892,3186,0,452,604,2,544,0,0,240,0,402,2,1692,46,11062
2026/01/01,01:30,10940,0,3740,3170,0,442,590,2,544,0,0,238,0,308,2,1864,40,10940
2026/01/01,02:00,10940,0,3992,3032,0,446,600,2,544,0,0,240,0,316,0,1746,22,10940
2026/01/01,02:30,10946,0,4060,2802,0,466,584,2,540,0,0,246,0,310,0,1918,18,10946
2026/01/01,03:00,11006,0,4210,2718,0,426,610,2,550,0,0,270,0,486,0,1726,8,11006
2026/01/01,03:30,10902,0,4306,2712,0,440,584,2,548,0,0,270,0,594,0,1436,10,10902
2026/01/01,04:00,10820,0,3916,2710,0,450,578,0,548,0,0,266,0,290,0,2046,16,10820
2026/01/01,04:30,10740,0,4102,2708,0,474,560,2,544,0,0,252,0,204,0,1878,16,10740
2026/01/01,05:00,10712,0,4126,2690,0,464,588,2,548,0,0,264,0,204,2,1790,34,10712
2026/01/01,05:30,10598,0,4482,2440,0,452,592,2,546,0,0,258,0,284,0,1508,34,10598
2026/01/01,06:00,10646,0,4484,2360,0,444,570,2,542,0,0,252,0,340,0,1640,12,10646
2026/01/01,06:30,10758,0,4870,2334,0,456,534,2,546,0,0,250,0,350,0,1402,14,10758
2026/01/01,07:00,10932,0,5064,2154,0,422,498,2,544,92,0,246,0,466,0,1450,-6,10932
2026/01/01,07:30,11312,0,4672,2014,0,416,496,2,546,750,0,234,0,440,0,1746,-4,11312
2026/01/01,08:00,11396,0,4292,1828,0,394,500,2,546,1688,0,226,0,812,0,1114,-6,11396
2026/01/01,08:30,11404,0,3308,1670,0,398,506,2,548,2976,0,234,0,342,2,1422,-4,11404
2026/01/01,09:00,11168,0,2780,1438,0,406,496,2,548,4194,0,234,0,-76,0,1152,-6,11168
2026/01/01,09:30,10854,0,2694,1172,0,360,482,2,544,5092,0,226,0,-1162,0,1448,-4,10854
2026/01/01,10:00,10466,0,2884,1060,0,312,492,2,542,5524,0,226,0,-1746,0,1176,-6,10466
2026/01/01,10:30,10072,0,2830,1048,0,302,480,2,536,5960,0,218,0,-2012,2,714,-8,10072
2026/01/01,11:00,9888,0,2960,1064,0,316,494,2,540,6246,0,218,0,-2182,0,236,-6,9888
2026/01/01,11:30,9600,0,3086,1078,0,312,484,2,546,6144,0,196,0,-2038,2,-208,-4,9600
2026/01/01,12:00,9682,0,3072,1106,0,308,482,0,542,6124,0,202,0,-1946,0,-202,-6,9682
2026/01/01,12:30,9620,0,3014,1196,0,312,498,2,544,5716,0,198,0,-1722,0,-132,-6,9620
2026/01/01,13:00,9378,0,2818,1230,0,302,508,2,544,5304,0,196,0,-1704,0,184,-6,9378
2026/01/01,13:30,9504,0,2944,1218,0,310,502,2,546,5144,0,174,0,-2068,0,738,-6,9504
2026/01/01,14:00,9434,0,3236,1230,0,356,530,2,548,4276,0,196,0,-1858,0,924,-6,9434
2026/01/01,14:30,9518,0,3238,1288,0,352,548,2,542,3248,0,206,0,-1238,0,1340,-8,9518
2026/01/01,15:00,9640,0,3582,1390,0,412,622,2,548,2116,0,180,0,-558,2,1348,-4,9640
2026/01/01,15:30,9936,0,4164,1638,0,434,672,2,550,1088,0,162,0,102,0,1130,-6,9936
2026/01/01,16:00,10434,0,4310,1814,0,406,798,2,554,338,0,164,0,558,6,1490,-6,10434
2026/01/01,16:30,11114,0,4728,1896,0,392,864,2,564,24,0,168,0,1336,8,1140,-8,11114
2026/01/01,17:00,11792,0,4954,2118,0,442,874,2,568,0,0,160,0,1220,14,1438,2,11792
2026/01/01,17:30,12104,0,5012,2308,0,416,882,2,568,0,0,146,0,1260,16,1490,4,12104
2026/01/01,18:00,12254,0,5440,2626,0,408,844,2,568,0,0,158,0,862,16,1328,2,12254
2026/01/01,18:30,12292,0,5336,2882,0,412,844,2,566,0,0,158,0,850,16,1226,0,12292
2026/01/01,19:00,12368,0,4980,3104,0,422,870,0,578,0,0,148,0,838,14,1414,0,12368
2026/01/01,19:30,12364,0,4904,3168,0,440,878,2,586,0,0,138,0,824,12,1410,2,12364
2026/01/01,20:00,12472,0,5172,3186,0,444,812,2,588,0,0,134,0,794,4,1332,4,12472
2026/01/01,20:30,12442,0,5614,3166,0,432,744,2,584,0,0,126,0,496,2,1274,2,12442
2026/01/01,21:00,12422,0,5566,3190,0,438,630,2,584,0,0,124,0,532,4,1352,0,12422
2026/01/01,21:30,12214,0,5334,3166,0,460,590,2,586,0,0,128,0,406,0,1542,0,12214
2026/01/01,22:00,12002,0,5308,3186,0,426,586,2,584,0,0,120,0,242,0,1550,-2,12002
2026/01/01,22:30,11586,0,4984,3174,0,446,566,2,588,0,0,114,0,12,0,1700,0,11586
2026/01/01,23:00,11588,0,4814,3178,0,450,570,2,586,0,0,112,0,4,0,1874,-2,11588
2026/01/01,23:30,11314,0,4866,3176,0,452,600,2,586,0,0,122,0,2,0,1508,0,11314
2026/01/02,00:00,11028,0,4492,3184,0,440,532,2,586,0,0,148,0,4,0,1644,-4,11028
2026/01/02,00:30,10746,0,4156,3168,0,422,516,2,588,0,0,158,0,18,2,1716,0,10746
2026/01/02,01:00,10618,0,3946,3178,0,428,510,2,588,0,0,164,0,32,0,1774,-4,10618
2026/01/02,01:30,10636,0,3680,3170,0,428,504,2,584,0,0,168,0,24,0,2080,-4,10636
2026/01/02,02:00,10762,0,3616,3186,0,422,526,2,586,0,0,166,0,28,0,2234,-4,10762
2026/01/02,02:30,10850,0,3622,3170,0,424,496,0,586,0,0,154,0,20,0,2378,0,10850
2026/01/02,03:00,10948,0,3466,3190,0,412,516,2,586,0,0,138,0,4,0,2638,-4,10948
2026/01/02,03:30,10864,0,3450,3164,0,432,504,2,586,0,0,142,0,2,0,2586,-4,10864
2026/01/02,04:00,10840,0,3410,3176,0,440,508,2,588,0,0,152,0,2,0,2566,-4,10840
2026/01/02,04:30,10776,0,3596,3160,0,422,504,2,586,0,0,142,0,4,0,2362,-2,10776
2026/01/02,05:00,10794,0,3800,3178,0,434,516,2,588,0,0,138,0,4,0,2140,-6,10794
2026/01/02,05:30,10768,0,4018,3164,0,454,516,2,584,0,0,142,0,94,0,1792,2,10768
2026/01/02,06:00,10972,0,4238,3176,0,436,512,2,586,0,0,150,0,176,2,1698,-4,10972
2026/01/02,06:30,11244,0,4860,3168,0,472,526,2,584,0,0,158,0,142,0,1330,2,11244
2026/01/02,07:00,11584,0,4976,3182,0,436,520,2,586,80,0,166,0,400,2,1224,10,11584
2026/01/02,07:30,11974,0,4474,3152,0,434,506,2,582,708,0,154,0,506,2,1448,6,11974
2026/01/02,08:00,12250,0,3952,3088,0,464,488,2,582,1708,0,148,0,366,0,1444,8,12250
2026/01/02,08:30,12122,0,3358,2942,0,448,482,2,582,2756,0,146,0,98,0,1300,8,12122
2026/01/02,09:00,11906,0,3256,2480,0,420,484,2,576,3738,0,166,0,-184,4,954,10,11906
2026/01/02,09:30,11580,0,3456,1968,0,450,470,0,572,4484,0,164,0,-580,2,586,8,11580
2026/01/02,10:00,11368,0,2924,1808,0,446,472,2,574,5136,0,168,0,-1474,2,1300,10,11368
2026/01/02,10:30,11244,0,2830,1644,0,444,476,2,572,5662,0,172,0,-1916,2,1348,8,11244
2026/01/02,11:00,11254,0,3084,1440,0,440,472,2,576,5934,0,168,0,-2096,2,1222,10,11254
2026/01/02,11:30,10920,0,3086,1352,0,424,474,2,570,5638,0,172,0,-2078,2,1270,8,10920
2026/01/02,12:00,10920,0,3366,1376,0,416,472,2,576,5474,0,178,0,-2370,2,1418,10,10920
2026/01/02,12:30,10698,0,3516,1370,0,422,466,2,572,5004,0,184,0,-2428,0,1582,8,10698
2026/01/02,13:00,10534,0,3406,1516,0,446,482,2,576,4350,0,222,0,-2402,0,1930,6,10534
2026/01/02,13:30,10622,0,3376,1662,0,428,472,2,568,3552,0,222,0,-2116,0,2450,6,10622
2026/01/02,14:00,10664,0,3390,1770,0,432,506,2,574,2862,0,200,0,-1592,0,2510,10,10664
2026/01/02,14:30,10862,0,3762,2078,0,416,506,2,570,2294,0,184,0,-796,0,1838,8,10862
2026/01/02,15:00,11100,0,3918,2298,0,412,558,2,578,1610,0,182,0,-502,0,2036,8,11100
2026/01/02,15:30,11428,0,4136,2426,0,444,602,0,570,880,0,178,0,204,4,1978,6,11428
2026/01/02,16:00,11908,0,4182,2686,0,464,752,2,574,268,0,204,0,390,2,2368,16,11908
2026/01/02,16:30,12608,0,5400,2858,0,428,812,2,570,22,0,204,0,498,6,1790,18,12608
2026/01/02,17:00,13266,0,5810,2918,0,438,912,2,578,0,0,204,0,822,14,1548,20,13266
2026/01/02,17:30,13570,0,6214,2898,0,466,1002,2,580,0,0,200,0,1590,16,582,20,13570
2026/01/02,18:00,13694,0,6048,2920,0,460,880,2,578,0,0,188,0,994,16,1582,26,13694
2026/01/02,18:30,13734,0,6354,2918,0,450,942,2,576,0,0,192,0,1330,16,932,22,13734
2026/01/02,19:00,13804,0,6458,2958,0,478,900,2,574,0,0,190,0,1412,12,794,26,13804
2026/01/02,19:30,13802,0,6556,3016,0,468,946,2,572,0,0,194,0,1652,10,358,28,13802
2026/01/02,20:00,13868,0,6670,3100,0,462,838,2,576,0,0,206,0,1466,6,512,30,13868
2026/01/02,20:30,13806,0,6698,3168,0,488,754,2,576,0,0,176,0,1464,2,448,30,13806
2026/01/02,21:00,13692,0,6690,3194,0,474,584,2,574,0,0,154,0,1364,2,620,34,13692
2026/01/02,21:30,13460,0,6696,3176,0,472,580,2,578,0,0,150,0,1628,2,144,32,13460
2026/01/02,22:00,13284,0,6702,3192,0,458,492,0,578,0,0,198,0,1312,2,312,38,13284
2026/01/02,22:30,12852,0,6522,3184,0,450,478,2,576,0,0,224,0,814,0,566,36,12852
2026/01/02,23:00,12832,0,6464,3192,0,454,476,2,578,0,0,216,0,754,2,656,38,12832
2026/01/02,23:30,12504,0,6446,3184,0,444,480,2,572,0,0,218,0,468,0,654,36,12504
2026/01/03,00:00,12104,0,5266,3186,0,446,478,2,578,0,0,212,0,28,2,1864,42,12104
2026/01/03,00:30,11764,0,5040,3176,0,440,488,2,578,0,0,214,0,2,2,1780,42,11764
2026/01/03,01:00,11622,0,4820,3196,0,438,486,2,580,0,0,200,0,4,0,1854,42,11622
2026/01/03,01:30,11544,0,4678,3182,0,456,494,0,572,0,0,190,0,2,0,1930,40,11544
2026/01/03,02:00,11590,0,4522,3192,0,454,492,2,576,0,0,198,0,4,0,2110,40,11590
2026/01/03,02:30,11612,0,4558,3180,0,472,492,2,576,0,0,196,0,2,0,2092,42,11612
2026/01/03,03:00,11646,0,4584,3196,0,460,500,2,574,0,0,182,0,4,2,2126,16,11646
2026/01/03,03:30,11536,0,4488,3176,0,472,496,2,574,0,0,192,0,2,2,2120,12,11536
2026/01/03,04:00,11488,0,4214,3192,0,482,498,2,572,0,0,174,0,4,0,2330,20,11488
2026/01/03,04:30,11376,0,4412,3182,0,470,490,2,572,0,0,196,0,2,2,2030,18,11376
2026/01/03,05:00,11402,0,4400,3196,0,490,540,2,570,0,0,174,0,4,2,1994,30,11402
2026/01/03,05:30,11396,0,4390,3176,0,474,540,2,570,0,0,168,0,2,2,2042,30,11396
2026/01/03,06:00,11604,0,4790,3196,0,464,566,2,572,0,0,184,0,236,0,1588,6,11604
2026/01/03,06:30,11934,0,5022,3176,0,452,570,2,572,0,0,172,0,812,2,1148,6,11934
2026/01/03,07:00,12308,0,5344,3196,0,456,572,2,574,66,0,160,0,810,0,1124,4,12308
2026/01/03,07:30,12912,0,5212,3182,0,470,584,2,572,578,0,160,0,950,2,1200,0,12912
2026/01/03,08:00,13376,0,4732,3178,0,486,530,0,572,1492,0,164,0,1046,0,1172,4,13376
2026/01/03,08:30,13558,0,4016,2944,0,498,542,2,576,2576,0,136,0,1400,2,864,2,13558
2026/01/03,09:00,13516,0,3414,2780,0,466,482,2,568,3660,0,136,0,1026,0,978,4,13516
2026/01/03,09:30,13164,0,2968,2638,0,494,442,2,576,4500,0,142,0,468,0,930,4,13164
2026/01/03,10:00,12820,0,2340,2500,0,518,460,2,566,5378,0,112,0,-172,2,1110,4,12820
2026/01/03,10:30,12236,0,2644,2238,0,508,448,2,570,5680,0,124,0,-1062,0,1082,2,12236
2026/01/03,11:00,11792,0,2688,2048,0,502,456,2,572,5676,0,132,0,-1438,0,1148,6,11792
2026/01/03,11:30,11664,0,2752,1884,0,502,452,2,568,5794,0,148,0,-1698,2,1256,2,11664
2026/01/03,12:00,11476,0,3202,1876,0,456,458,0,572,5684,0,170,0,-2194,0,1248,4,11476
2026/01/03,12:30,11074,0,3504,1958,0,478,448,2,572,5070,0,170,0,-2284,0,1156,0,11074
2026/01/03,13:00,11092,0,3414,2054,0,494,460,2,576,4554,0,186,0,-2424,0,1770,6,11092
2026/01/03,13:30,10954,0,3362,1884,0,482,480,2,570,3978,0,210,0,-2308,0,2292,2,10954
2026/01/03,14:00,11014,0,3554,1944,0,430,494,2,568,3522,0,220,0,-2306,0,2580,6,11014
2026/01/03,14:30,10940,0,4016,2164,0,422,528,2,570,2690,0,228,0,-2088,0,2406,2,10940
2026/01/03,15:00,11020,0,4326,2416,0,440,560,2,570,1756,0,228,0,-1170,0,1886,6,11020
2026/01/03,15:30,11390,0,5002,2508,0,432,618,2,572,986,0,228,0,-548,0,1588,2,11390
2026/01/03,16:00,11932,0,5940,2526,0,418,784,2,570,324,0,232,0,-366,4,1494,4,11932
2026/01/03,16:30,12546,0,6670,2510,0,432,828,2,564,32,0,224,0,-26,6,1302,2,12546
2026/01/03,17:00,13308,0,6922,2530,0,466,880,2,568,0,0,238,0,114,14,1560,14,13308
2026/01/03,17:30,13624,0,7542,2514,0,450,884,2,570,0,0,218,0,260,14,1160,10,13624
2026/01/03,18:00,13826,0,7594,2522,0,428,900,0,568,0,0,204,0,304,14,1278,14,13826
2026/01/03,18:30,13790,0,7200,2512,0,432,888,2,570,0,0,178,0,292,8,1698,10,13790
2026/01/03,19:00,13842,0,7414,2526,0,446,860,2,564,0,0,180,0,268,6,1562,14,13842
2026/01/03,19:30,13858,0,7656,2516,0,432,856,2,570,0,0,176,0,224,4,1412,10,13858
2026/01/03,20:00,13872,0,7982,2522,0,448,794,2,566,0,0,174,0,256,4,1114,10,13872
2026/01/03,20:30,13826,0,8040,2516,0,434,732,2,566,0,0,196,0,228,4,1098,10,13826
2026/01/03,21:00,13722,0,8070,2526,0,434,644,2,570,0,0,216,0,156,2,1088,14,13722
2026/01/03,21:30,13430,0,7798,2512,0,452,628,2,566,0,0,204,0,146,2,1110,10,13430
2026/01/03,22:00,13144,0,7544,2526,0,430,612,0,568,0,0,184,0,150,0,1118,12,13144
2026/01/03,22:30,12620,0,7082,2512,0,428,634,2,570,0,0,194,0,56,0,1134,8,12620
2026/01/03,23:00,12596,0,7094,2526,0,434,656,2,570,0,0,202,0,4,2,1094,12,12596
2026/01/03,23:30,12274,0,6932,2514,0,430,486,2,572,0,0,200,0,4,0,1124,10,12274
2026/01/04,00:00,11908,0,6272,2524,0,458,468,2,570,0,0,170,0,80,0,1354,10,11908
2026/01/04,00:30,11576,0,5896,2514,0,476,500,2,572,0,0,168,0,76,0,1362,10,11576
2026/01/04,01:00,11444,0,5178,2522,0,498,514,2,570,0,0,136,0,6,0,2008,10,11444
2026/01/04,01:30,11398,0,4870,2516,0,466,500,0,570,0,0,144,0,2,0,2324,6,11398
2026/01/04,02:00,11474,0,4876,2522,0,444,508,2,568,0,0,148,0,2,0,2396,8,11474
2026/01/04,02:30,11552,0,5182,2516,0,448,496,2,570,0,0,140,0,4,0,2186,8,11552
2026/01/04,03:00,11610,0,4996,2522,0,458,506,2,574,0,0,178,0,2,0,2364,8,11610
2026/01/04,03:30,11498,0,4960,2512,0,450,498,2,570,0,0,182,0,4,2,2312,6,11498
2026/01/04,04:00,11430,0,4658,2522,0,452,506,2,568,0,0,178,0,2,0,2532,10,11430
2026/01/04,04:30,11334,0,4862,2516,0,448,496,2,572,0,0,168,0,4,0,2258,8,11334
2026/01/04,05:00,11374,0,4934,2526,0,440,560,2,572,0,0,150,0,2,0,2180,8,11374
2026/01/04,05:30,11344,0,4852,2516,0,448,548,2,570,0,0,148,0,4,2,2246,8,11344
2026/01/04,06:00,11566,0,5198,2526,0,446,556,2,572,0,0,146,0,4,0,2110,6,11566
2026/01/04,06:30,11974,0,6016,2512,0,444,560,2,570,0,0,156,0,50,0,1654,10,11974
2026/01/04,07:00,12384,0,6510,2526,0,430,568,0,568,72,0,160,0,80,2,1458,10,12384
2026/01/04,07:30,12864,0,6694,2512,0,434,542,2,570,554,0,166,0,272,0,1112,6,12864
2026/01/04,08:00,13326,0,6422,2526,0,448,522,2,572,1332,0,168,0,140,0,1176,18,13326
2026/01/04,08:30,13410,0,5442,2506,0,448,498,2,568,2232,0,156,0,4,0,1538,16,13410
2026/01/04,09:00,13478,0,4876,2514,0,442,464,2,568,3232,0,146,0,4,2,1206,22,13478
2026/01/04,09:30,13284,0,4528,2504,0,438,428,2,568,4094,0,152,0,2,0,548,20,13284
2026/01/04,10:00,12932,0,3820,2330,0,438,438,2,568,4698,0,182,0,4,0,424,28,12932
2026/01/04,10:30,12610,0,3660,1848,0,422,426,2,568,5154,0,200,0,-310,2,616,22,12610
2026/01/04,11:00,12370,0,3676,1732,0,428,424,0,572,5508,0,218,0,-752,0,538,26,12370
2026/01/04,11:30,12260,0,3946,1590,0,428,426,2,572,5832,0,224,0,-952,0,172,20,12260
2026/01/04,12:00,11966,0,3988,1704,0,430,430,2,572,5924,0,220,0,-1082,0,-248,26,11966
2026/01/04,12:30,11702,0,4186,1846,0,442,426,2,566,5474,0,210,0,-1292,0,-180,22,11702
2026/01/04,13:00,11354,0,4036,1956,2,432,440,2,570,4990,0,230,0,-1302,0,-28,26,11354
2026/01/04,13:30,11386,0,4534,1968,2,450,460,2,574,4486,0,238,0,-1204,0,-148,24,11386
2026/01/04,14:00,11488,0,4892,2190,2,472,484,2,570,3564,0,230,0,-886,0,-56,24,11488
2026/01/04,14:30,11502,0,5214,2308,0,450,508,2,572,2672,0,224,0,-138,0,-328,18,11502
2026/01/04,15:00,11656,0,5388,2388,2,464,566,2,572,1836,0,220,0,82,0,112,24,11656
2026/01/04,15:30,11940,0,5894,2398,2,466,612,2,576,1028,0,228,0,64,2,648,20,11940
2026/01/04,16:00,12382,0,6846,2416,2,458,646,2,572,318,0,218,0,4,2,876,22,12382
2026/01/04,16:30,13110,0,7726,2476,0,450,648,2,576,36,0,216,0,6,8,946,20,13110
2026/01/04,17:00,13944,0,8374,2490,2,468,752,2,572,0,0,228,0,412,4,604,36,13944
2026/01/04,17:30,14226,0,8452,2496,0,460,762,0,574,0,0,212,0,606,6,630,28,14226
2026/01/04,18:00,14458,0,8086,2562,0,454,842,2,572,0,0,220,0,630,6,1050,34,14458
2026/01/04,18:30,14396,0,8058,2604,0,480,884,2,576,0,0,206,0,478,6,1072,30,14396
2026/01/04,19:00,14478,0,8340,2664,0,474,896,2,576,0,0,178,0,282,4,1026,36,14478
2026/01/04,19:30,14320,0,8258,2642,0,496,886,2,572,0,0,152,0,254,6,1006,46,14320
2026/01/04,20:00,14412,0,8306,2766,0,464,826,2,574,0,0,144,0,250,4,1034,42,14412
2026/01/04,20:30,14054,0,8108,2770,0,438,766,2,568,0,0,134,0,164,2,1060,42,14054
2026/01/04,21:00,13952,0,8132,2884,0,428,586,2,572,0,0,138,0,108,0,1062,40,13952
2026/01/04,21:30,13508,0,7574,3040,0,458,500,0,570,0,0,144,0,98,0,1088,36,13508
2026/01/04,22:00,13218,0,7250,3060,0,452,470,2,570,0,0,162,0,104,0,1108,40,13218
2026/01/04,22:30,12494,0,6570,3046,0,426,452,2,570,0,0,160,0,102,0,1130,36,12494
2026/01/04,23:00,12462,0,6562,3080,0,434,454,2,572,0,0,162,0,72,0,1088,36,12462
2026/01/04,23:30,12060,0,6180,3122,0,418,456,2,570,0,0,166,0,2,0,1108,36,12060
2026/01/05,00:00,11766,0,5650,3122,0,416,468,2,568,0,0,166,0,4,0,1340,30,11766
2026/01/05,00:30,11422,0,5130,3118,0,448,454,2,572,0,0,160,0,2,0,1510,26,11422
2026/01/05,01:00,11288,0,4384,3118,0,446,468,2,570,0,0,164,0,4,0,2092,40,11288
2026/01/05,01:30,11292,0,4350,3134,0,464,452,0,572,0,0,152,0,2,0,2122,44,11292
2026/01/05,02:00,11362,0,4490,3142,0,450,472,2,570,0,0,140,0,4,0,2066,26,11362
2026/01/05,02:30,11526,0,4642,3138,0,438,464,2,572,0,0,140,0,2,0,2108,20,11526
2026/01/05,03:00,11662,0,4410,3142,0,460,462,2,570,0,0,154,0,4,0,2442,16,11662
2026/01/05,03:30,11672,0,4768,3132,0,462,460,2,570,0,0,118,0,2,0,2148,10,11672
2026/01/05,04:00,11698,0,4676,3142,0,464,454,2,568,0,0,132,0,4,2,2236,18,11698
2026/01/05,04:30,11810,0,5198,3134,0,476,456,2,572,0,0,116,0,2,0,1836,18,11810
2026/01/05,05:00,12070,0,5392,3142,0,454,460,2,568,0,0,128,0,4,0,1884,36,12070
2026/01/05,05:30,12534,0,6060,3136,0,450,456,2,570,0,0,126,0,2,2,1676,54,12534
2026/01/05,06:00,13166,0,6980,3142,0,432,468,2,568,0,0,138,0,4,0,1384,48,13166
2026/01/05,06:30,14054,0,8068,3134,0,454,484,2,576,0,0,146,0,2,0,1142,46,14054
2026/01/05,07:00,14720,0,8610,3140,0,438,692,2,572,76,0,134,0,4,2,1014,36,14720
2026/01/05,07:30,15652,0,8894,3138,0,428,760,0,574,446,0,124,0,80,10,1162,36,15652
2026/01/05,08:00,16680,0,9310,3136,0,446,790,2,576,732,0,120,0,574,2,950,42,16680
2026/01/05,08:30,17440,0,9234,3132,0,466,798,2,576,1246,0,92,0,628,2,1210,54,17440
2026/01/05,09:00,17810,0,8640,3148,0,450,636,2,572,2330,0,104,0,330,2,1536,60,17810
2026/01/05,09:30,17420,0,7278,3136,0,446,600,2,574,3736,0,102,0,24,0,1456,66,17420
2026/01/05,10:00,16882,0,5756,3136,0,462,516,2,572,4232,0,116,0,-68,0,2094,64,16882
2026/01/05,10:30,16476,0,5446,3130,0,456,498,2,574,4202,0,162,0,-798,2,2744,58,16476
2026/01/05,11:00,16410,0,5844,3152,0,458,498,2,576,3966,0,162,0,-1376,0,3094,34,16410
2026/01/05,11:30,16096,0,5088,3154,0,456,500,2,580,4492,0,146,0,-1664,0,3310,32,16096
2026/01/05,12:00,15522,0,4930,3108,0,474,500,2,580,4574,0,160,0,-1896,2,3056,32,15522
2026/01/05,12:30,15370,0,5378,3182,0,516,494,0,584,4144,0,170,0,-1876,0,2748,30,15370
2026/01/05,13:00,15778,0,6096,3274,0,514,498,2,576,3444,0,172,0,-1664,2,2830,34,15778
2026/01/05,13:30,15840,0,6234,3290,0,516,488,2,584,2910,0,188,0,-1070,0,2668,30,15840
2026/01/05,14:00,15738,0,5956,3376,0,520,484,2,578,2672,0,184,0,-474,0,2380,60,15738
2026/01/05,14:30,15662,0,6300,3422,2,526,520,2,584,2032,0,186,0,-80,2,2110,56,15662
2026/01/05,15:00,15542,0,6696,3488,0,522,582,2,578,1248,0,198,0,4,2,2168,54,15542
2026/01/05,15:30,15912,0,8096,3634,2,506,630,2,582,628,0,184,0,2,2,1594,50,15912
2026/01/05,16:00,16454,0,8720,3710,0,498,840,2,578,204,0,188,0,42,0,1618,54,16454
2026/01/05,16:30,16816,0,9264,3752,0,520,958,2,582,28,0,204,0,340,4,1114,48,16816
2026/01/05,17:00,16764,0,9172,3758,0,520,996,2,584,0,0,192,0,356,10,1060,114,16764
2026/01/05,17:30,16764,0,9224,3742,0,502,994,2,586,0,0,194,0,484,8,912,116,16764
2026/01/05,18:00,16848,0,8562,3762,0,502,1038,0,586,0,0,184,0,738,12,1344,120,16848
2026/01/05,18:30,16690,0,8050,3860,0,518,1024,2,582,0,0,182,0,520,10,1826,116,16690
2026/01/05,19:00,16458,0,8186,3938,0,514,1014,2,584,0,0,164,0,336,8,1590,122,16458
2026/01/05,19:30,16292,0,7956,3940,0,502,1018,2,584,0,0,146,0,66,10,1952,116,16292
2026/01/05,20:00,16072,0,7926,3946,0,516,874,2,584,0,0,178,0,26,8,1896,116,16072
2026/01/05,20:30,15892,0,8008,3938,0,528,814,2,586,0,0,168,0,2,0,1750,96,15892
2026/01/05,21:00,15456,0,7648,4066,0,518,660,2,584,0,0,188,0,80,2,1612,96,15456
2026/01/05,21:30,15082,0,7296,4124,0,494,586,2,586,0,0,194,0,22,0,1694,84,15082
2026/01/05,22:00,14610,0,7370,4136,0,522,504,2,588,0,0,202,0,2,4,1228,52,14610
2026/01/05,22:30,14168,0,7046,4142,0,512,474,2,584,0,0,218,0,4,0,1138,48,14168
2026/01/05,23:00,13834,0,6608,4150,0,502,478,2,588,0,0,210,0,4,0,1238,54,13834
2026/01/05,23:30,13488,0,6522,4148,0,500,470,2,588,0,0,204,0,-176,2,1180,48,13488
2026/01/06,00:00,13064,0,6746,4146,0,464,446,2,586,0,0,194,0,-604,0,1032,52,13064
2026/01/06,00:30,12834,0,6812,4144,0,444,420,2,586,0,0,174,0,-908,0,1110,50,12834
2026/01/06,01:00,12744,0,6444,4152,0,450,430,0,584,0,0,210,0,-964,0,1384,54,12744
2026/01/06,01:30,12908,0,6566,4142,0,462,418,2,588,0,0,216,0,-960,0,1422,52,12908
2026/01/06,02:00,12934,0,6372,4154,0,480,416,2,584,0,0,238,0,-962,0,1598,52,12934
2026/01/06,02:30,13190,0,6800,4144,0,472,414,2,590,0,0,230,0,-952,0,1434,56,13190
2026/01/06,03:00,13196,0,6794,4146,0,462,420,2,584,0,0,236,0,-962,2,1452,60,13196
2026/01/06,03:30,13336,0,6990,4140,0,442,422,2,590,0,0,232,0,-820,0,1280,58,13336
2026/01/06,04:00,13374,0,6656,4154,0,472,416,2,584,0,0,214,0,-708,2,1518,64,13374
2026/01/06,04:30,13494,0,6588,4146,0,458,406,2,588,0,0,236,0,-708,0,1688,90,13494
2026/01/06,05:00,13882,0,6750,4150,0,430,426,2,582,0,0,218,0,-608,0,1840,92,13882
2026/01/06,05:30,14320,0,7058,4150,0,410,426,2,590,0,0,208,0,-410,2,1796,88,14320
2026/01/06,06:00,15218,0,7496,4144,0,406,428,2,584,0,0,206,0,-2,0,1870,84,15218
2026/01/06,06:30,16220,0,8488,4146,0,410,446,2,586,0,0,188,0,58,2,1812,82,16220
2026/01/06,07:00,17106,0,8378,4148,0,406,658,2,584,82,0,182,0,300,4,2266,96,17106
2026/01/06,07:30,18002,0,8624,4146,0,420,708,0,580,750,0,184,0,342,8,2146,94,18002
2026/01/06,08:00,19202,0,8754,4146,0,432,756,2,586,1856,0,176,0,988,4,1412,90,19202
2026/01/06,08:30,19948,0,8182,4146,0,416,768,2,586,3050,0,164,0,638,2,1908,86,19948
2026/01/06,09:00,20200,0,7414,4150,0,424,656,2,584,4226,0,172,0,172,0,2312,88,20200
2026/01/06,09:30,19894,0,6900,4148,0,418,636,2,578,5118,0,172,0,16,0,1820,86,19894
2026/01/06,10:00,19412,0,5936,4152,0,422,660,2,570,5914,0,168,0,4,0,1494,90,19412
2026/01/06,10:30,18878,0,5190,4142,0,428,612,2,570,6250,0,178,0,2,0,1416,88,18878
2026/01/06,11:00,18566,0,4578,4144,0,426,576,2,576,6442,0,190,0,-40,0,1610,62,18566
2026/01/06,11:30,18226,0,4432,4012,0,426,554,2,586,6558,0,186,0,-320,0,1734,56,18226
2026/01/06,12:00,17506,0,4616,3860,0,426,558,2,594,6570,0,202,0,-786,0,1404,60,17506
2026/01/06,12:30,17322,0,4738,3900,0,438,546,2,592,6392,0,192,0,-938,2,1400,58,17322
2026/01/06,13:00,17740,0,5252,4072,0,432,566,0,594,5824,0,168,0,-680,0,1446,66,17740
2026/01/06,13:30,17798,0,5380,4132,0,426,550,2,592,5234,0,174,0,-608,0,1856,60,17798
2026/01/06,14:00,18004,0,6004,4154,0,408,586,2,592,4762,0,166,0,-480,2,1742,66,18004
2026/01/06,14:30,17996,0,6932,4144,0,414,592,2,594,3900,0,162,0,-284,0,1476,64,17996
2026/01/06,15:00,17924,0,7392,4158,0,418,662,2,590,2716,0,144,0,-24,0,1774,92,17924
2026/01/06,15:30,18350,0,8474,4150,0,418,690,2,596,1510,0,150,0,32,2,2230,96,18350
2026/01/06,16:00,18698,0,9114,4160,0,412,926,2,594,514,0,156,0,144,2,2580,94,18698
2026/01/06,16:30,18950,0,9642,4162,0,424,992,2,592,34,0,134,0,728,10,2134,96,18950
2026/01/06,17:00,19086,0,9658,4162,0,414,982,2,594,0,0,114,0,806,22,2204,128,19086
2026/01/06,17:30,19196,0,9636,4156,0,420,956,2,590,0,0,94,0,836,22,2352,132,19196
2026/01/06,18:00,19118,0,9540,4162,0,414,928,0,590,0,0,96,0,922,10,2324,132,19118
2026/01/06,18:30,18998,0,9530,4158,0,418,916,2,594,0,0,98,0,1038,10,2102,132,18998
2026/01/06,19:00,18728,0,9186,4148,0,434,842,2,590,0,0,98,0,612,10,2670,136,18728
2026/01/06,19:30,18512,0,9020,4146,0,448,824,2,596,0,0,90,0,726,6,2514,140,18512
2026/01/06,20:00,18612,0,9066,4156,0,422,756,2,592,0,0,88,0,978,2,2424,126,18612
2026/01/06,20:30,18488,0,8804,4144,0,430,712,2,592,0,0,86,0,1028,2,2570,118,18488
2026/01/06,21:00,18050,0,8480,4152,0,458,666,2,592,0,0,68,0,790,0,2726,116,18050
2026/01/06,21:30,17742,0,8748,4144,0,434,644,2,588,0,0,58,0,454,0,2560,110,17742
2026/01/06,22:00,17426,0,8568,4142,0,430,576,2,592,0,0,64,0,420,0,2556,76,17426
2026/01/06,22:30,16900,0,8060,4142,0,438,490,2,590,0,0,90,0,200,0,2816,72,16900
2026/01/06,23:00,16676,0,7756,4152,0,442,472,2,588,0,0,64,0,34,0,3084,82,16676
2026/01/06,23:30,16212,0,7448,4152,0,464,458,2,592,0,0,48,0,2,2,2964,80,16212
2026/01/07,00:00,15914,0,7928,4146,0,452,454,2,592,0,0,40,0,4,0,2206,90,15914
2026/01/07,00:30,15376,0,7492,4142,0,438,440,2,594,0,0,38,0,102,0,2046,82,15376
2026/01/07,01:00,15370,0,7516,4150,0,434,448,2,592,0,0,28,0,198,0,1910,92,15370
2026/01/07,01:30,15170,0,7624,4150,0,438,436,0,592,0,0,32,0,58,0,1756,84,15170
2026/01/07,02:00,15256,0,7494,4154,0,428,448,2,588,0,0,48,0,4,0,2020,70,15256
2026/01/07,02:30,15274,0,7522,4142,0,416,444,2,590,0,0,56,0,2,0,2034,66,15274
2026/01/07,03:00,15332,0,6878,4154,0,424,426,2,588,0,0,50,0,4,0,2746,60,15332
2026/01/07,03:30,15204,0,6608,4152,0,438,434,2,594,0,0,54,0,2,2,2864,54,15204
2026/01/07,04:00,15158,0,6676,4148,0,420,436,2,554,0,0,50,0,4,0,2806,62,15158
2026/01/07,04:30,15200,0,6704,4138,0,416,426,2,546,0,0,50,0,2,2,2832,82,15200
2026/01/07,05:00,15560,0,6688,4156,0,418,446,2,548,0,0,46,0,4,0,3140,112,15560
2026/01/07,05:30,15878,0,6718,4144,0,430,428,2,544,0,0,56,0,2,0,3442,112,15878
2026/01/07,06:00,16858,0,7782,4150,0,442,456,2,544,0,0,52,0,8,2,3344,76,16858
2026/01/07,06:30,17802,0,8658,4144,0,422,468,2,546,0,0,40,0,26,2,3416,78,17802
2026/01/07,07:00,18526,0,9082,4150,0,438,560,2,538,26,0,42,0,40,2,3572,74,18526
2026/01/07,07:30,19284,0,9394,4148,0,470,638,2,542,230,0,40,0,478,2,3266,74,19284
2026/01/07,08:00,20402,0,10282,4154,0,506,692,2,536,624,0,42,0,1226,6,2260,72,20402
2026/01/07,08:30,21370,0,10356,4142,0,506,694,0,538,1094,0,28,0,1280,2,2652,78,21370
2026/01/07,09:00,21618,0,10294,4154,0,508,620,2,534,1856,0,4,0,1120,4,2432,90,21618
2026/01/07,09:30,21340,0,10178,4144,0,486,594,2,538,2320,0,2,0,960,2,2014,100,21340
2026/01/07,10:00,20832,0,9700,4150,0,480,556,2,540,3060,0,2,0,582,0,1658,102,20832
2026/01/07,10:30,20514,0,8816,4144,0,462,520,2,538,4206,0,4,0,16,0,1704,102,20514
2026/01/07,11:00,19980,0,7508,4152,0,462,476,2,544,5298,0,2,0,-96,2,1578,52,19980
2026/01/07,11:30,19346,0,6612,4144,0,460,470,2,544,6054,0,6,0,-570,2,1584,38,19346
2026/01/07,12:00,18106,0,5762,4152,0,466,474,0,544,6476,0,10,0,-1318,0,1504,36,18106
2026/01/07,12:30,17760,0,5484,4152,0,474,470,2,544,6732,0,12,0,-1402,2,1256,34,17760
2026/01/07,13:00,18140,0,6320,4154,0,468,496,2,544,6446,0,12,0,-1394,2,1056,34,18140
2026/01/07,13:30,18154,0,6476,4142,0,468,496,2,542,5970,0,10,0,-1288,0,1296,40,18154
2026/01/07,14:00,17978,0,6254,4152,0,464,542,2,542,5138,0,14,0,-658,2,1484,42,17978
2026/01/07,14:30,17908,0,6876,4146,0,468,576,2,546,4108,0,14,0,-486,2,1614,42,17908
2026/01/07,15:00,17758,0,7854,4150,0,478,630,2,546,2858,0,14,0,-444,0,1628,42,17758
2026/01/07,15:30,18124,0,8938,4148,0,464,674,2,550,1576,0,10,0,100,4,1614,44,18124
2026/01/07,16:00,18476,0,9670,4148,0,454,886,2,544,572,0,8,0,464,18,1644,66,18476
2026/01/07,16:30,18760,0,9956,4150,0,460,950,2,552,38,0,12,0,624,20,1926,70,18760
2026/01/07,17:00,18996,0,9974,4150,0,488,994,2,552,0,0,20,0,944,18,1740,114,18996
2026/01/07,17:30,19116,0,10142,4146,0,486,1042,2,554,0,0,18,0,846,14,1750,116,19116
2026/01/07,18:00,19096,0,10138,4154,0,470,1038,2,554,0,0,24,0,940,18,1644,114,19096
2026/01/07,18:30,19004,0,10150,4142,0,444,1040,2,550,0,0,24,0,912,18,1608,114,19004
2026/01/07,19:00,18752,0,10036,4154,0,448,1044,2,554,0,0,28,0,734,8,1628,116,18752
2026/01/07,19:30,18598,0,10132,4146,0,448,1034,0,548,0,0,38,0,492,6,1642,112,18598
2026/01/07,20:00,18674,0,10168,4154,0,434,968,2,548,0,0,56,0,556,14,1674,100,18674
2026/01/07,20:30,18524,0,10160,4142,0,434,898,2,554,0,0,80,0,456,2,1702,94,18524
2026/01/07,21:00,18224,0,10074,4152,0,422,714,2,552,0,0,110,0,456,2,1656,84,18224
2026/01/07,21:30,17778,0,9834,4134,0,438,652,2,552,0,0,102,0,334,2,1658,70,17778
2026/01/07,22:00,17414,0,9984,4156,0,428,576,2,552,0,0,96,0,352,4,1190,74,17414
2026/01/07,22:30,16876,0,9646,4144,0,426,546,2,552,0,0,88,0,236,2,1160,74,16876
2026/01/07,23:00,16528,0,9508,4150,0,430,548,2,556,0,0,96,0,48,2,1144,44,16528
2026/01/07,23:30,16072,0,9068,4152,0,434,532,2,552,0,0,100,0,16,0,1176,40,16072
2026/01/08,00:00,15704,0,7954,4144,0,422,498,2,552,0,0,98,0,4,0,1984,46,15704
2026/01/08,00:30,15196,0,7728,4150,0,416,480,2,552,0,0,102,0,-162,0,1888,40,15196
2026/01/08,01:00,15018,0,7532,4152,0,416,492,2,550,0,0,114,0,-246,0,1962,44,15018
2026/01/08,01:30,14878,0,7586,4144,0,412,480,2,552,0,0,122,0,-246,0,1788,38,14878
2026/01/08,02:00,15008,0,7694,4152,0,408,486,2,550,0,0,142,0,-246,0,1778,42,15008
2026/01/08,02:30,14876,0,7592,4146,0,426,474,2,548,0,0,162,0,-246,0,1730,42,14876
2026/01/08,03:00,15022,0,7384,4148,0,424,496,2,548,0,0,196,0,-246,2,2018,50,15022
2026/01/08,03:30,14782,0,7346,4146,0,430,466,0,546,0,0,204,0,-302,0,1894,52,14782
2026/01/08,04:00,14922,0,7522,4148,0,438,482,2,548,0,0,218,0,-412,0,1920,56,14922
2026/01/08,04:30,14904,0,7566,4146,0,432,484,2,552,0,0,198,0,-408,0,1878,54,14904
2026/01/08,05:00,15250,0,7672,4156,0,430,498,2,548,0,0,188,0,-362,0,2056,62,15250
2026/01/08,05:30,15566,0,7544,4144,0,446,494,2,552,0,0,186,0,-310,2,2448,58,15566
2026/01/08,06:00,16434,0,8044,4152,0,440,522,2,552,0,0,188,0,-72,0,2524,82,16434
2026/01/08,06:30,17370,0,8492,4146,0,442,526,2,556,0,0,184,0,26,2,2906,88,17370
2026/01/08,07:00,18010,0,9460,4148,0,434,614,2,554,74,0,178,0,40,2,2416,88,18010
2026/01/08,07:30,18662,0,9842,4146,0,454,668,2,552,518,0,170,0,198,8,2018,86,18662
2026/01/08,08:00,19680,0,10014,4148,0,472,700,2,554,1140,0,170,0,396,6,1998,80,19680
2026/01/08,08:30,20498,0,9632,4150,0,450,726,2,552,1948,0,142,0,270,2,2546,78,20498
2026/01/08,09:00,20564,0,8766,4150,0,466,664,2,548,2666,0,152,0,28,0,3040,82,20564
2026/01/08,09:30,20450,0,7612,4144,0,466,590,2,548,3636,0,160,0,28,0,3190,74,20450
2026/01/08,10:00,20058,0,7024,4150,0,462,512,2,550,4382,0,162,0,18,2,2714,80,20058
2026/01/08,10:30,19994,0,6784,4146,0,500,508,2,550,4724,0,170,0,4,0,2524,82,19994
2026/01/08,11:00,19804,0,6326,4150,0,492,498,0,550,5282,0,174,0,4,0,2278,50,19804
2026/01/08,11:30,19678,0,6672,4144,0,468,480,2,552,5648,0,170,0,-322,0,1822,42,19678
2026/01/08,12:00,18424,0,6474,4156,0,440,508,2,550,5440,0,162,0,-692,0,1340,44,18424
2026/01/08,12:30,18214,0,6466,4144,0,470,514,2,556,5378,0,178,0,-924,2,1388,40,18214
2026/01/08,13:00,18916,0,7110,4150,0,462,542,2,544,5148,0,166,0,-610,0,1352,50,18916
2026/01/08,13:30,19094,0,6802,4138,0,442,552,2,556,4780,0,168,0,-34,0,1632,56,19094
2026/01/08,14:00,19136,0,7138,4116,0,444,558,2,550,4126,0,172,0,4,0,1970,56,19136
2026/01/08,14:30,19030,0,8244,4062,0,450,588,2,556,3144,0,174,0,28,2,1730,50,19030
2026/01/08,15:00,19130,0,8852,4068,0,448,654,2,554,2298,0,172,0,34,0,1968,80,19130
2026/01/08,15:30,19650,0,9962,4058,0,464,734,2,562,1408,0,176,0,488,2,1706,88,19650
2026/01/08,16:00,19978,0,10132,4068,0,474,998,2,556,542,0,190,0,960,6,1966,84,19978
2026/01/08,16:30,20320,0,10202,4056,0,452,1072,2,562,48,0,188,0,1434,10,2210,84,20320
2026/01/08,17:00,20490,0,10206,4066,0,468,1040,2,562,0,0,208,0,1722,18,2060,138,20490
2026/01/08,17:30,20540,0,10192,4054,0,466,1060,2,562,0,0,272,0,1700,12,2090,130,20540
2026/01/08,18:00,20574,0,10196,4104,0,476,1074,2,560,0,0,246,0,1798,6,1976,136,20574
2026/01/08,18:30,20412,0,10216,4136,0,474,1056,2,558,0,0,216,0,1758,6,1856,134,20412
2026/01/08,19:00,20052,0,10164,4126,0,474,1068,2,562,0,0,184,0,1308,4,2024,136,20052
2026/01/08,19:30,19828,0,10200,4126,0,466,1062,2,562,0,0,178,0,1174,6,1926,126,19828
2026/01/08,20:00,19680,0,10176,4132,0,448,986,2,564,0,0,174,0,960,2,2106,130,19680
2026/01/08,20:30,19478,0,10198,4128,0,450,958,2,562,0,0,172,0,1044,0,1836,128,19478
2026/01/08,21:00,19208,0,10136,4130,0,436,750,2,566,0,0,180,0,888,2,1988,130,19208
2026/01/08,21:30,18734,0,9946,4130,0,440,706,2,562,0,0,198,0,876,0,1752,122,18734
2026/01/08,22:00,18268,0,9948,4118,0,438,684,2,564,0,0,202,0,736,0,1462,114,18268
2026/01/08,22:30,17620,0,9708,4114,0,466,672,0,562,0,0,222,0,538,0,1234,104,17620
2026/01/08,23:00,17392,0,9572,4130,0,440,672,2,566,0,0,230,0,118,2,1556,104,17392
2026/01/08,23:30,16932,0,9164,4124,0,430,664,2,566,0,0,216,0,22,0,1678,66,16932
2026/01/09,00:00,16484,0,8462,4132,0,424,548,2,564,0,0,198,0,-248,0,2322,80,16484
2026/01/09,00:30,16096,0,8588,4118,0,418,524,2,566,0,0,206,0,-478,2,2074,76,16096
2026/01/09,01:00,15734,0,8298,4134,0,446,524,2,566,0,0,204,0,-684,0,2150,94,15734
2026/01/09,01:30,15658,0,8510,4132,0,442,514,2,562,0,0,208,0,-716,0,1912,92,15658
2026/01/09,02:00,15672,0,8262,4128,0,436,530,2,566,0,0,212,0,-786,0,2242,80,15672
2026/01/09,02:30,15642,0,8446,4128,0,430,510,0,560,0,0,204,0,-914,0,2202,76,15642
2026/01/09,03:00,15656,0,8304,4132,0,456,520,2,566,0,0,196,0,-974,0,2392,62,15656
2026/01/09,03:30,15504,0,8402,4122,0,426,516,2,566,0,0,186,0,-1128,0,2350,62,15504
2026/01/09,04:00,15578,0,8534,4138,0,426,540,2,564,0,0,190,0,-1122,0,2236,70,15578
2026/01/09,04:30,15598,0,8472,4120,0,422,522,2,562,0,0,188,0,-1126,0,2374,62,15598
2026/01/09,05:00,16042,0,8806,4132,0,418,550,2,566,0,0,172,0,-976,0,2266,106,16042
2026/01/09,05:30,16478,0,8746,4130,0,446,550,2,564,0,0,166,0,-360,0,2126,108,16478
2026/01/09,06:00,17512,0,9144,4126,0,442,608,2,564,0,0,152,0,8,0,2380,86,17512
2026/01/09,06:30,18580,0,10048,4128,0,434,634,2,562,0,0,116,0,402,4,2164,86,18580
2026/01/09,07:00,19306,0,10174,4130,0,450,722,2,564,88,0,110,0,766,18,2202,80,19306
2026/01/09,07:30,20070,0,10134,4128,0,428,742,2,560,738,0,128,0,978,10,2140,82,20070
2026/01/09,08:00,20846,0,9926,4132,0,422,768,2,558,1694,0,118,0,686,16,2442,82,20846
2026/01/09,08:30,21502,0,9612,4122,0,408,780,2,558,2864,0,102,0,260,2,2708,84,21502
2026/01/09,09:00,21586,0,9392,4134,0,404,624,2,560,4096,0,102,0,130,2,2056,84,21586
2026/01/09,09:30,21176,0,7990,4124,0,410,620,2,560,4958,0,100,0,-176,0,2508,80,21176
2026/01/09,10:00,20614,0,7638,4130,0,388,592,0,562,5740,0,94,0,-630,0,2048,52,20614
2026/01/09,10:30,20246,0,7440,4132,0,394,584,2,562,6456,0,82,0,-1126,2,1666,52,20246
2026/01/09,11:00,19766,0,7330,4128,0,390,562,2,564,6942,0,80,0,-1472,0,1192,48,19766
2026/01/09,11:30,19484,0,7594,4114,0,428,564,2,562,7208,0,100,0,-1780,0,650,42,19484
2026/01/09,12:00,18228,0,6848,4160,0,424,554,2,560,6958,0,128,0,-2112,2,660,44,18228
2026/01/09,12:30,17846,0,6900,4140,0,428,552,2,566,6744,0,104,0,-2108,0,478,40,17846
2026/01/09,13:00,18644,0,6968,4162,0,434,566,2,562,6584,0,116,0,-1586,2,790,44,18644
2026/01/09,13:30,18578,0,6984,4132,0,408,562,2,560,5940,0,106,0,-750,0,594,40,18578
2026/01/09,14:00,18550,0,7048,4164,0,406,590,2,554,5150,0,86,0,-748,2,1244,52,18550
2026/01/09,14:30,18442,0,7536,4136,0,414,584,2,558,4180,0,84,0,-718,0,1618,48,18442
2026/01/09,15:00,18402,0,8116,4164,0,436,746,2,556,3008,0,74,0,-720,2,1936,82,18402
2026/01/09,15:30,18718,0,9302,4130,0,434,792,0,558,1740,0,64,0,-604,2,2218,82,18718
2026/01/09,16:00,19064,0,9346,4162,0,412,958,2,558,674,0,58,0,12,8,2790,84,19064
2026/01/09,16:30,19468,0,9934,4136,0,380,1006,2,560,188,0,54,0,220,14,2892,82,19468
2026/01/09,17:00,19476,0,9734,4164,0,370,1044,2,558,0,0,48,0,346,6,3104,100,19476
2026/01/09,17:30,19526,0,9984,4130,0,388,1048,2,554,0,0,46,0,322,4,2914,134,19526
2026/01/09,18:00,19502,0,10004,4164,0,390,1036,2,562,0,0,34,0,490,12,2672,136,19502
2026/01/09,18:30,19324,0,10060,4130,0,366,1032,2,560,0,0,26,0,522,12,2476,138,19324
2026/01/09,19:00,19182,0,9782,4168,0,342,1032,2,562,0,0,18,0,650,12,2476,138,19182
2026/01/09,19:30,18938,0,9664,4128,0,268,1032,0,564,0,0,18,0,580,22,2528,134,18938
2026/01/09,20:00,19078,0,9326,4162,0,252,978,2,566,0,0,18,0,724,14,2908,128,19078
2026/01/09,20:30,18974,0,9102,4132,0,260,926,2,564,0,0,16,0,756,12,3082,122,18974
2026/01/09,21:00,18662,0,8978,4164,0,276,740,2,564,0,0,16,0,882,2,2920,118,18662
2026/01/09,21:30,18370,0,8708,4122,0,252,626,2,560,0,0,16,0,590,0,3392,102,18370
2026/01/09,22:00,18046,0,8832,4162,0,272,588,2,560,0,0,16,0,1020,2,2488,104,18046
2026/01/09,22:30,17422,0,8214,4128,0,248,576,2,568,0,0,14,0,384,0,3188,100,17422
2026/01/09,23:00,17424,0,8384,4150,0,236,594,2,572,0,0,6,0,122,0,3256,102,17424
2026/01/09,23:30,17016,0,8124,4142,0,252,586,2,572,0,0,16,0,40,2,3212,68,17016
2026/01/10,00:00,16508,0,7610,4150,0,248,546,2,568,0,0,6,0,4,2,3304,68,16508
2026/01/10,00:30,16072,0,7532,4136,0,232,530,2,574,0,0,10,0,2,2,2980,72,16072
2026/01/10,01:00,15842,0,7232,4164,0,238,518,2,568,0,0,12,0,4,2,3036,66,15842
2026/01/10,01:30,15854,0,7202,4130,0,232,522,2,566,0,0,14,0,2,2,3114,68,15854
2026/01/10,02:00,15678,0,6960,4152,0,252,512,2,576,0,0,16,0,2,0,3110,96,15678
2026/01/10,02:30,15696,0,7232,4126,0,268,512,0,570,0,0,14,0,4,0,2870,100,15696
2026/01/10,03:00,15570,0,6746,4150,0,246,542,2,574,0,0,20,0,4,0,3180,106,15570
2026/01/10,03:30,15484,0,6936,4124,0,242,552,2,574,0,0,20,0,2,0,2926,106,15484
2026/01/10,04:00,15406,0,6604,4154,0,232,544,2,568,0,0,14,0,4,0,3168,116,15406
2026/01/10,04:30,15140,0,6728,4126,0,252,550,2,574,0,0,16,0,2,0,2778,112,15140
2026/01/10,05:00,15176,0,6830,4160,0,244,554,2,570,0,0,10,0,4,0,2676,126,15176
2026/01/10,05:30,15154,0,6932,4132,0,242,550,2,574,0,0,12,0,2,0,2584,124,15154
2026/01/10,06:00,15538,0,6884,4162,0,236,578,2,574,0,0,14,0,2,0,2996,90,15538
2026/01/10,06:30,15912,0,7680,4132,0,238,572,2,574,0,0,8,0,4,2,2606,94,15912
2026/01/10,07:00,16270,0,7760,4166,0,234,586,2,572,98,0,8,0,4,18,2744,78,16270
2026/01/10,07:30,16614,0,7320,4140,0,242,582,2,570,862,0,10,0,106,10,2694,76,16614
2026/01/10,08:00,17136,0,6890,4154,0,266,576,2,570,1942,0,8,0,204,0,2448,76,17136
2026/01/10,08:30,17008,0,5620,4134,0,234,534,0,574,3260,0,12,0,218,2,2342,78,17008
2026/01/10,09:00,16828,0,4870,4152,0,240,454,2,568,4464,0,8,0,144,0,1880,46,16828
2026/01/10,09:30,16256,0,4024,4124,0,254,454,2,566,5382,0,8,0,-198,2,1588,50,16256
2026/01/10,10:00,15720,0,3714,3944,0,238,434,2,568,6058,0,12,0,-1244,0,1948,46,15720
2026/01/10,10:30,15270,0,3736,3752,0,218,418,2,570,6644,0,12,0,-1812,0,1684,46,15270
2026/01/10,11:00,14894,0,3508,3712,0,216,436,2,568,7072,0,12,0,-2088,0,1412,44,14894
2026/01/10,11:30,14352,0,3458,3286,0,238,418,2,568,7258,0,12,0,-2120,2,1182,48,14352
2026/01/10,12:00,13884,0,3310,3138,0,220,426,2,572,7008,0,14,0,-2126,0,1274,46,13884
2026/01/10,12:30,13426,0,3380,3296,0,236,414,2,566,6426,0,28,0,-2098,2,1132,42,13426
2026/01/10,13:00,13446,0,3298,3152,0,252,452,2,566,6096,0,24,0,-1600,2,1148,54,13446
2026/01/10,13:30,13358,0,3190,3100,0,248,450,2,570,5814,0,14,0,-1524,0,1438,56,13358
2026/01/10,14:00,13200,0,3446,2918,0,242,464,2,568,5064,0,20,0,-982,2,1396,60,13200
2026/01/10,14:30,13046,0,3832,3218,0,250,462,2,578,3890,0,26,0,-760,2,1492,54,13046
2026/01/10,15:00,13124,0,4262,3970,0,232,470,0,572,2574,0,14,0,-492,2,1458,62,13124
2026/01/10,15:30,13426,0,4850,4124,0,288,464,2,578,1450,0,10,0,52,0,1548,60,13426
2026/01/10,16:00,13780,0,5468,4166,0,248,470,2,572,514,0,20,0,148,2,2080,90,13780
2026/01/10,16:30,14222,0,5846,4130,0,268,480,2,572,60,0,42,0,122,2,2602,96,14222
2026/01/10,17:00,14882,0,6696,4162,0,272,622,2,564,0,0,34,0,140,20,2262,108,14882
2026/01/10,17:30,15190,0,6688,4134,0,280,588,2,572,0,0,48,0,86,24,2660,108,15190
2026/01/10,18:00,15302,0,6902,4164,0,314,608,2,562,0,0,50,0,4,20,2528,148,15302
2026/01/10,18:30,15244,0,6848,4126,0,324,646,2,572,0,0,42,0,2,22,2516,144,15244
2026/01/10,19:00,15276,0,6900,4174,0,320,646,2,570,0,0,58,0,4,22,2430,150,15276
2026/01/10,19:30,15014,0,6654,4136,0,316,708,2,570,0,0,58,0,2,16,2404,148,15014
2026/01/10,20:00,15112,0,6896,4158,0,306,664,2,572,0,0,64,0,4,6,2292,148,15112
2026/01/10,20:30,14790,0,6422,4134,0,286,644,2,568,0,0,64,0,2,4,2516,148,14790
2026/01/10,21:00,14658,0,6640,4164,0,290,618,2,568,0,0,62,0,4,6,2172,132,14658
2026/01/10,21:30,14216,0,6238,4136,0,296,576,0,574,0,0,58,0,2,4,2198,134,14216
2026/01/10,22:00,13876,0,6086,4166,0,294,530,2,568,0,0,66,0,2,6,2036,120,13876
2026/01/10,22:30,13330,0,5548,4128,0,300,518,2,568,0,0,64,0,4,4,2114,80,13330
2026/01/10,23:00,13256,0,5534,4160,0,282,532,2,568,0,0,68,0,4,6,2012,88,13256
2026/01/10,23:30,12826,0,5206,4156,0,278,532,2,566,0,0,56,0,2,4,1936,88,12826
2026/01/11,00:00,12462,0,5048,4146,0,266,510,2,564,0,0,34,0,2,4,1790,96,12462
2026/01/11,00:30,12336,0,4868,4136,0,280,498,2,572,0,0,94,0,4,4,1780,98,12336
2026/01/11,01:00,12060,0,4188,4156,0,304,498,2,574,0,0,130,0,2,2,2108,96,12060
2026/01/11,01:30,12162,0,4280,4136,0,268,502,2,570,0,0,144,0,4,0,2160,96,12162
2026/01/11,02:00,12056,0,4152,4156,0,276,496,2,568,0,0,142,0,4,0,2170,90,12056
2026/01/11,02:30,12214,0,4070,4140,0,294,496,2,570,0,0,166,0,2,0,2362,112,12214
2026/01/11,03:00,12278,0,4570,4160,0,268,500,0,572,0,0,208,0,4,0,1898,98,12278
2026/01/11,03:30,12202,0,4198,4134,0,300,492,2,572,0,0,240,0,2,2,2162,98,12202
2026/01/11,04:00,12220,0,4268,4164,0,282,498,2,570,0,0,230,0,4,0,2094,108,12220
2026/01/11,04:30,12076,0,4262,4134,0,266,488,2,572,0,0,238,0,2,0,2008,104,12076
2026/01/11,05:00,12100,0,4290,4158,0,286,504,2,568,0,0,244,0,4,0,1924,120,12100
2026/01/11,05:30,12024,0,4348,4142,0,278,498,2,572,0,0,226,0,2,0,1838,118,12024
2026/01/11,06:00,12088,0,4128,4156,0,280,524,2,568,0,0,238,0,4,0,2096,92,12088
2026/01/11,06:30,12258,0,4592,4140,0,280,514,2,570,0,0,218,0,2,4,1842,94,12258
2026/01/11,07:00,12676,0,4898,4154,0,266,522,2,568,28,0,228,0,2,2,1928,78,12676
2026/01/11,07:30,12876,0,5224,4134,0,244,526,2,568,152,0,224,0,4,2,1718,78,12876
2026/01/11,08:00,13338,0,5524,4164,0,254,520,2,572,722,0,222,0,4,0,1300,54,13338
2026/01/11,08:30,13310,0,4420,4134,0,236,512,2,568,1538,0,234,0,2,2,1614,48,13310
2026/01/11,09:00,13658,0,4086,4160,0,238,464,2,568,2668,0,224,0,2,0,1198,48,13658
2026/01/11,09:30,13568,0,3344,4138,0,242,458,2,568,3550,0,206,0,-102,2,1114,46,13568
2026/01/11,10:00,13552,0,2806,4128,0,240,452,0,570,4362,0,194,0,-246,0,998,48,13552
2026/01/11,10:30,13206,0,2754,3668,0,236,442,2,568,4860,0,188,0,-484,2,928,42,13206
2026/01/11,11:00,13468,0,2990,3462,0,252,416,2,568,5402,0,178,0,-736,2,884,48,13468
2026/01/11,11:30,13416,0,3318,3338,0,234,406,2,568,5842,0,186,0,-734,0,218,38,13416
2026/01/11,12:00,13322,0,3468,3352,0,240,406,2,570,5818,0,196,0,-738,2,-38,44,13322
2026/01/11,12:30,13230,0,3420,3426,0,246,406,2,574,5590,0,192,0,-732,0,68,38,13230
2026/01/11,13:00,13464,0,3564,3318,0,242,478,2,570,5354,0,196,0,-838,2,536,40,13464
2026/01/11,13:30,13158,0,4010,3454,0,262,460,2,570,4110,0,178,0,-644,0,712,44,13158
2026/01/11,14:00,13432,0,4024,3632,0,282,510,2,568,3578,0,168,0,-492,2,1108,50,13432
2026/01/11,14:30,13484,0,4292,3774,0,284,534,2,568,2800,0,170,0,-128,0,1142,46,13484
2026/01/11,15:00,13842,0,4474,3990,0,270,546,2,568,2214,0,198,0,4,2,1526,48,13842
2026/01/11,15:30,13920,0,5380,4036,0,294,546,2,570,1238,0,198,0,2,2,1604,48,13920
2026/01/11,16:00,14718,0,5838,4000,0,296,608,2,564,506,0,216,0,2,0,2616,70,14718
2026/01/11,16:30,15294,0,6734,4102,0,284,626,0,562,70,0,214,0,4,4,2620,74,15294
2026/01/11,17:00,16328,0,7270,4156,0,298,752,2,566,0,0,214,0,44,4,2932,90,16328
2026/01/11,17:30,16664,0,8114,4144,0,296,768,2,564,0,0,218,0,378,2,2086,92,16664
2026/01/11,18:00,17064,0,8536,4156,0,256,778,2,564,0,0,220,0,388,6,2020,138,17064
2026/01/11,18:30,16902,0,8550,4132,0,256,752,2,564,0,0,216,0,346,10,1936,138,16902
2026/01/11,19:00,17176,0,8470,4164,0,274,756,2,568,0,0,212,0,328,6,2248,148,17176
2026/01/11,19:30,17186,0,8564,4136,0,262,864,2,564,0,0,224,0,298,4,2118,150,17186
2026/01/11,20:00,17094,0,8214,4156,0,292,794,2,568,0,0,216,0,184,2,2518,148,17094
2026/01/11,20:30,16890,0,8358,4138,0,292,756,0,562,0,0,226,0,102,10,2304,142,16890
2026/01/11,21:00,16826,0,8448,4152,0,262,730,2,566,0,0,228,0,108,4,2200,126,16826
2026/01/11,21:30,16348,0,8180,4134,0,252,674,2,564,0,0,222,0,10,14,2170,126,16348
2026/01/11,22:00,15848,0,8082,4156,0,262,612,2,564,0,0,216,0,4,10,1814,126,15848
2026/01/11,22:30,15466,0,7484,4138,0,248,574,2,564,0,0,220,0,30,2,2092,112,15466
2026/01/11,23:00,15302,0,7772,4160,0,252,582,2,564,0,0,224,0,116,0,1526,104,15302
2026/01/11,23:30,15016,0,7516,4146,0,278,566,2,564,0,0,226,0,2,2,1608,106,15016
2026/01/12,00:00,14626,0,7492,4146,0,256,490,2,564,0,0,242,0,-210,0,1540,104,14626
2026/01/12,00:30,14290,0,7256,4132,0,246,474,2,566,0,0,242,0,-432,0,1702,102,14290
2026/01/12,01:00,14112,0,7380,4164,0,232,492,2,564,0,0,244,0,-228,0,1158,104,14112
2026/01/12,01:30,14016,0,7290,4136,0,240,480,2,566,0,0,242,0,-230,0,1190,100,14016
2026/01/12,02:00,14090,0,7450,4156,0,232,490,2,560,0,0,230,0,-224,0,1090,104,14090
2026/01/12,02:30,14284,0,7556,4136,0,238,482,2,560,0,0,224,0,-58,0,1072,72,14284
2026/01/12,03:00,14270,0,7392,4160,0,248,480,2,560,0,0,220,0,4,2,1124,78,14270
2026/01/12,03:30,14104,0,7252,4134,0,254,480,2,562,0,0,216,0,-150,0,1278,76,14104
2026/01/12,04:00,14260,0,7830,4164,0,250,486,2,560,0,0,210,0,-470,2,1146,80,14260
2026/01/12,04:30,14132,0,7746,4138,0,226,480,2,560,0,0,214,0,-466,0,1146,86,14132
2026/01/12,05:00,14450,0,7848,4156,0,264,488,0,558,0,0,222,0,-474,0,1290,98,14450
2026/01/12,05:30,14686,0,7644,4130,0,250,494,2,556,0,0,236,0,-410,0,1690,94,14686
2026/01/12,06:00,15446,0,7748,4168,0,250,542,2,558,0,0,242,0,-52,2,1884,102,15446
2026/01/12,06:30,16250,0,8584,4130,0,262,550,2,560,0,0,226,0,2,0,1824,110,16250
2026/01/12,07:00,17048,0,9298,4160,0,236,630,2,558,74,0,220,0,76,2,1704,88,17048
2026/01/12,07:30,18050,0,9472,4138,0,244,634,2,562,536,0,212,0,298,4,1864,84,18050
2026/01/12,08:00,19168,0,9794,4152,0,236,652,2,560,1196,0,220,0,692,0,1574,90,19168
2026/01/12,08:30,19822,0,9528,4134,0,238,648,2,554,2022,0,216,0,322,2,2066,90,19822
2026/01/12,09:00,20054,0,9052,4160,0,234,572,2,554,2930,0,212,0,156,0,2094,88,20054
2026/01/12,09:30,19866,0,8386,4138,0,236,528,0,558,3740,0,196,0,10,0,1986,88,19866
2026/01/12,10:00,19644,0,7628,4158,0,268,502,2,556,4402,0,190,0,2,2,1876,58,19644
2026/01/12,10:30,19326,0,6698,4134,0,266,490,2,556,4938,0,198,0,4,0,1988,52,19326
2026/01/12,11:00,18928,0,6202,4160,0,232,480,2,556,5322,0,188,0,4,0,1724,58,18928
2026/01/12,11:30,18774,0,5750,4136,0,224,480,2,558,5664,0,170,0,2,2,1732,54,18774
2026/01/12,12:00,17780,0,5022,4160,0,228,450,2,554,5816,0,154,0,-208,0,1546,56,17780
2026/01/12,12:30,17282,0,4868,4134,0,244,446,2,554,5750,0,138,0,-586,2,1680,50,17282
2026/01/12,13:00,17654,0,5088,4160,0,242,450,2,560,5576,0,124,0,-660,2,2060,50,17654
2026/01/12,13:30,17432,0,5246,4136,0,244,466,2,558,5130,0,120,0,-290,0,1772,48,17432
2026/01/12,14:00,17350,0,5856,4150,0,250,474,2,560,4638,0,96,0,-226,2,1496,52,17350
2026/01/12,14:30,17298,0,6466,4024,2,252,508,2,562,3768,0,72,0,-184,2,1770,54,17298
2026/01/12,15:00,17244,0,6828,4074,0,258,498,2,558,2686,0,68,0,4,0,2202,66,17244
2026/01/12,15:30,17692,0,8208,4124,0,242,546,0,560,1608,0,54,0,40,2,2252,56,17692
2026/01/12,16:00,18176,0,8698,4156,0,282,786,2,558,656,0,40,0,106,0,2802,90,18176
2026/01/12,16:30,18708,0,9576,4132,0,256,910,2,566,82,0,62,0,2,4,3024,92,18708
2026/01/12,17:00,19320,0,9844,4156,0,254,954,2,562,0,0,76,0,28,2,3332,110,19320
2026/01/12,17:30,19524,0,10308,4138,0,250,920,2,564,0,0,90,0,142,6,3000,104,19524
2026/01/12,18:00,19616,0,10316,4152,0,250,894,2,558,0,0,90,0,452,4,2754,144,19616
2026/01/12,18:30,19484,0,10058,4138,0,258,886,2,560,0,0,106,0,504,4,2824,144,19484
2026/01/12,19:00,19340,0,10022,4160,0,276,880,2,566,0,0,104,0,400,4,2776,150,19340
2026/01/12,19:30,19360,0,10118,4136,0,298,874,2,562,0,0,90,0,398,6,2730,146,19360
2026/01/12,20:00,19114,0,9996,4164,0,272,846,2,564,0,0,74,0,344,4,2720,128,19114
2026/01/12,20:30,19108,0,10230,4132,0,274,784,2,558,0,0,74,0,360,2,2568,124,19108
2026/01/12,21:00,18794,0,9938,4164,0,266,646,2,564,0,0,68,0,518,2,2504,122,18794
2026/01/12,21:30,18366,0,9620,4130,0,248,624,0,564,0,0,68,0,606,2,2378,126,18366
2026/01/12,22:00,17916,0,8740,4144,0,244,566,2,562,0,0,66,0,376,2,3092,122,17916
2026/01/12,22:30,17258,0,8500,4136,0,258,536,2,564,0,0,72,0,260,0,2824,106,17258
2026/01/12,23:00,17058,0,8372,4166,0,288,518,2,560,0,0,74,0,136,0,2864,78,17058
2026/01/12,23:30,16676,0,8032,4142,0,290,512,2,564,0,0,72,0,2,0,2984,76,16676
2026/01/13,00:00,16206,0,8040,4150,0,288,474,2,564,0,0,80,0,0,0,2520,88,16206
2026/01/13,00:30,15836,0,7316,4138,0,286,468,2,562,0,0,76,0,-230,0,3136,82,15836
2026/01/13,01:00,15680,0,7710,4160,0,282,460,2,562,0,0,72,0,-840,0,3168,104,15680
2026/01/13,01:30,15564,0,7784,4138,0,294,462,2,560,0,0,52,0,-918,0,3096,94,15564
2026/01/13,02:00,15592,0,8014,4160,0,296,460,2,562,0,0,52,0,-848,0,2808,86,15592
2026/01/13,02:30,15588,0,8046,4134,0,310,458,0,562,0,0,56,0,-618,0,2554,86,15588
2026/01/13,03:00,15630,0,7524,4160,0,302,456,2,560,0,0,52,0,-300,0,2794,80,15630
2026/01/13,03:30,15404,0,7308,4136,0,290,450,2,562,0,0,32,0,-2,0,2554,72,15404
2026/01/13,04:00,15516,0,7756,4160,0,290,442,2,560,0,0,34,0,2,2,2182,86,15516
2026/01/13,04:30,15508,0,7578,4138,0,296,450,2,560,0,0,36,0,4,0,2356,88,15508
2026/01/13,05:00,15796,0,8088,4160,0,272,470,2,562,0,0,36,0,4,0,2082,120,15796
2026/01/13,05:30,16234,0,8756,4134,0,280,486,2,548,0,0,30,0,14,0,1862,122,16234
2026/01/13,06:00,17364,0,9280,4160,0,262,632,2,530,0,0,34,0,908,0,1464,92,17364
2026/01/13,06:30,18382,0,9630,4138,0,270,644,2,530,0,0,30,0,1388,4,1648,98,18382
2026/01/13,07:00,19066,0,9700,4160,0,256,696,2,522,58,0,32,0,1698,12,1842,88,19066
2026/01/13,07:30,19750,0,9788,4134,0,234,726,2,516,512,0,42,0,1802,10,1898,86,19750
2026/01/13,08:00,20770,0,9768,4168,0,240,752,2,514,1274,0,40,0,1582,10,2334,86,20770
2026/01/13,08:30,21400,0,9708,4132,0,242,758,0,516,2268,0,40,0,1642,10,1996,88,21400
2026/01/13,09:00,21596,0,9326,4160,0,260,722,2,512,3078,0,42,0,1646,0,1762,86,21596
2026/01/13,09:30,21280,0,8688,4138,0,258,716,2,514,3734,0,50,0,890,0,2202,88,21280
2026/01/13,10:00,20740,0,8582,4156,0,260,586,2,512,4092,0,54,0,522,0,1890,84,20740
2026/01/13,10:30,20506,0,8082,4140,0,236,592,2,516,4174,0,58,0,58,0,2562,86,20506
2026/01/13,11:00,20180,0,7482,4160,0,230,544,2,514,4632,0,66,0,-46,0,2540,56,20180
2026/01/13,11:30,19826,0,7938,4136,0,230,520,2,518,4246,0,88,0,-248,2,2340,54,19826
2026/01/13,12:00,18750,0,7938,4152,0,234,606,2,514,3078,0,104,0,-244,0,2316,50,18750
2026/01/13,12:30,18674,0,7098,4138,0,236,592,2,522,3122,0,122,0,-646,0,3446,42,18674
2026/01/13,13:00,19166,0,7372,4160,0,260,576,0,520,3400,0,120,0,-948,2,3656,48,19166
2026/01/13,13:30,19190,0,7608,4142,0,298,570,2,518,3790,0,176,0,-1112,0,3150,48,19190
2026/01/13,14:00,19038,0,7646,4156,0,288,558,2,516,3874,0,192,0,-1118,0,2876,48,19038
2026/01/13,14:30,18720,0,8344,4136,0,274,560,2,518,2970,0,190,0,-602,0,2272,56,18720
2026/01/13,15:00,18536,0,8850,4164,0,272,568,2,522,1798,0,208,0,-62,2,2160,52,18536
2026/01/13,15:30,18918,0,9776,4132,0,270,588,2,520,1038,0,192,0,140,0,2206,54,18918
2026/01/13,16:00,19328,0,10134,4160,0,266,728,2,522,466,0,186,0,538,2,2242,82,19328
2026/01/13,16:30,19496,0,10158,4138,0,262,788,2,524,82,0,186,0,840,14,2420,82,19496
2026/01/13,17:00,19706,0,10362,4160,0,276,854,2,520,0,0,186,0,910,16,2276,144,19706
2026/01/13,17:30,19720,0,10368,4130,0,260,858,2,526,0,0,174,0,684,12,2562,144,19720
2026/01/13,18:00,19638,0,10262,4150,0,274,836,2,520,0,0,184,0,394,16,2852,148,19638
2026/01/13,18:30,19444,0,10328,4150,0,266,864,2,524,0,0,202,0,302,10,2646,150,19444
2026/01/13,19:00,19074,0,10170,4160,0,246,836,2,524,0,0,210,0,182,6,2582,156,19074
2026/01/13,19:30,18814,0,10230,4138,0,240,822,0,528,0,0,220,0,132,2,2352,150,18814
2026/01/13,20:00,18774,0,10160,4148,0,250,722,2,526,0,0,208,0,102,4,2516,136,18774
2026/01/13,20:30,18612,0,9918,4146,0,258,668,2,530,0,0,216,0,12,0,2732,130,18612
2026/01/13,21:00,18202,0,9530,4148,0,240,616,2,524,0,0,200,0,2,0,2804,136,18202
2026/01/13,21:30,17800,0,8828,4142,0,266,592,2,528,0,0,214,0,4,0,3116,108,17800
2026/01/13,22:00,17440,0,8768,4142,0,284,576,2,524,0,0,214,0,2,2,2812,114,17440
2026/01/13,22:30,16786,0,8194,4138,0,262,538,2,528,0,0,222,0,4,2,2788,108,16786
2026/01/13,23:00,16592,0,7750,4150,0,254,530,2,524,0,0,230,0,-2,0,3040,114,16592
2026/01/13,23:30,15986,0,7452,4148,0,258,518,2,528,0,0,226,0,-184,0,2960,78,15986
2026/01/14,00:00,15724,0,7568,4150,0,272,498,2,524,0,0,228,0,-264,0,2662,84,15724
2026/01/14,00:30,15224,0,7126,4146,0,256,486,2,528,0,0,234,0,-602,0,2968,80,15224
2026/01/14,01:00,15142,0,7348,4148,0,274,496,2,528,0,0,234,0,-898,0,2922,88,15142
2026/01/14,01:30,14926,0,7270,4154,0,258,484,2,536,0,0,234,0,-932,0,2838,82,14926
2026/01/14,02:00,15208,0,7514,4148,0,266,488,0,540,0,0,242,0,-924,0,2848,86,15208
2026/01/14,02:30,15128,0,7398,4140,0,264,484,2,554,0,0,244,0,-930,0,2884,88,15128
2026/01/14,03:00,15206,0,7218,4144,0,264,482,2,552,0,0,246,0,-922,2,3130,88,15206
2026/01/14,03:30,15164,0,7292,4138,0,266,470,2,558,0,0,234,0,-916,0,3014,106,15164
2026/01/14,04:00,15212,0,7198,4146,0,256,476,2,554,0,0,218,0,-914,0,3158,118,15212
2026/01/14,04:30,15264,0,7220,4154,0,254,464,2,562,0,0,222,0,-912,0,3178,120,15264
2026/01/14,05:00,15512,0,7372,4148,0,248,468,2,564,0,0,232,0,-896,0,3248,126,15512
2026/01/14,05:30,15876,0,7812,4148,0,252,478,2,568,0,0,224,0,-370,2,2634,126,15876
2026/01/14,06:00,16860,0,8140,4148,0,242,594,2,568,0,0,226,0,-118,0,2950,108,16860
2026/01/14,06:30,17682,0,8764,4146,0,262,604,2,564,0,0,230,0,8,4,2992,106,17682
2026/01/14,07:00,18332,0,9436,4148,0,300,658,2,568,82,0,242,0,222,18,2576,80,18332
2026/01/14,07:30,18994,0,9544,4150,0,310,700,2,566,532,0,222,0,304,10,2576,78,18994
2026/01/14,08:00,20066,0,9672,4148,0,312,668,2,564,1318,0,210,0,806,8,2272,86,20066
2026/01/14,08:30,20724,0,9416,4142,0,302,662,0,568,2406,0,204,0,654,10,2284,76,20724
2026/01/14,09:00,20930,0,9128,4142,0,302,598,2,562,3294,0,216,0,98,2,2504,82,20930
2026/01/14,09:30,20664,0,7936,4150,0,300,602,2,560,3884,0,214,0,-16,0,2956,76,20664
2026/01/14,10:00,20356,0,7890,4148,0,286,542,2,564,4004,0,224,0,-362,0,3004,54,20356
2026/01/14,10:30,20268,0,7202,4146,0,298,534,2,566,4268,0,234,0,-554,0,3522,50,20268
2026/01/14,11:00,20074,0,7172,4150,0,304,544,2,568,4614,0,252,0,-706,2,3126,46,20074
2026/01/14,11:30,19988,0,7248,4154,0,296,526,2,566,5204,0,254,0,-932,0,2626,44,19988
2026/01/14,12:00,18914,0,7310,4152,0,296,528,2,566,5394,0,266,0,-1292,0,1648,44,18914
2026/01/14,12:30,18680,0,7430,4148,0,300,536,2,574,5376,0,270,0,-1390,0,1398,36,18680
2026/01/14,13:00,19274,0,7884,4148,0,300,538,2,570,4976,0,256,0,-848,2,1404,42,19274
2026/01/14,13:30,19420,0,7614,4150,0,292,554,2,568,4524,0,256,0,-488,0,1910,38,19420
2026/01/14,14:00,19306,0,7910,4144,0,262,552,2,566,3906,0,262,0,-490,2,2142,48,19306
2026/01/14,14:30,19368,0,8508,4152,0,282,558,2,564,3114,0,266,0,-268,4,2142,44,19368
2026/01/14,15:00,19124,0,8526,4150,0,288,578,0,564,2192,0,260,0,4,2,2516,44,19124
2026/01/14,15:30,19518,0,9498,4226,0,266,596,2,570,1342,0,270,0,2,4,2696,46,19518
2026/01/14,16:00,19918,0,10380,4254,0,270,806,2,570,534,0,274,0,348,2,2406,72,19918
2026/01/14,16:30,20168,0,10300,4238,0,274,884,2,568,98,0,270,0,520,6,2934,74,20168
2026/01/14,17:00,20298,0,10192,4252,0,276,890,2,574,0,0,272,0,542,8,3146,144,20298
2026/01/14,17:30,20400,0,10254,4248,0,270,940,2,574,0,0,254,0,478,10,3228,142,20400
2026/01/14,18:00,20198,0,10020,4250,0,262,968,2,576,0,0,238,0,374,10,3352,146,20198
2026/01/14,18:30,20108,0,10040,4242,0,288,990,2,572,0,0,242,0,632,6,2956,138,20108
2026/01/14,19:00,19722,0,9892,4242,0,290,976,2,572,0,0,236,0,598,2,2770,142,19722
2026/01/14,19:30,19534,0,9704,4250,0,292,970,2,574,0,0,220,0,444,2,2932,144,19534
2026/01/14,20:00,19574,0,9666,4236,0,294,948,0,574,0,0,206,0,368,4,3156,122,19574
2026/01/14,20:30,19376,0,9384,4046,0,300,922,2,574,0,0,166,0,690,2,3172,118,19376
2026/01/14,21:00,19024,0,9328,3884,0,278,768,2,576,0,0,128,0,898,0,3054,108,19024
2026/01/14,21:30,18610,0,9132,3876,0,284,730,2,578,0,0,128,0,790,0,2992,98,18610
2026/01/14,22:00,18156,0,8794,3888,0,274,688,2,572,0,0,126,0,416,2,3296,98,18156
2026/01/14,22:30,17670,0,8788,3886,0,258,684,2,570,0,0,108,0,168,0,3112,94,17670
2026/01/14,23:00,17390,0,8504,3886,0,266,662,2,574,0,0,88,0,30,2,3308,68,17390
2026/01/14,23:30,16880,0,8336,3830,0,242,618,2,574,0,0,66,0,28,0,3120,64,16880
2026/01/15,00:00,16518,0,8462,3640,0,244,538,2,574,0,0,66,0,24,0,2898,70,16518
2026/01/15,00:30,16014,0,7882,3552,0,240,528,2,574,0,0,76,0,-346,0,3444,62,16014
2026/01/15,01:00,15964,0,8258,3410,0,238,526,2,576,0,0,78,0,-664,0,3470,70,15964
2026/01/15,01:30,15908,0,8382,3236,0,248,524,2,572,0,0,90,0,-668,0,3458,64,15908
2026/01/15,02:00,16048,0,8482,3234,0,240,542,2,574,0,0,108,0,-658,0,3460,64,16048
2026/01/15,02:30,15866,0,8354,3234,0,252,516,0,572,0,0,100,0,-662,0,3432,68,15866
2026/01/15,03:00,16040,0,8036,3234,0,240,524,2,572,0,0,100,0,-658,0,3922,68,16040
2026/01/15,03:30,15900,0,8182,3234,0,238,516,2,568,0,0,94,0,-660,0,3658,68,15900
2026/01/15,04:00,15868,0,7914,3234,0,254,508,2,572,0,0,92,0,-654,0,3880,66,15868
2026/01/15,04:30,15880,0,8134,3234,0,260,508,2,566,0,0,94,0,-632,0,3628,86,15880
2026/01/15,05:00,16308,0,8434,3236,0,240,520,2,564,0,0,70,0,-98,0,3240,100,16308
2026/01/15,05:30,16774,0,8776,3238,0,246,506,2,570,0,0,86,0,96,2,3160,92,16774
2026/01/15,06:00,17808,0,9606,3236,0,234,576,2,570,0,0,86,0,274,0,3138,86,17808
2026/01/15,06:30,18736,0,9740,3234,0,228,616,2,568,0,0,72,0,474,2,3710,90,18736
2026/01/15,07:00,19450,0,9864,3234,0,228,736,2,568,92,0,68,0,980,12,3588,78,19450
2026/01/15,07:30,20190,0,10066,3234,0,260,726,2,568,706,0,56,0,834,12,3648,78,20190
2026/01/15,08:00,20910,0,9968,3230,0,292,784,2,572,1690,0,40,0,358,2,3894,78,20910
2026/01/15,08:30,21608,0,9810,3238,0,292,778,0,562,2814,0,40,0,236,2,3758,78,21608
2026/01/15,09:00,21672,0,9626,3230,0,304,770,2,564,3840,0,34,0,270,2,2952,78,21672
2026/01/15,09:30,21300,0,8360,3234,0,316,766,2,560,4516,0,24,0,38,0,3404,80,21300
2026/01/15,10:00,20750,0,7794,3238,2,316,612,2,564,5000,0,22,0,132,0,2988,80,20750
2026/01/15,10:30,20236,0,6544,3232,6,332,536,2,560,5744,0,26,0,-44,0,3224,74,20236
2026/01/15,11:00,19832,0,7524,3234,0,332,538,2,568,5650,0,32,0,-392,2,2296,46,19832
2026/01/15,11:30,19472,0,7696,3234,0,396,510,2,564,5558,0,34,0,-656,4,2084,46,19472
2026/01/15,12:00,18300,0,7050,3236,0,398,544,2,570,5392,0,38,0,-938,2,1964,42,18300
2026/01/15,12:30,18126,0,7768,3238,0,408,548,2,570,5038,0,42,0,-1124,2,1598,36,18126
2026/01/15,13:00,18792,0,8516,3234,0,396,560,2,570,4614,0,34,0,-648,4,1468,42,18792
2026/01/15,13:30,18788,0,8228,3238,0,394,570,2,570,3718,0,26,0,-196,2,2198,38,18788
2026/01/15,14:00,18850,0,8576,3236,2,396,564,2,568,2722,0,34,0,-198,2,2904,42,18850
2026/01/15,14:30,18780,0,8660,3234,0,400,584,2,568,1868,0,42,0,-194,2,3568,46,18780
2026/01/15,15:00,18566,0,9322,3242,2,394,666,0,568,1374,0,50,0,30,2,2870,46,18566
2026/01/15,15:30,18970,0,10184,3230,0,412,740,2,572,900,0,58,0,164,2,2656,50,18970
2026/01/15,16:00,19184,0,10208,3234,2,400,930,2,572,370,0,32,0,1278,0,2084,72,19184
2026/01/15,16:30,19454,0,10248,3236,0,398,974,2,576,76,0,20,0,1074,4,2774,72,19454
2026/01/15,17:00,19492,0,10244,3234,2,408,1008,2,572,0,0,22,0,1280,12,2580,128,19492
2026/01/15,17:30,19478,0,10218,3236,0,408,1026,2,576,0,0,32,0,952,16,2878,134,19478
2026/01/15,18:00,19344,0,10232,3234,0,404,1040,2,576,0,0,30,0,1024,12,2660,130,19344
2026/01/15,18:30,19156,0,10252,3236,0,424,1026,2,574,0,0,38,0,1376,2,2098,128,19156
2026/01/15,19:00,18840,0,10248,3240,0,426,1052,2,576,0,0,36,0,1178,4,1944,134,18840
2026/01/15,19:30,18518,0,10208,3228,0,440,1058,2,580,0,0,38,0,964,4,1866,130,18518
2026/01/15,20:00,18394,0,9878,3234,0,444,934,2,576,0,0,30,0,932,2,2250,112,18394
2026/01/15,20:30,18216,0,10032,3234,0,454,886,2,580,0,0,32,0,750,0,2138,108,18216
2026/01/15,21:00,17954,0,9636,3210,0,462,762,0,576,0,0,28,0,106,2,3060,112,17954
2026/01/15,21:30,17386,0,9932,3216,0,456,712,2,578,0,0,34,0,164,0,2202,90,17386
2026/01/15,22:00,17096,0,9966,3236,0,446,686,2,576,0,0,30,0,150,12,1904,88,17096
2026/01/15,22:30,16458,0,8994,3232,0,484,620,2,574,0,0,38,0,30,0,2400,84,16458
2026/01/15,23:00,16168,0,8528,3238,0,454,612,2,572,0,0,42,0,32,0,2628,60,16168
2026/01/15,23:30,15692,0,8614,3234,0,446,608,2,570,0,0,44,0,32,0,2084,58,15692
2026/01/16,00:00,15230,0,8068,3236,0,458,524,2,572,0,0,38,0,32,0,2240,60,15230
2026/01/16,00:30,14858,0,7710,3238,0,462,520,2,570,0,0,38,0,32,2,2230,54,14858
2026/01/16,01:00,14704,0,7508,3232,0,414,522,2,572,0,0,48,0,32,0,2314,60,14704
2026/01/16,01:30,14608,0,7834,3236,0,410,522,2,572,0,0,74,0,32,0,1874,52,14608
2026/01/16,02:00,14642,0,7706,3234,0,424,522,2,570,0,0,98,0,32,0,1996,58,14642
2026/01/16,02:30,14642,0,7598,3236,0,422,522,0,570,0,0,138,0,32,0,2068,56,14642
2026/01/16,03:00,14722,0,7610,3234,0,426,524,2,570,0,0,146,0,32,2,2112,64,14722
2026/01/16,03:30,14612,0,7586,3236,0,432,528,2,572,0,0,128,0,32,0,2016,80,14612
2026/01/16,04:00,14524,0,7544,3236,0,432,522,2,568,0,0,110,0,32,2,1986,90,14524
2026/01/16,04:30,14634,0,7546,3236,0,436,526,2,566,0,0,134,0,30,0,2070,88,14634
2026/01/16,05:00,14940,0,7510,3228,0,426,606,2,566,0,0,148,0,32,0,2334,88,14940
2026/01/16,05:30,15376,0,7920,3240,0,428,606,2,568,0,0,148,0,30,2,2346,86,15376
2026/01/16,06:00,16284,0,8542,3236,0,418,662,2,570,0,0,158,0,32,0,2574,90,16284
2026/01/16,06:30,17094,0,9262,3234,0,444,656,2,566,0,0,142,0,32,2,2668,86,17094
2026/01/16,07:00,17562,0,9348,3232,0,434,706,2,564,78,0,122,0,48,2,2948,78,17562
2026/01/16,07:30,18188,0,9600,3234,0,430,728,2,568,460,0,118,0,280,18,2676,74,18188
2026/01/16,08:00,19048,0,9424,3238,0,436,750,0,568,1138,0,142,0,276,10,2986,80,19048
2026/01/16,08:30,19762,0,8626,3238,0,462,764,2,564,2038,0,146,0,32,0,3812,78,19762
2026/01/16,09:00,20058,0,7742,3232,0,448,644,2,568,3354,0,132,0,30,4,3826,76,20058
2026/01/16,09:30,19612,0,6090,3224,0,416,636,2,564,4852,0,124,0,30,2,3596,76,19612
2026/01/16,10:00,18886,0,5038,3224,0,410,528,2,564,5782,0,116,0,-32,0,3206,48,18886
2026/01/16,10:30,18436,0,4696,3224,0,442,502,2,568,6472,0,108,0,-756,0,3132,46,18436
2026/01/16,11:00,17914,0,4920,3226,0,454,518,2,564,6942,0,96,0,-1206,0,2358,40,17914
2026/01/16,11:30,17484,0,4766,3216,0,424,516,2,566,7212,0,106,0,-1202,0,1840,38,17484
2026/01/16,12:00,16466,0,4198,3176,0,408,508,2,564,7274,0,102,0,-1438,2,1630,40,16466
2026/01/16,12:30,16218,0,4260,3138,0,422,492,2,574,7126,0,98,0,-1768,0,1838,36,16218
2026/01/16,13:00,16712,0,4894,3214,0,414,502,2,566,6728,0,72,0,-1312,2,1588,42,16712
2026/01/16,13:30,16824,0,5034,3230,0,410,514,2,570,6094,0,66,0,-1166,0,2028,42,16824
2026/01/16,14:00,16770,0,5290,3234,0,422,520,2,564,5272,0,66,0,-826,2,2174,50,16770
2026/01/16,14:30,16754,0,6256,3234,0,434,534,2,564,4256,0,62,0,-130,0,1502,40,16754
2026/01/16,15:00,16528,0,6538,3234,0,432,606,2,560,3038,0,58,0,26,2,1986,46,16528
2026/01/16,15:30,16890,0,7944,3232,0,424,680,2,568,1790,0,60,0,40,2,2102,46,16890
2026/01/16,16:00,17106,0,8848,3238,0,426,948,2,566,724,0,42,0,240,2,1998,72,17106
2026/01/16,16:30,17322,0,9090,3232,0,424,1022,2,570,134,0,44,0,426,4,2302,72,17322
2026/01/16,17:00,17498,0,8754,3234,0,428,1040,0,568,0,0,68,0,366,12,2898,130,17498
2026/01/16,17:30,17580,0,8938,3236,0,442,1088,2,572,0,0,74,0,560,10,2530,128,17580
2026/01/16,18:00,17554,0,8972,3234,0,422,1014,2,568,0,0,68,0,446,2,2692,134,17554
2026/01/16,18:30,17442,0,9040,3232,0,430,1018,2,574,0,0,62,0,538,6,2410,130,17442
2026/01/16,19:00,17164,0,8786,3236,0,430,1018,2,570,0,0,56,0,382,6,2532,146,17164
2026/01/16,19:30,17080,0,8796,3236,0,428,1016,2,576,0,0,52,0,366,4,2452,152,17080
2026/01/16,20:00,17090,0,8998,3234,0,462,966,2,570,0,0,46,0,336,2,2318,156,17090
2026/01/16,20:30,16932,0,8842,3238,0,474,880,2,568,0,0,46,0,182,4,2546,150,16932
2026/01/16,21:00,16750,0,8714,3228,0,446,756,2,570,0,0,48,0,178,2,2654,152,16750
2026/01/16,21:30,16490,0,8506,3238,0,446,658,0,572,0,0,34,0,102,2,2796,136,16490
2026/01/16,22:00,16294,0,8388,3236,0,446,632,2,566,0,0,26,0,30,2,2842,124,16294
2026/01/16,22:30,15988,0,8032,3232,0,432,614,2,564,0,0,26,0,28,2,2944,112,15988
2026/01/16,23:00,15654,0,7884,3234,0,428,592,2,558,0,0,20,0,28,0,2816,92,15654
2026/01/16,23:30,15452,0,8192,3236,0,454,600,2,566,0,0,20,0,30,0,2266,86,15452
2026/01/17,00:00,14902,0,8022,3230,0,428,554,2,562,0,0,20,0,30,0,1974,80,14902
2026/01/17,00:30,14678,0,7550,3240,0,436,584,2,562,0,0,18,0,30,0,2176,80,14678
2026/01/17,01:00,14384,0,6942,3234,0,432,594,2,562,0,0,22,0,28,0,2488,80,14384
2026/01/17,01:30,14382,0,6806,3230,0,446,574,2,560,0,0,20,0,30,0,2636,78,14382
2026/01/17,02:00,14290,0,6674,3236,0,436,574,2,560,0,0,20,0,28,0,2682,78,14290
2026/01/17,02:30,14542,0,7242,3234,0,434,562,2,556,0,0,26,0,30,0,2376,80,14542
2026/01/17,03:00,14508,0,7058,3236,0,422,560,2,562,0,0,26,0,28,2,2532,80,14508
2026/01/17,03:30,14390,0,6982,3234,0,432,556,0,558,0,0,34,0,28,0,2458,108,14390
2026/01/17,04:00,14392,0,6918,3238,0,420,562,2,558,0,0,32,0,28,2,2518,114,14392
2026/01/17,04:30,14302,0,6978,3234,0,430,550,2,558,0,0,26,0,30,0,2384,110,14302
2026/01/17,05:00,14308,0,6884,3232,0,440,574,2,560,0,0,28,0,4,0,2468,116,14308
2026/01/17,05:30,14226,0,6898,3232,0,452,566,2,556,0,0,36,0,4,0,2366,114,14226
2026/01/17,06:00,14610,0,7296,3234,0,464,566,2,560,0,0,40,0,2,0,2318,128,14610
2026/01/17,06:30,14872,0,7958,3236,0,450,562,2,556,0,0,40,0,16,4,1920,128,14872
2026/01/17,07:00,15290,0,8140,3236,0,440,564,2,556,120,0,48,0,220,22,1828,114,15290
2026/01/17,07:30,15526,0,7716,3232,0,444,564,2,560,838,0,54,0,300,6,1700,110,15526
2026/01/17,08:00,15884,0,7348,3236,0,472,440,2,560,1888,0,48,0,248,2,1530,110,15884
2026/01/17,08:30,15886,0,6214,3234,0,460,430,2,560,3144,0,38,0,84,0,1608,112,15886
2026/01/17,09:00,15568,0,4878,3198,0,444,404,2,558,4372,0,44,0,2,0,1600,66,15568
2026/01/17,09:30,15224,0,3374,2898,0,426,406,2,562,5376,0,60,0,4,2,2048,66,15224
2026/01/17,10:00,14564,0,2780,2480,0,448,414,0,558,6182,0,72,0,-464,0,2028,66,14564
2026/01/17,10:30,14250,0,3114,2350,0,438,408,2,558,6780,0,86,0,-892,0,1358,48,14250
2026/01/17,11:00,13792,0,2868,2368,0,446,404,2,560,7154,0,94,0,-1162,2,1008,48,13792
2026/01/17,11:30,13576,0,2812,2216,0,440,408,2,562,7326,0,84,0,-1316,2,1000,40,13576
2026/01/17,12:00,13010,0,2642,2158,0,446,394,2,560,7276,0,78,0,-1326,0,742,38,13010
2026/01/17,12:30,12840,0,2550,2146,0,448,396,2,562,7106,0,86,0,-1548,0,1054,38,12840
2026/01/17,13:00,12692,0,3130,2164,0,452,392,2,566,6674,0,100,0,-1746,4,912,42,12692
2026/01/17,13:30,12652,0,3108,2164,0,450,384,2,562,6084,0,96,0,-1656,2,1422,34,12652
2026/01/17,14:00,12410,0,3468,2170,0,436,390,2,558,5246,0,94,0,-1458,4,1458,42,12410
2026/01/17,14:30,12348,0,3774,2310,0,456,394,2,564,4210,0,98,0,-984,2,1478,44,12348
2026/01/17,15:00,12322,0,4168,2600,0,436,406,2,560,2988,0,86,0,-422,2,1432,64,12322
2026/01/17,15:30,12606,0,5034,2966,0,432,398,2,564,1762,0,78,0,4,4,1294,68,12606
2026/01/17,16:00,12692,0,5286,3142,0,456,522,2,560,736,0,62,0,2,2,1814,108,12692
2026/01/17,16:30,13276,0,6176,3412,0,456,588,2,564,152,0,60,0,4,14,1738,110,13276
2026/01/17,17:00,13718,0,5948,3522,0,470,738,0,558,16,0,78,0,2,14,2212,160,13718
2026/01/17,17:30,14192,0,6594,3532,0,442,830,2,566,0,0,94,0,198,14,1742,178,14192
2026/01/17,18:00,14250,0,5906,3662,0,440,844,2,556,0,0,94,0,344,16,2208,178,14250
2026/01/17,18:30,14312,0,5818,3888,0,446,846,2,564,0,0,90,0,352,14,2112,180,14312
2026/01/17,19:00,14348,0,5536,4186,0,450,848,2,558,0,0,92,0,340,14,2142,180,14348
2026/01/17,19:30,14194,0,5446,4240,0,458,844,2,566,0,0,92,0,310,16,2046,174,14194
2026/01/17,20:00,14118,0,5366,4246,0,442,814,2,560,0,0,98,0,276,8,2146,160,14118
2026/01/17,20:30,14126,0,5606,4238,0,450,804,2,560,0,0,110,0,272,14,1918,152,14126
2026/01/17,21:00,13856,0,5206,4244,0,480,760,2,558,0,0,116,0,332,12,2010,136,13856
2026/01/17,21:30,13510,0,5016,4230,0,478,700,2,560,0,0,98,0,344,6,1946,130,13510
2026/01/17,22:00,13388,0,5526,4244,0,486,558,2,556,0,0,90,0,324,4,1472,126,13388
2026/01/17,22:30,12876,0,5252,4236,0,478,488,2,560,0,0,114,0,272,4,1348,122,12876
2026/01/17,23:00,12842,0,5352,4230,0,442,466,0,562,0,0,134,0,198,6,1334,118,12842
2026/01/17,23:30,12598,0,5570,4250,0,420,436,2,562,0,0,138,0,60,4,1038,118,12598
2026/01/18,00:00,12308,0,5166,4242,0,444,430,2,562,0,0,144,0,54,4,1166,94,12308
2026/01/18,00:30,12018,0,4544,4242,0,436,448,2,566,0,0,162,0,50,4,1472,92,12018
2026/01/18,01:00,11776,0,3848,4246,0,420,472,2,568,0,0,174,0,40,4,1910,92,11776
2026/01/18,01:30,11872,0,3842,4242,0,424,458,2,566,0,0,184,0,46,4,2014,90,11872
2026/01/18,02:00,12182,0,3866,4242,0,440,458,2,564,0,0,174,0,44,2,2274,116,12182
2026/01/18,02:30,12250,0,3770,4238,0,430,458,2,566,0,0,158,0,48,2,2456,122,12250
2026/01/18,03:00,12530,0,4150,4250,0,448,472,2,562,0,0,168,0,46,2,2300,130,12530
2026/01/18,03:30,12350,0,4084,4240,0,482,474,2,568,0,0,166,0,10,0,2194,130,12350
2026/01/18,04:00,12600,0,3926,4248,0,484,482,2,566,0,0,164,0,2,0,2590,136,12600
2026/01/18,04:30,12248,0,4044,4240,0,486,476,2,564,0,0,156,0,4,0,2142,134,12248
2026/01/18,05:00,12616,0,4090,4248,0,500,480,2,566,0,0,144,0,2,2,2426,156,12616
2026/01/18,05:30,12510,0,3820,4238,0,492,484,2,568,0,0,154,0,4,6,2588,154,12510
2026/01/18,06:00,12576,0,4116,4250,0,486,516,0,564,0,0,152,0,4,10,2338,140,12576
2026/01/18,06:30,12956,0,4834,4228,0,492,446,2,564,0,0,136,0,78,12,2016,148,12956
2026/01/18,07:00,13116,0,4842,4258,0,494,444,2,568,120,0,142,0,80,12,2040,114,13116
2026/01/18,07:30,13470,0,4266,4234,0,482,434,2,564,790,0,162,0,76,12,2338,110,13470
2026/01/18,08:00,13554,0,4076,4134,0,480,416,2,564,1774,0,136,0,4,8,1844,116,13554
2026/01/18,08:30,13602,0,3312,3580,0,464,410,2,562,2990,0,128,0,-342,0,2384,112,13602
2026/01/18,09:00,13572,0,2728,3218,0,448,404,2,564,4212,0,106,0,-678,0,2514,54,13572
2026/01/18,09:30,13138,0,2486,2406,0,400,398,2,564,5168,0,74,0,-840,2,2428,50,13138
2026/01/18,10:00,12844,0,2800,2130,0,386,396,2,566,6028,0,50,0,-966,0,1406,46,12844
2026/01/18,10:30,12488,0,2626,1902,0,386,396,2,564,6696,0,60,0,-1234,2,1042,46,12488
2026/01/18,11:00,12406,0,2906,1766,0,368,396,2,568,7108,0,66,0,-1726,0,906,46,12406
2026/01/18,11:30,12144,0,2756,1720,0,386,384,2,568,7316,0,70,0,-1808,2,706,42,12144
2026/01/18,12:00,12036,0,3110,1790,0,400,394,2,566,7296,0,70,0,-2170,2,534,42,12036
2026/01/18,12:30,11704,0,2662,1988,0,374,388,2,562,7176,0,62,0,-2444,0,892,42,11704
2026/01/18,13:00,11768,0,3152,2058,0,376,392,0,566,6810,0,46,0,-2414,0,736,46,11768
2026/01/18,13:30,11384,0,3098,2188,0,398,388,2,562,6212,0,52,0,-2350,0,798,36,11384
2026/01/18,14:00,11512,0,3634,2220,0,434,390,2,562,5436,0,46,0,-1702,2,438,50,11512
2026/01/18,14:30,11400,0,3434,2210,0,454,396,2,562,4430,0,42,0,-1168,2,988,48,11400
2026/01/18,15:00,11662,0,3876,2550,0,458,408,2,560,3232,0,44,0,-724,2,1188,66,11662
2026/01/18,15:30,11596,0,3744,3044,0,448,422,2,566,1992,0,42,0,-246,4,1512,66,11596
2026/01/18,16:00,12204,0,4500,3340,0,470,538,2,560,874,0,36,0,-78,0,1890,72,12204
2026/01/18,16:30,12612,0,5436,3520,0,462,612,2,564,186,0,32,0,136,4,1592,66,12612
2026/01/18,17:00,13628,0,6230,3752,0,480,816,2,558,18,0,48,0,342,14,1268,100,13628
2026/01/18,17:30,14122,0,6606,3898,0,426,854,2,566,0,0,44,0,684,14,908,120,14122
2026/01/18,18:00,14478,0,6560,4128,0,432,880,2,560,0,0,42,0,648,14,1030,182,14478
2026/01/18,18:30,14506,0,6674,4208,0,444,876,2,562,0,0,40,0,500,14,1008,178,14506
2026/01/18,19:00,14628,0,6596,4238,0,454,888,0,564,0,0,26,0,502,12,1162,186,14628
2026/01/18,19:30,14590,0,6740,4216,0,454,884,2,560,0,0,30,0,610,6,904,184,14590
2026/01/18,20:00,14642,0,6234,4234,0,450,850,2,562,0,0,38,0,398,4,1682,188,14642
2026/01/18,20:30,14472,0,6306,4210,0,452,784,2,562,0,0,42,0,244,8,1678,184,14472
2026/01/18,21:00,14262,0,6080,4242,0,494,660,2,564,0,0,32,0,102,6,1918,162,14262
2026/01/18,21:30,14014,0,6072,4212,0,460,614,2,560,0,0,20,0,102,2,1810,160,14014
2026/01/18,22:00,13582,0,5854,4240,0,448,528,2,564,0,0,12,0,98,0,1698,138,13582
2026/01/18,22:30,13176,0,5900,4176,0,452,510,2,562,0,0,14,0,102,0,1332,126,13176
2026/01/18,23:00,13070,0,5724,4192,0,466,490,2,564,0,0,14,0,50,0,1440,128,13070
2026/01/18,23:30,12782,0,5518,4172,0,472,478,2,564,0,0,12,0,18,2,1442,102,12782
2026/01/19,00:00,12498,0,5298,4186,0,468,434,2,566,0,0,8,0,-166,0,1602,100,12498
2026/01/19,00:30,12166,0,5036,4156,0,462,424,2,566,0,0,10,0,-224,0,1638,96,12166
2026/01/19,01:00,12284,0,5128,4184,0,452,424,2,568,0,0,6,0,-230,0,1650,100,12284
2026/01/19,01:30,12172,0,5018,4168,0,454,406,2,568,0,0,6,0,-224,0,1684,90,12172
2026/01/19,02:00,12478,0,5134,4190,0,466,394,2,568,0,0,8,0,-226,0,1844,98,12478
2026/01/19,02:30,12536,0,5156,4166,0,476,394,2,562,0,0,10,0,-224,0,1896,98,12536
2026/01/19,03:00,12844,0,5362,4182,0,474,388,2,564,0,0,8,0,-224,2,1982,104,12844
2026/01/19,03:30,12786,0,5202,4168,0,472,394,2,566,0,0,8,0,-54,0,1928,100,12786
2026/01/19,04:00,12914,0,5326,4182,0,468,388,2,560,0,0,8,0,2,0,1842,136,12914
2026/01/19,04:30,13068,0,5576,4164,0,470,394,0,546,0,0,10,0,4,0,1766,138,13068
2026/01/19,05:00,13628,0,5806,4194,0,500,394,2,540,0,0,6,0,4,0,2026,156,13628
2026/01/19,05:30,14066,0,6230,4188,0,484,394,2,538,0,0,6,0,32,0,2038,154,14066
2026/01/19,06:00,14988,0,6924,4234,0,468,430,2,530,0,0,4,0,30,4,2230,132,14988
2026/01/19,06:30,16160,0,8434,4250,0,482,434,2,524,0,0,4,0,86,10,1818,116,16160
2026/01/19,07:00,17042,0,8550,4280,0,452,484,2,524,122,0,0,0,114,12,2420,82,17042
2026/01/19,07:30,17870,0,9180,4286,0,468,506,2,518,748,0,2,0,126,10,1944,80,17870
2026/01/19,08:00,19022,0,9070,4350,0,482,588,2,510,1644,0,2,0,32,10,2248,84,19022
2026/01/19,08:30,19698,0,8886,4390,0,470,618,2,508,2854,0,4,0,28,2,1856,80,19698
2026/01/19,09:00,19984,0,8104,4452,0,436,454,2,508,4064,0,2,0,32,0,1854,76,19984
2026/01/19,09:30,19524,0,6726,4442,0,446,450,2,508,4996,0,6,0,28,0,1842,78,19524
2026/01/19,10:00,19112,0,5940,4588,0,452,444,2,512,5774,0,8,0,20,0,1322,50,19112
2026/01/19,10:30,18518,0,4866,4550,0,438,440,2,516,6414,0,6,0,2,2,1234,48,18518
2026/01/19,11:00,18226,0,4188,4648,0,426,442,2,516,6814,0,4,0,0,0,1136,50,18226
2026/01/19,11:30,17756,0,3920,4190,0,424,420,0,518,7004,0,2,0,-320,0,1550,48,17756
2026/01/19,12:00,16644,0,3986,3592,0,432,410,2,522,6940,0,2,0,-530,2,1242,44,16644
2026/01/19,12:30,16272,0,4034,3524,0,432,412,2,522,6658,0,6,0,-574,0,1212,44,16272
2026/01/19,13:00,17112,0,4248,4034,0,450,430,2,520,6286,0,2,0,-422,2,1516,44,17112
2026/01/19,13:30,17078,0,3960,4622,0,442,416,2,526,5544,0,12,0,-78,0,1588,44,17078
2026/01/19,14:00,17110,0,4284,4894,0,430,428,2,520,4878,0,8,0,4,0,1610,52,17110
2026/01/19,14:30,16844,0,4898,4888,0,462,440,2,520,3966,0,18,0,28,2,1572,48,16844
2026/01/19,15:00,16700,0,6058,4912,0,452,442,2,520,2590,0,24,0,30,2,1614,54,16700
2026/01/19,15:30,16854,0,6644,4896,0,460,464,2,524,1526,0,32,0,24,2,2212,68,16854
2026/01/19,16:00,17156,0,7220,4918,0,452,652,2,522,678,0,24,0,28,0,2580,80,17156
2026/01/19,16:30,17324,0,8250,4900,0,456,738,0,526,150,0,24,0,48,10,2144,78,17324
2026/01/19,17:00,17614,0,8350,4926,0,462,914,2,524,18,0,30,0,302,10,1954,122,17614
2026/01/19,17:30,17590,0,8134,4896,0,464,954,2,522,0,0,38,0,540,12,1900,128,17590
2026/01/19,18:00,17690,0,8322,4930,0,472,984,2,524,0,0,36,0,418,12,1854,136,17690
2026/01/19,18:30,17434,0,8126,4894,0,474,992,2,520,0,0,44,0,356,16,1872,138,17434
2026/01/19,19:00,17206,0,7966,4924,0,472,1006,2,522,0,0,56,0,280,4,1834,140,17206
2026/01/19,19:30,16832,0,7302,4898,0,490,986,2,524,0,0,84,0,166,2,2244,134,16832
2026/01/19,20:00,16832,0,7382,4930,0,476,812,2,524,0,0,98,0,32,4,2454,118,16832
2026/01/19,20:30,16486,0,7144,4890,0,466,764,2,528,0,0,108,0,28,2,2436,118,16486
2026/01/19,21:00,16324,0,7328,4938,0,456,512,2,524,0,0,110,0,30,2,2306,116,16324
2026/01/19,21:30,15818,0,7018,4872,0,448,444,2,524,0,0,108,0,28,2,2274,98,15818
2026/01/19,22:00,15630,0,6708,4922,0,508,424,2,524,0,0,106,0,30,8,2302,96,15630
2026/01/19,22:30,15020,0,6376,4890,0,500,398,2,520,0,0,110,0,26,0,2104,94,15020
2026/01/19,23:00,14948,0,6536,4932,0,470,392,2,522,0,0,124,0,28,2,1870,70,14948
2026/01/19,23:30,14482,0,6278,4904,0,474,396,0,520,0,0,132,0,26,0,1684,68,14482
2026/01/20,00:00,14072,0,6284,4912,0,466,404,2,522,0,0,172,0,4,0,1232,74,14072
2026/01/20,00:30,13498,0,5666,4896,0,464,422,2,516,0,0,178,0,2,0,1280,72,13498
2026/01/20,01:00,13562,0,5682,4926,0,442,432,2,522,0,0,146,0,4,0,1330,76,13562
2026/01/20,01:30,13308,0,5594,4896,0,464,420,2,520,0,0,132,0,2,0,1206,72,13308
2026/01/20,02:00,13590,0,5710,4930,0,450,434,2,520,0,0,144,0,4,0,1320,76,13590
2026/01/20,02:30,13534,0,5598,4898,0,470,414,2,516,0,0,130,0,2,0,1428,76,13534
2026/01/20,03:00,13694,0,5532,4926,0,436,426,0,520,0,0,156,0,4,2,1612,80,13694
2026/01/20,03:30,13680,0,5550,4898,0,436,424,2,516,0,0,166,0,2,0,1612,74,13680
2026/01/20,04:00,13794,0,5642,4926,0,432,424,2,512,0,0,178,0,4,0,1586,88,13794
2026/01/20,04:30,13806,0,5580,4896,0,458,422,2,518,0,0,200,0,2,0,1646,82,13806
2026/01/20,05:00,14234,0,5946,4922,0,454,434,2,518,0,0,246,0,4,2,1604,102,14234
2026/01/20,05:30,14460,0,6200,4900,0,478,428,2,518,0,0,246,0,6,0,1588,94,14460
2026/01/20,06:00,15228,0,6762,4930,0,496,434,2,520,0,0,252,0,30,0,1734,68,15228
2026/01/20,06:30,15828,0,7232,4900,0,464,456,2,514,0,0,258,0,28,10,1880,84,15828
2026/01/20,07:00,16512,0,7640,4930,0,452,620,0,516,122,0,256,0,30,12,1868,66,16512
2026/01/20,07:30,17036,0,7660,4892,0,452,636,2,514,592,0,274,0,28,10,1912,64,17036
2026/01/20,08:00,18154,0,7506,4932,0,466,676,2,516,1454,0,270,0,194,2,2070,66,18154
2026/01/20,08:30,19064,0,6938,4886,0,456,670,2,518,2566,0,274,0,598,2,2090,64,19064
2026/01/20,09:00,19336,0,6826,4932,0,444,604,2,512,3678,0,274,0,190,0,1806,68,19336
2026/01/20,09:30,19168,0,6788,4894,0,426,552,2,516,4530,0,270,0,28,2,1094,66,19168
2026/01/20,10:00,18676,0,5934,4930,0,436,464,2,512,4620,0,270,0,4,0,1436,68,18676
2026/01/20,10:30,18620,0,5502,4880,0,422,442,2,518,5018,0,268,0,4,2,1496,66,18620
2026/01/20,11:00,18406,0,5524,4776,0,428,426,2,522,5382,0,260,0,0,0,1048,38,18406
2026/01/20,11:30,18292,0,5672,4440,0,420,414,2,522,5854,0,264,0,-402,2,1068,36,18292
2026/01/20,12:00,17434,0,5792,4442,0,414,416,2,520,6050,0,264,0,-1378,0,880,32,17434
2026/01/20,12:30,17142,0,6382,4620,0,438,418,2,524,5534,0,258,0,-1308,2,244,28,17142
2026/01/20,13:00,17856,0,6322,4798,0,420,418,2,522,5118,0,260,0,-314,0,276,34,17856
2026/01/20,13:30,17948,0,6652,4802,0,416,408,2,524,4490,0,250,0,2,2,374,26,17948
2026/01/20,14:00,18190,0,7238,4830,0,428,430,2,524,3602,0,254,0,4,0,810,68,18190
2026/01/20,14:30,18320,0,8180,4804,0,430,436,2,526,2740,0,252,0,20,2,858,70,18320
2026/01/20,15:00,18438,0,8580,4840,0,434,548,2,526,1952,0,240,0,28,2,1216,70,18438
2026/01/20,15:30,18894,0,9344,4798,0,434,676,2,534,1184,0,228,0,28,2,1590,74,18894
2026/01/20,16:00,19354,0,10174,4834,0,446,816,2,532,500,0,218,0,196,2,1566,68,19354
2026/01/20,16:30,19732,0,10566,4794,0,434,902,0,540,126,0,228,0,660,16,1396,70,19732
2026/01/20,17:00,20076,0,10572,4840,0,432,928,2,538,20,0,256,0,908,14,1454,112,20076
2026/01/20,17:30,20116,0,10280,4804,0,462,944,2,536,0,0,266,0,1262,14,1418,128,20116
2026/01/20,18:00,20180,0,9940,4826,0,462,952,2,542,0,0,254,0,1116,14,1940,132,20180
2026/01/20,18:30,19970,0,10180,4802,0,460,946,2,536,0,0,230,0,732,14,1940,128,19970
2026/01/20,19:00,19688,0,10334,4840,0,440,920,2,542,0,0,224,0,628,6,1618,134,19688
2026/01/20,19:30,19436,0,10086,4798,0,438,912,2,536,0,0,242,0,606,4,1684,128,19436
2026/01/20,20:00,19534,0,10014,4838,0,438,836,2,540,0,0,242,0,896,2,1616,110,19534
2026/01/20,20:30,19402,0,9928,4800,0,454,784,2,538,0,0,242,0,904,0,1642,108,19402
2026/01/20,21:00,19098,0,9550,4910,0,440,626,2,536,0,0,246,0,1114,2,1574,98,19098
2026/01/20,21:30,18640,0,9370,4884,0,428,574,2,538,0,0,252,0,1034,0,1468,90,18640
2026/01/20,22:00,18284,0,8940,4918,0,428,540,2,538,0,0,264,0,602,2,1962,88,18284
2026/01/20,22:30,17450,0,8280,4896,0,428,524,2,534,0,0,258,0,-16,0,2456,88,17450
2026/01/20,23:00,17524,0,8634,4920,0,426,512,0,532,0,0,266,0,-110,0,2276,68,17524
2026/01/20,23:30,16946,0,8122,4884,0,452,436,2,536,0,0,262,0,-28,0,2220,60,16946
2026/01/21,00:00,16590,0,7622,4912,0,442,434,2,542,0,0,254,0,-142,0,2458,66,16590
2026/01/21,00:30,16118,0,8454,4902,0,432,440,2,536,0,0,254,0,-232,0,1270,60,16118
2026/01/21,01:00,16212,0,8544,4926,0,438,434,2,540,0,0,238,0,-232,0,1260,62,16212
2026/01/21,01:30,15924,0,8124,4896,0,474,438,2,540,0,0,234,0,-234,0,1390,60,15924
2026/01/21,02:00,15978,0,8502,4928,0,498,428,2,542,0,0,224,0,-386,0,1178,62,15978
2026/01/21,02:30,15932,0,8606,4894,0,524,430,2,538,0,0,222,0,-468,0,1120,64,15932
2026/01/21,03:00,15954,0,8214,4936,0,500,426,2,542,0,0,234,0,-636,2,1672,62,15954
2026/01/21,03:30,15810,0,8382,4890,0,454,430,2,544,0,0,236,0,-700,0,1512,60,15810
2026/01/21,04:00,15822,0,8604,4928,0,442,426,2,544,0,0,228,0,-694,0,1282,60,15822
2026/01/21,04:30,16030,0,8836,4896,0,446,422,2,540,0,0,224,0,-618,0,1222,60,16030
2026/01/21,05:00,16312,0,8232,4934,0,456,426,2,538,0,0,218,0,-408,0,1848,66,16312
2026/01/21,05:30,16768,0,8326,4892,0,424,432,0,540,0,0,230,0,-6,0,1872,58,16768
2026/01/21,06:00,17744,0,8640,4922,0,438,516,2,538,0,0,220,0,8,0,2386,74,17744
2026/01/21,06:30,18924,0,9486,4904,0,432,586,2,538,0,0,210,0,422,2,2266,76,18924
2026/01/21,07:00,19552,0,9078,4926,0,436,706,2,542,138,0,192,0,474,6,2976,76,19552
2026/01/21,07:30,20106,0,9282,4896,0,436,714,2,538,758,0,168,0,436,16,2784,76,20106
2026/01/21,08:00,20964,0,9338,4924,0,476,718,2,542,1744,0,132,0,414,6,2594,74,20964
2026/01/21,08:30,21790,0,9484,4898,0,480,706,2,536,2668,0,122,0,458,2,2362,72,21790
2026/01/21,09:00,22018,0,8992,4912,0,494,564,2,538,3842,0,106,0,320,2,2172,74,22018
2026/01/21,09:30,21508,0,8418,4886,2,506,508,0,538,5302,0,98,0,28,0,1154,68,21508
2026/01/21,10:00,20860,0,7262,4920,0,486,420,2,538,6318,0,90,0,4,2,744,74,20860
2026/01/21,10:30,20384,0,6788,4890,2,490,392,2,538,7148,0,74,0,-308,0,298,70,20384
2026/01/21,11:00,19896,0,6568,4918,0,474,392,2,534,7398,0,68,0,-464,0,-40,46,19896
2026/01/21,11:30,19626,0,6830,4882,0,478,388,2,530,7554,0,100,0,-666,0,-508,36,19626
2026/01/21,12:00,18694,0,6752,4928,0,484,390,2,524,7528,0,122,0,-1172,0,-902,38,18694
2026/01/21,12:30,18154,0,7112,4898,0,478,380,2,522,6914,0,114,0,-1258,0,-1042,34,18154
2026/01/21,13:00,18852,0,7574,4908,0,492,400,2,528,6316,0,104,0,-742,2,-768,36,18852
2026/01/21,13:30,19110,0,7624,4892,0,494,396,2,536,5758,0,102,0,-424,0,-310,40,19110
2026/01/21,14:00,19034,0,7980,4914,0,498,410,2,538,4914,0,114,0,-184,2,-198,44,19034
2026/01/21,14:30,19094,0,8072,4896,0,508,456,2,540,4112,0,126,0,28,0,314,40,19094
2026/01/21,15:00,19016,0,8602,4914,2,504,572,2,542,2946,0,124,0,30,2,710,66,19016
2026/01/21,15:30,19366,0,9534,4892,0,498,628,2,548,1756,0,126,0,26,2,1280,74,19366
2026/01/21,16:00,19818,0,9908,4908,0,508,790,0,544,778,0,120,0,30,4,2158,70,19818
2026/01/21,16:30,20172,0,10906,4886,0,522,896,2,546,166,0,126,0,196,12,1842,72,20172
2026/01/21,17:00,20428,0,10380,4916,0,532,990,2,548,8,0,124,0,352,12,2454,110,20428
2026/01/21,17:30,20608,0,10928,4890,0,534,1042,2,548,0,0,116,0,428,14,1994,112,20608
2026/01/21,18:00,20560,0,10392,4928,0,530,1046,2,542,0,0,124,0,472,12,2398,114,20560
2026/01/21,18:30,20428,0,10426,4900,0,526,1030,2,546,0,0,136,0,498,14,2240,110,20428
2026/01/21,19:00,20090,0,10212,4926,0,530,968,2,544,0,0,150,0,490,14,2158,96,20090
2026/01/21,19:30,19912,0,10500,4896,0,538,970,2,548,0,0,180,0,368,2,1804,104,19912
2026/01/21,20:00,19838,0,10490,4926,0,536,920,2,544,0,0,178,0,362,4,1776,100,19838
2026/01/21,20:30,19652,0,10714,4896,0,534,872,2,546,0,0,198,0,432,4,1360,94,19652
2026/01/21,21:00,19330,0,10298,4930,0,516,726,2,550,0,0,208,0,428,2,1586,84,19330
2026/01/21,21:30,18854,0,9700,4888,0,490,662,2,546,0,0,228,0,564,4,1690,80,18854
2026/01/21,22:00,18384,0,9160,4926,0,482,634,0,548,0,0,244,0,384,4,1920,82,18384
2026/01/21,22:30,17708,0,8718,4860,0,506,632,2,546,0,0,240,0,136,2,1986,80,17708
2026/01/21,23:00,17550,0,8390,4774,0,516,542,2,540,0,0,240,0,28,4,2430,84,17550
2026/01/21,23:30,17052,0,8500,4742,0,510,530,2,536,0,0,228,0,24,2,1930,48,17052
2026/01/22,00:00,16632,0,8166,4770,0,508,510,2,536,0,0,222,0,-366,2,2232,50,16632
2026/01/22,00:30,16288,0,8106,4838,0,522,512,2,534,0,0,222,0,-550,2,2050,50,16288
2026/01/22,01:00,16298,0,8432,4924,0,502,498,2,528,0,0,212,0,-846,4,1986,56,16298
2026/01/22,01:30,16130,0,8322,4900,0,496,496,2,522,0,0,204,0,-870,2,2008,48,16130
2026/01/22,02:00,16244,0,7868,4922,0,508,500,2,522,0,0,202,0,-932,2,2596,54,16244
2026/01/22,02:30,16214,0,8024,4900,0,474,500,0,520,0,0,206,0,-926,2,2462,52,16214
2026/01/22,03:00,16186,0,7964,4922,0,476,488,2,520,0,0,190,0,-922,2,2486,58,16186
2026/01/22,03:30,16200,0,8128,4898,0,476,512,2,520,0,0,196,0,-920,2,2326,60,16200
2026/01/22,04:00,16094,0,7664,4930,0,474,496,2,524,0,0,212,0,-608,2,2340,58,16094
2026/01/22,04:30,16162,0,7666,4894,0,490,474,2,518,0,0,200,0,-250,4,2106,58,16162
2026/01/22,05:00,16634,0,8464,4930,0,484,456,2,522,0,0,184,0,-222,0,1736,78,16634
2026/01/22,05:30,16984,0,8394,4896,0,456,466,2,518,0,0,170,0,-30,0,2038,74,16984
2026/01/22,06:00,18072,0,8564,4924,0,456,498,2,522,0,0,162,0,4,2,2858,80,18072
2026/01/22,06:30,18944,0,9404,4898,0,456,516,2,524,0,0,168,0,2,4,2886,84,18944
2026/01/22,07:00,19830,0,10396,4940,0,436,684,2,518,88,0,160,0,240,16,2280,70,19830
2026/01/22,07:30,20402,0,10184,4892,0,452,660,2,516,594,0,136,0,222,14,2666,64,20402
2026/01/22,08:00,21604,0,10856,4924,0,470,658,2,518,1324,0,108,0,824,12,1842,66,21604
2026/01/22,08:30,22422,0,10636,4902,0,474,674,0,516,2250,0,92,0,850,4,1960,64,22422
2026/01/22,09:00,22676,0,10700,4934,0,468,556,2,516,3118,0,92,0,766,2,1456,66,22676
2026/01/22,09:30,22426,0,10436,4886,0,450,462,2,508,3760,0,118,0,334,2,1404,64,22426
2026/01/22,10:00,21850,0,9192,4922,0,450,408,2,510,4372,0,122,0,2,0,1802,68,21850
2026/01/22,10:30,21414,0,8354,4898,0,456,402,2,512,4962,0,128,0,0,2,1636,62,21414
2026/01/22,11:00,21018,0,8432,4934,0,462,408,2,518,5298,0,122,0,-308,2,1082,66,21018
2026/01/22,11:30,20570,0,9088,4890,0,478,396,2,514,5182,0,120,0,-666,0,532,34,20570
2026/01/22,12:00,19430,0,8126,4922,0,486,406,2,522,4830,0,130,0,-796,0,768,34,19430
2026/01/22,12:30,19284,0,8328,4896,0,470,412,0,520,4570,0,136,0,-602,2,516,36,19284
2026/01/22,13:00,20012,0,8382,4926,0,458,412,2,518,4284,0,144,0,-406,0,1260,32,20012
2026/01/22,13:30,20070,0,8772,4894,0,454,408,2,518,3850,0,152,0,-330,2,1314,34,20070
2026/01/22,14:00,19880,0,8580,4910,0,442,420,2,518,3454,0,154,0,-86,0,1448,38,19880
2026/01/22,14:30,20080,0,8514,4914,0,452,430,2,522,3192,0,156,0,2,2,1858,36,20080
2026/01/22,15:00,19924,0,9100,4928,0,446,568,2,520,2158,0,126,0,4,0,2010,62,19924
2026/01/22,15:30,20474,0,9880,4900,0,450,738,2,520,1470,0,130,0,10,0,2308,66,20474
2026/01/22,16:00,20800,0,10626,4914,0,432,880,2,522,634,0,128,0,128,2,2468,64,20800
2026/01/22,16:30,21214,0,11306,4904,0,450,954,2,526,120,0,116,0,722,14,2032,68,21214
2026/01/22,17:00,21396,0,10904,4912,0,470,978,2,526,6,0,130,0,658,16,2692,102,21396
2026/01/22,17:30,21526,0,10958,4914,0,490,1032,2,528,0,0,126,0,518,16,2832,110,21526
2026/01/22,18:00,21484,0,11240,4908,0,472,1026,2,524,0,0,120,0,472,24,2586,110,21484
2026/01/22,18:30,21312,0,11112,4908,0,452,1028,0,526,0,0,122,0,570,18,2470,106,21312
2026/01/22,19:00,20998,0,11388,4908,0,448,882,2,526,0,0,122,0,800,10,1806,106,20998
2026/01/22,19:30,20756,0,11426,4912,0,454,860,2,528,0,0,136,0,856,4,1492,86,20756
2026/01/22,20:00,20576,0,11502,4910,0,444,808,2,532,0,0,134,0,852,2,1316,74,20576
2026/01/22,20:30,20288,0,11498,4916,0,454,748,2,526,0,0,142,0,1100,0,832,70,20288
2026/01/22,21:00,19928,0,11470,4906,0,454,638,2,530,0,0,150,0,804,0,902,72,19928
2026/01/22,21:30,19436,0,11136,4908,0,434,590,2,530,0,0,156,0,584,0,1022,74,19436
2026/01/22,22:00,19002,0,10906,4914,0,434,558,0,526,0,0,180,0,388,0,1020,76,19002
2026/01/22,22:30,18308,0,10130,4908,0,420,498,2,524,0,0,170,0,146,0,1436,74,18308
2026/01/22,23:00,18088,0,9866,4914,0,410,434,2,526,0,0,146,0,4,2,1730,54,18088
2026/01/22,23:30,17714,0,9550,4918,0,412,436,2,522,0,0,170,0,2,0,1656,46,17714
2026/01/23,00:00,17110,0,8188,4902,0,406,426,2,522,0,0,168,0,-236,0,2686,46,17110
2026/01/23,00:30,16778,0,8496,4912,0,414,416,2,526,0,0,174,0,-474,0,2268,44,16778
2026/01/23,01:00,16494,0,8544,4918,0,408,416,0,526,0,0,146,0,-696,0,2188,44,16494
2026/01/23,01:30,16494,0,8598,4912,0,406,418,2,532,0,0,158,0,-920,0,2352,36,16494
2026/01/23,02:00,16410,0,8732,4910,0,404,398,2,528,0,0,160,0,-926,0,2154,48,16410
2026/01/23,02:30,16536,0,8916,4912,0,408,410,2,532,0,0,152,0,-702,0,1862,44,16536
2026/01/23,03:00,16538,0,8676,4914,0,406,410,2,536,0,0,146,0,-696,0,2096,48,16538
2026/01/23,03:30,16378,0,8482,4912,0,408,404,2,538,0,0,158,0,-904,0,2334,44,16378
2026/01/23,04:00,16460,0,8506,4912,0,408,410,2,546,0,0,140,0,-910,0,2398,48,16460
2026/01/23,04:30,16464,0,8120,4910,0,406,408,2,542,0,0,136,0,-678,0,2570,48,16464
2026/01/23,05:00,16836,0,7966,4910,0,412,410,2,544,0,0,134,0,-404,0,2786,76,16836
2026/01/23,05:30,17342,0,7748,4910,0,410,420,2,548,0,0,148,0,-226,0,3306,76,17342
2026/01/23,06:00,18398,0,9158,4916,0,422,464,2,544,0,0,140,0,-36,2,2706,80,18398
2026/01/23,06:30,19424,0,10500,4908,0,408,462,0,552,0,0,146,0,2,2,2366,78,19424
2026/01/23,07:00,20092,0,10750,4914,0,424,502,2,548,106,0,152,0,2,24,2588,80,20092
2026/01/23,07:30,20688,0,10748,4914,0,438,508,2,552,660,0,148,0,8,24,2608,78,20688
2026/01/23,08:00,21788,0,11162,4908,0,446,520,2,562,1528,0,156,0,426,20,1996,62,21788
2026/01/23,08:30,22564,0,10982,4914,0,434,518,2,554,2456,0,148,0,384,12,2096,64,22564
2026/01/23,09:00,22632,0,10468,4910,0,466,502,2,558,3308,0,152,0,424,2,1780,60,22632
2026/01/23,09:30,22368,0,9410,4916,0,430,446,2,556,4076,0,158,0,10,0,2298,66,22368
2026/01/23,10:00,21734,0,8340,4906,0,440,400,0,558,4680,0,156,0,4,2,2184,64,21734
2026/01/23,10:30,21432,0,7576,4916,0,438,382,2,564,5278,0,170,0,2,0,2070,34,21432
2026/01/23,11:00,20772,0,7486,4908,0,458,390,2,558,5300,0,166,0,4,0,1462,38,20772
2026/01/23,11:30,20370,0,7610,4912,0,428,396,2,558,5430,0,176,0,-268,2,1092,32,20370
2026/01/23,12:00,19524,0,7148,4910,0,422,402,2,560,5600,0,170,0,-792,0,1070,32,19524
2026/01/23,12:30,19044,0,7314,4918,0,438,394,2,556,5332,0,168,0,-782,2,666,36,19044
2026/01/23,13:00,19796,0,7594,4908,0,432,398,2,560,5104,0,160,0,-544,0,1148,34,19796
2026/01/23,13:30,20034,0,7846,4910,0,442,406,2,560,4654,0,150,0,-214,2,1246,30,20034
2026/01/23,14:00,19730,0,8304,4912,0,420,420,0,554,3872,0,144,0,-44,0,1110,38,19730
2026/01/23,14:30,19778,0,8402,4914,0,450,446,2,560,3310,0,126,0,14,2,1512,40,19778
2026/01/23,15:00,19680,0,8680,4912,0,474,530,2,554,2352,0,128,0,18,0,1958,72,19680
2026/01/23,15:30,19986,0,9608,4910,0,498,594,2,550,1584,0,134,0,14,2,2012,78,19986
2026/01/23,16:00,20394,0,10872,4912,0,500,846,2,520,790,0,130,0,292,0,1460,70,20394
2026/01/23,16:30,20576,0,11028,4910,0,502,926,2,520,168,0,134,0,574,12,1732,68,20576
2026/01/23,17:00,20648,0,10750,4916,0,514,946,2,520,8,0,128,0,726,20,2018,100,20648
2026/01/23,17:30,20750,0,10990,4908,0,544,950,2,520,0,0,122,0,680,14,1910,110,20750
2026/01/23,18:00,20632,0,10518,4916,0,530,964,2,520,0,0,114,0,622,18,2318,110,20632
2026/01/23,18:30,20416,0,10794,4908,0,520,950,2,522,0,0,134,0,542,14,1924,106,20416
2026/01/23,19:00,20176,0,10574,4910,0,516,960,2,522,0,0,148,0,308,16,2118,102,20176
2026/01/23,19:30,19942,0,10714,4912,0,516,954,2,520,0,0,164,0,268,10,1768,114,19942
2026/01/23,20:00,19826,0,10690,4914,0,508,882,0,522,0,0,156,0,296,12,1708,138,19826
2026/01/23,20:30,19688,0,9830,4912,0,502,850,2,518,0,0,146,0,146,6,2650,126,19688
2026/01/23,21:00,19308,0,10082,4906,0,502,596,2,520,0,0,154,0,14,0,2416,116,19308
2026/01/23,21:30,18972,0,9906,4906,0,510,510,2,514,0,0,158,0,172,0,2178,116,18972
2026/01/23,22:00,18504,0,9468,4910,0,478,458,2,516,0,0,164,0,4,0,2376,128,18504
2026/01/23,22:30,17966,0,9174,4912,0,468,448,2,514,0,0,156,0,2,0,2170,120,17966
2026/01/23,23:00,17688,0,9132,4906,0,468,454,2,524,0,0,164,0,2,0,1940,96,17688
2026/01/23,23:30,17314,0,9010,4912,0,460,450,0,524,0,0,182,0,4,0,1684,88,17314
2026/01/24,00:00,16954,0,8708,4912,0,468,458,2,530,0,0,182,0,4,0,1588,102,16954
2026/01/24,00:30,16264,0,8250,4908,0,462,482,2,532,0,0,180,0,2,2,1340,104,16264
2026/01/24,01:00,16286,0,8468,4920,0,438,480,2,538,0,0,158,0,4,0,1180,98,16286
2026/01/24,01:30,15904,0,8228,4900,0,418,486,2,538,0,0,174,0,2,0,1062,94,15904
2026/01/24,02:00,15984,0,8236,4916,0,428,506,2,542,0,0,166,0,28,2,1084,74,15984
2026/01/24,02:30,15910,0,8104,4910,0,450,510,0,538,0,0,154,0,134,0,1040,70,15910
2026/01/24,03:00,15766,0,7638,4910,0,446,500,2,544,0,0,146,0,32,0,1476,72,15766
2026/01/24,03:30,15670,0,7646,4908,0,422,486,2,548,0,0,130,0,2,0,1430,96,15670
2026/01/24,04:00,15336,0,7378,4912,0,430,450,2,546,0,0,126,0,2,0,1384,106,15336
2026/01/24,04:30,15390,0,7576,4916,0,414,432,2,546,0,0,120,0,4,0,1280,100,15390
2026/01/24,05:00,15238,0,7232,4910,0,430,438,2,554,0,0,120,0,2,0,1424,126,15238
2026/01/24,05:30,15368,0,7344,4916,0,450,440,2,550,0,0,114,0,4,0,1420,128,15368
2026/01/24,06:00,15538,0,7530,4908,0,426,446,0,556,0,0,106,0,4,0,1466,96,15538
2026/01/24,06:30,16138,0,8182,4910,0,406,448,2,550,0,0,94,0,2,14,1436,94,16138
2026/01/24,07:00,16368,0,8182,4916,0,404,452,2,552,116,0,90,0,12,14,1530,98,16368
2026/01/24,07:30,16866,0,8200,4906,0,408,452,2,552,684,0,76,0,206,2,1286,92,16866
2026/01/24,08:00,17088,0,7734,4918,0,412,374,2,552,1536,0,84,0,188,2,1186,100,17088
2026/01/24,08:30,17356,0,7412,4908,0,410,368,2,552,2668,0,78,0,222,2,636,98,17356
2026/01/24,09:00,17088,0,6038,4908,0,418,366,2,552,3660,0,70,0,126,0,884,64,17088
2026/01/24,09:30,16644,0,5016,4912,0,416,358,2,552,4470,0,88,0,12,2,778,38,16644
2026/01/24,10:00,16510,0,4278,4914,0,410,358,2,550,5126,0,106,0,4,2,726,34,16510
2026/01/24,10:30,15906,0,3772,4904,0,410,350,2,554,5350,0,134,0,-80,0,480,30,15906
2026/01/24,11:00,15906,0,3638,4910,0,412,354,2,554,5382,0,156,0,-248,2,696,48,15906
2026/01/24,11:30,15568,0,3126,4870,0,408,348,0,560,5492,0,164,0,-250,2,804,44,15568
2026/01/24,12:00,15432,0,3318,4904,0,404,348,2,556,5502,0,172,0,-558,0,738,46,15432
2026/01/24,12:30,15032,0,3472,4904,0,424,350,2,562,5352,0,190,0,-576,2,304,46,15032
2026/01/24,13:00,15150,0,3412,4898,0,418,346,2,560,5034,0,200,0,-578,2,812,44,15150
2026/01/24,13:30,14934,0,3634,4912,0,434,346,2,560,4536,0,198,0,-346,2,610,46,14934
2026/01/24,14:00,14874,0,3660,4922,0,432,364,2,562,3966,0,200,0,-200,0,912,54,14874
2026/01/24,14:30,14490,0,3796,4900,0,420,390,2,556,2922,0,202,0,2,2,1246,52,14490
2026/01/24,15:00,14672,0,4766,4914,0,440,410,2,562,2048,0,174,0,4,2,1284,66,14672
2026/01/24,15:30,15040,0,5540,4910,0,424,470,0,560,1340,0,190,0,2,2,1526,76,15040
2026/01/24,16:00,15494,0,6402,4914,0,418,622,2,560,594,0,202,0,116,2,1558,104,15494
2026/01/24,16:30,16028,0,7086,4912,0,428,662,2,556,158,0,198,0,552,4,1366,104,16028
2026/01/24,17:00,16594,0,7660,4910,0,434,690,2,564,8,0,218,0,608,14,1368,118,16594
2026/01/24,17:30,17046,0,8534,4910,0,438,694,2,558,0,0,210,0,824,16,734,126,17046
2026/01/24,18:00,17168,0,8424,4912,0,424,736,2,562,0,0,182,0,712,16,1042,156,17168
2026/01/24,18:30,17164,0,8400,4908,0,422,730,2,558,0,0,164,0,624,16,1180,160,17164
2026/01/24,19:00,17058,0,8516,4918,0,428,728,0,566,0,0,170,0,666,18,888,160,17058
2026/01/24,19:30,16962,0,7976,4904,0,426,730,2,562,0,0,160,0,1244,14,790,154,16962
2026/01/24,20:00,16942,0,8024,4914,0,430,692,2,560,0,0,158,0,1120,10,872,160,16942
2026/01/24,20:30,16660,0,8358,4918,0,438,646,2,564,0,0,174,0,464,8,938,150,16660
2026/01/24,21:00,16580,0,8290,4910,0,430,536,2,564,0,0,186,0,398,6,1114,144,16580
2026/01/24,21:30,16086,0,8066,4910,0,438,480,2,562,0,0,174,0,300,4,1016,134,16086
2026/01/24,22:00,15684,0,7968,4910,0,432,442,2,564,0,0,166,0,236,6,832,126,15684
2026/01/24,22:30,15132,0,7546,4910,0,428,430,2,564,0,0,164,0,152,4,806,126,15132
2026/01/24,23:00,15018,0,7524,4914,0,464,420,0,564,0,0,168,0,52,6,788,118,15018
2026/01/24,23:30,14772,0,7216,4908,0,440,432,2,564,0,0,180,0,4,4,900,122,14772
2026/01/25,00:00,14286,0,6516,4918,0,436,476,2,568,0,0,206,0,4,4,1040,116,14286
2026/01/25,00:30,14088,0,6274,4908,0,438,470,2,564,0,0,200,0,2,4,1110,116,14088
2026/01/25,01:00,14016,0,5872,4910,0,472,486,2,566,0,0,182,0,4,4,1426,92,14016
2026/01/25,01:30,13838,0,5438,4910,0,446,474,0,562,0,0,168,0,2,4,1748,86,13838
2026/01/25,02:00,13982,0,5510,4912,0,456,476,2,560,0,0,168,0,2,4,1794,98,13982
2026/01/25,02:30,13916,0,5718,4912,0,464,472,2,560,0,0,176,0,4,4,1502,102,13916
2026/01/25,03:00,14006,0,5856,4912,0,442,472,2,566,0,0,204,0,4,4,1438,106,14006
2026/01/25,03:30,13932,0,6060,4916,0,454,466,2,562,0,0,210,0,2,4,1150,106,13932
2026/01/25,04:00,13726,0,6092,4908,0,442,434,2,566,0,0,204,0,4,0,968,106,13726
2026/01/25,04:30,13788,0,6154,4912,0,430,428,2,562,0,0,192,0,2,2,978,126,13788
2026/01/25,05:00,13866,0,6088,4908,0,442,436,0,564,0,0,178,0,2,0,1116,132,13866
2026/01/25,05:30,13752,0,5914,4914,2,450,444,2,560,0,0,168,0,4,0,1162,132,13752
2026/01/25,06:00,14192,0,6532,4914,0,434,408,2,562,0,0,154,0,2,0,1060,124,14192
2026/01/25,06:30,14394,0,6638,4908,2,434,408,2,556,0,0,168,0,6,0,1148,124,14394
2026/01/25,07:00,14922,0,6916,4914,0,434,414,2,562,102,0,170,0,60,2,1244,102,14922
2026/01/25,07:30,15314,0,6736,4908,0,440,416,2,556,504,0,184,0,2,0,1468,98,15314
2026/01/25,08:00,15884,0,6814,4916,0,438,508,2,562,1016,0,192,0,4,0,1330,102,15884
2026/01/25,08:30,15952,0,5682,4906,0,476,498,2,558,1738,0,206,0,2,2,1780,102,15952
2026/01/25,09:00,16308,0,5462,4912,0,446,420,2,560,2580,0,212,0,2,0,1654,58,16308
2026/01/25,09:30,16142,0,4432,4916,0,426,406,2,556,3100,0,208,0,4,2,2046,44,16142
2026/01/25,10:00,15702,0,3310,4900,0,442,400,0,560,3898,0,218,0,-382,0,2318,38,15702
2026/01/25,10:30,15234,0,3340,4888,0,440,396,2,556,4384,0,216,0,-488,2,1456,42,15234
2026/01/25,11:00,14922,0,2874,4864,0,442,386,2,558,5108,0,222,0,-364,0,786,44,14922
2026/01/25,11:30,14662,0,3198,4820,0,430,382,2,556,5426,0,222,0,-172,0,-240,38,14662
2026/01/25,12:00,14516,0,3216,4756,0,414,390,2,560,5468,0,240,0,-114,2,-462,44,14516
2026/01/25,12:30,14100,0,2984,4676,0,424,380,2,556,5392,0,228,0,-362,0,-220,40,14100
2026/01/25,13:00,13956,0,3024,4862,0,420,388,2,562,5132,0,224,0,-760,0,48,54,13956
2026/01/25,13:30,13842,0,2932,4682,0,406,384,2,558,5064,0,224,0,-1006,0,546,50,13842
2026/01/25,14:00,13764,0,3604,4672,0,414,406,2,560,4406,0,214,0,-1304,2,734,54,13764
2026/01/25,14:30,13896,0,3726,4842,0,452,428,0,556,3616,0,210,0,-940,0,950,56,13896
2026/01/25,15:00,14092,0,3974,4878,0,440,452,2,560,2784,0,196,0,-292,2,1028,68,14092
2026/01/25,15:30,14396,0,4708,4908,0,438,510,2,556,1808,0,216,0,4,0,1166,80,14396
2026/01/25,16:00,14878,0,6064,4910,0,446,662,2,560,844,0,210,0,4,2,1074,100,14878
2026/01/25,16:30,15604,0,7410,4918,0,442,714,2,552,238,0,188,0,2,2,1028,108,15604
2026/01/25,17:00,16586,0,8728,4912,0,442,732,2,556,8,0,190,0,172,4,728,112,16586
2026/01/25,17:30,17262,0,9200,4912,0,456,828,2,552,0,0,182,0,872,2,140,116,17262
2026/01/25,18:00,17512,0,9456,4916,0,434,886,0,556,0,0,182,0,1138,12,-238,170,17512
2026/01/25,18:30,17686,0,9536,4904,0,440,886,2,554,0,0,176,0,1132,6,-118,168,17686
2026/01/25,19:00,17568,0,9508,4914,0,468,888,2,560,0,0,184,0,956,6,-86,168,17568
2026/01/25,19:30,17666,0,9552,4906,0,484,892,2,556,0,0,188,0,1200,6,-286,166,17666
2026/01/25,20:00,17576,0,9264,4914,0,492,866,2,562,0,0,198,0,708,4,394,172,17576
2026/01/25,20:30,17448,0,8942,4910,0,460,790,2,554,0,0,210,0,4,4,1406,166,17448
2026/01/25,21:00,17158,0,9042,4908,0,444,594,2,562,0,0,200,0,108,2,1142,154,17158
2026/01/25,21:30,16722,0,8618,4904,0,448,550,0,556,0,0,212,0,2,0,1308,124,16722
2026/01/25,22:00,16162,0,8426,4908,0,440,530,2,562,0,0,224,0,4,2,944,120,16162
2026/01/25,22:30,15488,0,7854,4910,0,460,510,2,556,0,0,220,0,2,0,856,118,15488
2026/01/25,23:00,15458,0,7912,4910,0,440,444,2,564,0,0,204,0,-16,0,870,128,15458
2026/01/25,23:30,15152,0,7906,4916,0,438,424,2,562,0,0,200,0,-526,2,1104,124,15152
2026/01/26,00:00,14810,0,7920,4908,0,426,380,2,564,0,0,216,0,-714,0,1002,106,14810
2026/01/26,00:30,14426,0,7176,4916,0,448,378,0,560,0,0,208,0,-1082,0,1720,102,14426
2026/01/26,01:00,14370,0,8268,4910,0,444,374,2,564,0,0,232,0,-1616,0,1084,108,14370
2026/01/26,01:30,14364,0,8394,4912,0,442,374,2,562,0,0,226,0,-1674,0,1024,102,14364
2026/01/26,02:00,14396,0,8284,4910,0,462,378,2,556,0,0,222,0,-1686,0,1170,98,14396
2026/01/26,02:30,14424,0,8272,4912,0,466,374,2,556,0,0,198,0,-1874,0,1420,98,14424
2026/01/26,03:00,14488,0,8394,4918,0,462,366,2,556,0,0,194,0,-1890,2,1408,76,14488
2026/01/26,03:30,14376,0,8542,4908,0,462,356,2,556,0,0,202,0,-1876,0,1152,72,14376
2026/01/26,04:00,14578,0,8568,4916,0,480,370,2,552,0,0,198,0,-1878,2,1296,72,14578
2026/01/26,04:30,14556,0,8174,4916,0,464,358,0,554,0,0,196,0,-1398,0,1224,68,14556
2026/01/26,05:00,15178,0,8290,4910,0,450,372,2,552,0,0,194,0,-984,0,1298,94,15178
2026/01/26,05:30,15754,0,8494,4910,0,444,360,2,554,0,0,188,0,-554,2,1262,92,15754
2026/01/26,06:00,16962,0,9088,4920,0,448,414,2,556,0,0,178,0,2,2,1270,82,16962
2026/01/26,06:30,18250,0,10668,4910,0,466,408,2,550,0,0,168,0,28,6,968,76,18250
2026/01/26,07:00,19210,0,11096,4912,0,442,528,2,554,128,0,144,0,334,12,998,60,19210
2026/01/26,07:30,20172,0,11240,4914,0,458,556,2,548,694,0,152,0,732,12,806,58,20172
2026/01/26,08:00,21442,0,11254,4912,0,438,560,2,554,1544,0,152,0,782,12,1170,62,21442
2026/01/26,08:30,22232,0,11222,4906,0,438,556,2,548,2444,0,140,0,1082,10,822,62,22232
2026/01/26,09:00,22432,0,10524,4920,0,468,550,2,554,3230,0,150,0,744,2,1224,64,22432
2026/01/26,09:30,22204,0,9876,4908,0,454,516,2,552,3874,0,144,0,616,0,1200,62,22204
2026/01/26,10:00,21626,0,8898,4910,0,436,462,0,558,4416,0,146,0,274,0,1460,66,21626
2026/01/26,10:30,21404,0,8094,4910,0,440,466,2,554,4978,0,146,0,4,2,1746,62,21404
2026/01/26,11:00,20988,0,7738,4914,0,458,416,2,554,5334,0,172,0,2,4,1358,36,20988
2026/01/26,11:30,20770,0,7320,4914,0,450,384,2,558,5688,0,184,0,-100,0,1334,36,20770
2026/01/26,12:00,19642,0,6880,4922,0,432,384,2,560,5554,0,196,0,-460,2,1136,34,19642
2026/01/26,12:30,19308,0,7178,4900,0,428,384,2,560,5174,0,172,0,-648,0,1126,32,19308
2026/01/26,13:00,19996,0,7432,4918,0,426,394,2,562,4876,0,182,0,-26,4,1192,34,19996
2026/01/26,13:30,20080,0,7568,4906,0,436,396,2,556,4210,0,178,0,160,2,1634,32,20080
2026/01/26,14:00,19988,0,7944,4918,0,422,426,0,556,3596,0,170,0,354,2,1560,40,19988
2026/01/26,14:30,20028,0,8340,4904,0,436,480,2,560,3300,0,146,0,280,2,1538,40,20028
2026/01/26,15:00,19822,0,8946,4910,0,448,610,2,558,2756,0,128,0,88,0,1312,64,19822
2026/01/26,15:30,20178,0,10538,4910,0,424,656,2,560,1932,0,120,0,144,2,826,64,20178
2026/01/26,16:00,20478,0,11324,4916,0,450,828,2,556,1012,0,120,0,612,0,592,66,20478
2026/01/26,16:30,20706,0,11348,4904,0,434,860,2,554,356,0,106,0,1180,24,872,66,20706
2026/01/26,17:00,20966,0,11092,4920,0,440,892,2,558,32,0,112,0,702,28,2080,108,20966
2026/01/26,17:30,21272,0,11692,4908,0,442,926,0,556,0,0,152,0,802,22,1642,130,21272
2026/01/26,18:00,21374,0,11762,4908,0,434,904,2,562,0,0,176,0,864,12,1616,134,21374
2026/01/26,18:30,21216,0,11778,4914,0,444,892,2,562,0,0,190,0,906,4,1392,132,21216
2026/01/26,19:00,20802,0,11736,4910,0,438,886,2,562,0,0,184,0,728,4,1218,134,20802
2026/01/26,19:30,20566,0,11612,4912,0,450,876,2,566,0,0,154,0,598,4,1260,132,20566
2026/01/26,20:00,20312,0,11670,4908,0,440,778,2,570,0,0,92,0,454,4,1262,132,20312
2026/01/26,20:30,20072,0,11680,4914,0,444,714,2,566,0,0,62,0,474,2,1122,92,20072
2026/01/26,21:00,19790,0,11522,4916,0,464,630,2,572,0,0,50,0,508,2,1028,96,19790
2026/01/26,21:30,19220,0,10452,4904,0,434,568,2,566,0,0,54,0,28,0,2122,90,19220
2026/01/26,22:00,18796,0,9840,4908,0,428,474,2,566,0,0,46,0,2,4,2432,94,18796
2026/01/26,22:30,18076,0,8686,4908,0,430,472,2,566,0,0,56,0,4,2,2858,92,18076
2026/01/26,23:00,17944,0,8834,4912,0,436,482,2,562,0,0,66,0,4,0,2550,96,17944
2026/01/26,23:30,17344,0,8492,4910,0,432,494,0,566,0,0,56,0,-194,0,2524,64,17344
2026/01/27,00:00,16944,0,8860,4912,0,424,402,2,568,0,0,44,0,-656,0,2322,66,16944
2026/01/27,00:30,16542,0,8536,4912,0,452,388,2,566,0,0,32,0,-934,0,2528,60,16542
2026/01/27,01:00,16258,0,8212,4910,0,440,394,2,566,0,0,34,0,-1028,0,2664,64,16258
2026/01/27,01:30,16356,0,8562,4914,0,428,386,2,568,0,0,30,0,-1156,0,2560,62,16356
2026/01/27,02:00,16280,0,8292,4918,0,428,382,2,566,0,0,42,0,-1154,0,2742,62,16280
2026/01/27,02:30,16302,0,8346,4904,0,440,382,2,568,0,0,68,0,-1146,0,2676,62,16302
2026/01/27,03:00,16276,0,8092,4912,0,430,390,0,568,0,0,78,0,-1148,0,2890,64,16276
2026/01/27,03:30,16116,0,7998,4894,0,436,372,2,568,0,0,82,0,-928,0,2630,62,16116
2026/01/27,04:00,16134,0,8168,4934,0,428,384,2,570,0,0,94,0,-688,0,2174,68,16134
2026/01/27,04:30,16198,0,8642,4896,0,444,374,2,562,0,0,78,0,-682,0,1820,62,16198
2026/01/27,05:00,16488,0,8728,4918,0,428,406,2,568,0,0,58,0,-584,0,1874,90,16488
2026/01/27,05:30,16962,0,9008,4904,0,428,396,2,560,0,0,56,0,-142,0,1664,86,16962
2026/01/27,06:00,18038,0,9276,4922,0,422,424,2,562,0,0,70,0,4,2,2262,92,18038
2026/01/27,06:30,18988,0,10562,4900,0,428,432,2,558,0,0,66,0,162,16,1770,92,18988
2026/01/27,07:00,19772,0,10680,4920,0,430,530,2,560,84,0,72,0,326,20,2082,66,19772
2026/01/27,07:30,20544,0,11132,4896,0,440,540,2,560,418,0,70,0,584,22,1816,64,20544
2026/01/27,08:00,21656,0,11082,4926,0,456,516,2,558,1142,0,72,0,1200,20,1612,70,21656
2026/01/27,08:30,22278,0,10658,4898,0,438,520,0,560,2042,0,78,0,946,10,2064,64,22278
2026/01/27,09:00,22706,0,9944,4926,0,438,468,2,566,3024,0,104,0,846,2,2312,74,22706
2026/01/27,09:30,22246,0,9298,4910,0,424,462,2,558,3560,0,118,0,520,0,2326,68,22246
2026/01/27,10:00,21592,0,8068,4914,0,424,426,2,564,4344,0,120,0,80,0,2578,72,21592
2026/01/27,10:30,21126,0,7572,4896,0,426,414,2,564,5036,0,148,0,2,2,1994,70,21126
2026/01/27,11:00,20774,0,7548,4926,0,436,416,2,562,5498,0,182,0,-102,0,1264,42,20774
2026/01/27,11:30,20484,0,7824,4902,0,424,404,2,562,5274,0,176,0,-54,0,932,38,20484
2026/01/27,12:00,19336,0,7184,4926,0,420,412,2,566,4850,0,168,0,-490,0,1258,40,19336
2026/01/27,12:30,19040,0,6960,4894,0,420,414,0,560,4866,0,168,0,-916,0,1634,40,19040
2026/01/27,13:00,19762,0,7142,4926,0,430,428,2,564,5484,0,176,0,-916,2,1484,40,19762
2026/01/27,13:30,19576,0,7570,4900,0,428,418,2,564,5330,0,168,0,-760,0,918,38,19576
2026/01/27,14:00,19326,0,8002,4916,0,436,434,2,562,4622,0,180,0,-684,0,816,40,19326
2026/01/27,14:30,19238,0,8628,4904,0,438,450,2,566,3690,0,176,0,-672,2,1018,36,19238
2026/01/27,15:00,19250,0,8430,4920,0,470,508,2,566,2616,0,194,0,-462,2,1964,40,19250
2026/01/27,15:30,19490,0,8338,4900,0,480,540,2,570,1570,0,210,0,4,0,2816,60,19490
2026/01/27,16:00,19876,0,9210,4922,0,480,726,2,554,768,0,204,0,40,4,2896,70,19876
2026/01/27,16:30,20064,0,10434,4896,0,456,810,2,552,206,0,182,0,132,12,2314,68,20064
2026/01/27,17:00,20312,0,10576,4930,0,460,862,2,556,32,0,186,0,284,12,2304,108,20312
2026/01/27,17:30,20460,0,10720,4902,0,468,898,2,562,0,0,184,0,238,14,2336,136,20460
2026/01/27,18:00,20376,0,10868,4920,0,460,900,2,562,0,0,172,0,480,10,1860,142,20376
2026/01/27,18:30,20236,0,11022,4900,0,458,894,0,566,0,0,164,0,654,2,1440,136,20236
2026/01/27,19:00,19934,0,10826,4926,0,452,906,2,568,0,0,168,0,458,0,1486,142,19934
2026/01/27,19:30,19588,0,10426,4898,0,472,908,2,570,0,0,150,0,578,0,1446,138,19588
2026/01/27,20:00,19506,0,9624,4926,0,438,856,2,568,0,0,160,0,354,2,2440,136,19506
2026/01/27,20:30,19318,0,9386,4894,0,450,776,2,570,0,0,190,0,352,2,2596,100,19318
2026/01/27,21:00,18936,0,9072,4926,0,452,562,2,568,0,0,198,0,192,0,2856,108,18936
2026/01/27,21:30,18298,0,8730,4890,0,446,510,2,568,0,0,190,0,86,0,2776,100,18298
2026/01/27,22:00,17950,0,8578,4916,0,440,458,2,568,0,0,190,0,4,2,2688,104,17950
2026/01/27,22:30,17260,0,7882,4894,0,450,456,2,566,0,0,182,0,2,0,2726,100,17260
2026/01/27,23:00,16996,0,7758,4922,0,466,448,2,566,0,0,176,0,4,0,2574,80,16996
2026/01/27,23:30,16566,0,7842,4910,0,456,440,0,568,0,0,178,0,2,2,2092,76,16566
2026/01/28,00:00,16060,0,7606,4914,0,462,416,2,568,0,0,182,0,-290,0,2122,78,16060
2026/01/28,00:30,15724,0,7748,4896,0,454,410,2,568,0,0,178,0,-702,0,2096,74,15724
2026/01/28,01:00,15602,0,7902,4922,0,456,416,2,566,0,0,174,0,-956,0,2042,78,15602
2026/01/28,01:30,15538,0,8236,4902,0,444,416,2,568,0,0,162,0,-954,0,1690,72,15538
2026/01/28,02:00,15668,0,7812,4920,0,430,416,2,568,0,0,172,0,-740,0,2008,80,15668
2026/01/28,02:30,15600,0,7918,4900,0,442,414,0,564,0,0,174,0,-704,0,1820,72,15600
2026/01/28,03:00,15710,0,7812,4928,0,468,412,2,568,0,0,176,0,-578,0,1840,82,15710
2026/01/28,03:30,15630,0,7744,4896,0,470,412,2,564,0,0,174,0,-458,0,1754,72,15630
2026/01/28,04:00,15702,0,7888,4922,0,450,412,2,564,0,0,168,0,-388,0,1604,80,15702
2026/01/28,04:30,15686,0,7664,4900,0,442,408,2,566,0,0,160,0,-130,0,1602,72,15686
2026/01/28,05:00,16122,0,7712,4922,0,444,416,2,564,0,0,160,0,2,0,1808,92,16122
2026/01/28,05:30,16514,0,8100,4898,0,454,408,2,560,0,0,138,0,4,0,1852,98,16514
2026/01/28,06:00,17494,0,8764,4930,0,452,422,2,564,0,0,120,0,2,2,2138,98,17494
2026/01/28,06:30,18382,0,9790,4896,0,456,422,2,564,26,0,102,0,4,18,2022,80,18382
2026/01/28,07:00,19136,0,10116,4922,0,434,608,2,562,176,0,86,0,66,22,2072,70,19136
2026/01/28,07:30,19742,0,10228,4898,0,424,620,2,564,736,0,82,0,288,22,1808,70,19742
2026/01/28,08:00,20698,0,10228,4930,0,442,630,2,562,1576,0,88,0,700,18,1454,68,20698
2026/01/28,08:30,21474,0,10176,4898,0,450,656,0,566,2522,0,90,0,542,12,1490,72,21474
2026/01/28,09:00,21278,0,7744,4906,0,452,504,2,560,3316,0,80,0,682,12,2948,72,21278
2026/01/28,09:30,21030,0,6918,4638,0,432,506,2,556,4310,0,80,0,612,2,2902,72,21030
2026/01/28,10:00,20496,0,7032,4724,0,406,470,2,562,5104,0,90,0,246,0,1792,68,20496
2026/01/28,10:30,20012,0,6616,4854,0,390,450,2,558,5692,0,88,0,4,2,1284,72,20012
2026/01/28,11:00,19660,0,6036,4872,0,380,442,2,562,6086,0,96,0,-52,0,1196,40,19660
2026/01/28,11:30,19180,0,6582,4850,0,400,436,2,550,5974,0,106,0,-526,0,770,36,19180
2026/01/28,12:00,18282,0,6482,4872,0,392,450,2,544,5592,0,96,0,-692,2,504,38,18282
2026/01/28,12:30,18122,0,6210,4854,0,384,440,2,548,5290,0,106,0,-688,0,946,30,18122
2026/01/28,13:00,18958,0,6786,4904,0,396,442,2,552,5188,0,116,0,-684,2,1222,32,18958
2026/01/28,13:30,18844,0,7242,4904,0,400,450,2,556,4716,0,108,0,-676,0,1108,34,18844
2026/01/28,14:00,19094,0,7874,4922,0,414,456,2,562,4418,0,120,0,-390,0,678,38,19094
2026/01/28,14:30,19030,0,8248,4900,0,430,450,2,570,3536,0,138,0,-144,2,862,36,19030
2026/01/28,15:00,18816,0,8074,4922,0,446,468,0,562,2576,0,132,0,4,0,1562,70,18816
2026/01/28,15:30,19168,0,9130,4898,0,468,504,2,572,1750,0,154,0,2,0,1618,70,19168
2026/01/28,16:00,19504,0,10228,4938,0,474,626,2,566,844,0,140,0,14,0,1598,74,19504
2026/01/28,16:30,19904,0,10982,4886,0,488,682,2,572,272,0,116,0,444,10,1380,70,19904
2026/01/28,17:00,20098,0,10876,4926,0,498,908,2,566,30,0,126,0,496,14,1584,72,20098
2026/01/28,17:30,20300,0,11034,4898,0,496,944,2,564,0,0,112,0,546,14,1558,132,20300
2026/01/28,18:00,20364,0,11092,4926,0,500,960,2,568,0,0,88,0,538,14,1534,142,20364
2026/01/28,18:30,20196,0,10866,4900,0,512,942,2,574,0,0,90,0,484,6,1682,138,20196
2026/01/28,19:00,19890,0,10802,4926,0,512,880,2,574,0,0,98,0,380,4,1574,138,19890
2026/01/28,19:30,19634,0,10698,4892,0,496,872,2,572,0,0,106,0,260,4,1596,136,19634
2026/01/28,20:00,19606,0,10540,4934,0,502,792,2,574,0,0,120,0,4,4,1990,144,19606
2026/01/28,20:30,19294,0,10434,4888,0,492,732,0,572,0,0,104,0,2,0,1934,136,19294
2026/01/28,21:00,18992,0,9936,4934,0,484,606,2,576,0,0,112,0,4,2,2236,100,18992
2026/01/28,21:30,18480,0,9598,4890,0,492,554,2,570,0,0,108,0,2,0,2176,88,18480
2026/01/28,22:00,18028,0,8780,4920,0,490,442,2,572,0,0,102,0,4,0,2618,98,18028
2026/01/28,22:30,17402,0,8332,4892,0,506,436,2,568,0,0,104,0,2,0,2470,90,17402
2026/01/28,23:00,17196,0,8082,4930,0,506,430,2,572,0,0,90,0,4,0,2480,100,17196
2026/01/28,23:30,16662,0,7780,4914,0,496,434,2,568,0,0,96,0,2,0,2300,70,16662
2026/01/29,00:00,16282,0,7916,4912,0,490,416,2,572,0,0,102,0,-230,0,2032,70,16282
2026/01/29,00:30,15890,0,7486,4890,0,494,420,2,568,0,0,134,0,-460,0,2292,64,15890
2026/01/29,01:00,15788,0,7364,4928,0,490,414,2,574,0,0,162,0,-468,0,2252,70,15788
2026/01/29,01:30,15740,0,7352,4902,0,478,404,2,572,0,0,154,0,-454,0,2268,62,15740
2026/01/29,02:00,15704,0,7292,4924,0,464,412,2,574,0,0,152,0,-464,0,2280,68,15704
2026/01/29,02:30,15744,0,7390,4896,0,462,404,2,572,0,0,156,0,-454,0,2250,66,15744
2026/01/29,03:00,15740,0,7194,4922,0,474,412,2,572,0,0,148,0,-462,0,2410,68,15740
2026/01/29,03:30,15624,0,7152,4902,0,484,400,2,570,0,0,154,0,-452,0,2348,64,15624
2026/01/29,04:00,15606,0,7266,4922,0,468,414,0,572,0,0,162,0,-456,0,2190,68,15606
2026/01/29,04:30,15710,0,7526,4900,0,464,408,2,564,0,0,164,0,-310,0,1928,64,15710
2026/01/29,05:00,15986,0,7630,4926,0,460,408,2,570,0,0,160,0,-52,0,1814,68,15986
2026/01/29,05:30,16464,0,8476,4898,0,462,414,2,564,0,0,138,0,82,0,1334,94,16464
2026/01/29,06:00,17558,0,8732,4932,0,448,424,2,564,0,0,118,0,172,4,2068,94,17558
2026/01/29,06:30,18576,0,9562,4896,0,454,418,2,566,0,0,94,0,326,10,2148,100,18576
2026/01/29,07:00,19244,0,9726,4926,0,448,580,2,566,224,0,84,0,330,22,2258,78,19244
2026/01/29,07:30,19940,0,9812,4894,0,470,590,2,566,994,0,88,0,336,22,2090,76,19940
2026/01/29,08:00,20802,0,9952,4922,0,454,620,0,566,1770,0,96,0,634,12,1704,72,20802
2026/01/29,08:30,21574,0,9868,4900,0,428,616,2,564,2418,0,100,0,846,8,1754,70,21574
2026/01/29,09:00,21904,0,8854,4928,0,434,572,2,568,3286,0,98,0,208,2,2880,72,21904
2026/01/29,09:30,21586,0,7410,4898,0,434,570,2,568,3928,0,110,0,2,4,3590,70,21586
2026/01/29,10:00,21228,0,6630,4922,0,430,540,2,570,4590,0,102,0,-82,2,3450,72,21228
2026/01/29,10:30,20880,0,6436,4902,0,418,536,2,566,4930,0,114,0,-228,0,3138,66,20880
2026/01/29,11:00,20488,0,5988,4930,0,454,438,2,570,5198,0,98,0,-296,2,3064,40,20488
2026/01/29,11:30,20208,0,6198,4898,0,432,434,2,568,5250,0,120,0,-442,0,2708,40,20208
2026/01/29,12:00,19192,0,6154,4920,0,440,438,2,570,5292,0,140,0,-526,2,1724,36,19192
2026/01/29,12:30,19038,0,6292,4896,0,430,432,2,572,5132,0,176,0,-684,0,1758,32,19038
2026/01/29,13:00,19604,0,6784,4928,0,426,434,2,570,4446,0,158,0,-554,2,2372,36,19604
2026/01/29,13:30,19910,0,6988,4896,0,434,436,2,572,3770,0,130,0,-104,0,2750,36,19910
2026/01/29,14:00,19958,0,7536,4932,0,436,446,2,570,2916,0,140,0,40,2,2900,38,19958
2026/01/29,14:30,19942,0,8252,4890,0,452,434,0,570,2236,0,126,0,76,0,2870,36,19942
2026/01/29,15:00,19908,0,8676,4932,0,442,450,2,572,1656,0,144,0,90,2,2902,40,19908
2026/01/29,15:30,20378,0,10022,4888,0,450,472,2,570,1060,0,126,0,4,2,2740,42,20378
2026/01/29,16:00,20706,0,10966,4512,0,448,628,2,572,468,0,120,0,140,4,2782,64,20706
2026/01/29,16:30,21000,0,11290,4276,0,462,698,2,572,130,0,118,0,984,10,2392,66,21000
2026/01/29,17:00,21156,0,11292,4302,0,456,860,2,572,26,0,118,0,1174,14,2232,108,21156
2026/01/29,17:30,21334,0,11292,4280,0,456,942,2,572,0,0,110,0,1040,12,2494,134,21334
2026/01/29,18:00,21200,0,11302,4304,0,456,952,2,570,0,0,116,0,942,14,2410,132,21200
2026/01/29,18:30,20998,0,11300,4176,0,486,944,2,568,0,0,134,0,794,6,2456,132,20998
2026/01/29,19:00,20722,0,11060,4038,0,484,934,2,574,0,0,114,0,632,6,2740,138,20722
2026/01/29,19:30,20518,0,11318,4010,0,500,928,2,570,0,0,106,0,586,4,2360,134,20518
2026/01/29,20:00,20516,0,11236,3952,0,486,790,2,578,0,0,112,0,164,4,3078,114,20516
2026/01/29,20:30,20270,0,11260,3812,0,482,728,2,574,0,0,138,0,56,2,3102,114,20270
2026/01/29,21:00,19846,0,11188,3720,0,500,612,0,578,0,0,158,0,262,0,2732,96,19846
2026/01/29,21:30,19322,0,10886,3678,0,466,504,2,570,0,0,184,0,24,0,2916,92,19322
2026/01/29,22:00,18802,0,10338,3636,0,492,484,2,576,0,0,182,0,4,0,2992,96,18802
2026/01/29,22:30,18104,0,9896,3582,0,506,468,2,572,0,0,176,0,2,0,2812,88,18104
2026/01/29,23:00,17840,0,9770,3574,0,462,432,2,576,0,0,162,0,4,0,2762,96,17840
2026/01/29,23:30,17380,0,9692,3582,0,472,426,2,576,0,0,156,0,2,0,2382,90,17380
2026/01/30,00:00,16834,0,8758,3736,0,478,434,2,578,0,0,174,0,-196,0,2816,54,16834
2026/01/30,00:30,16446,0,8986,3740,0,456,428,2,578,0,0,202,0,-656,0,2656,54,16446
2026/01/30,01:00,16318,0,9148,3770,0,484,432,0,578,0,0,212,0,-882,0,2516,60,16318
2026/01/30,01:30,16242,0,9072,3778,0,470,432,2,574,0,0,194,0,-928,0,2596,52,16242
2026/01/30,02:00,16174,0,8638,3906,0,470,434,2,574,0,0,182,0,-1262,0,3170,60,16174
2026/01/30,02:30,16112,0,8852,3882,0,468,430,2,570,0,0,172,0,-1396,0,3078,54,16112
2026/01/30,03:00,16228,0,8684,3940,0,464,432,2,580,0,0,174,0,-1396,0,3290,58,16228
2026/01/30,03:30,16132,0,8692,4102,0,458,418,2,578,0,0,172,0,-1400,0,3056,54,16132
2026/01/30,04:00,16154,0,8086,4230,0,460,428,2,578,0,0,170,0,-1058,0,3194,64,16154
2026/01/30,04:30,16180,0,8148,4214,0,456,418,2,576,0,0,162,0,-486,0,2638,52,16180
2026/01/30,05:00,16636,0,8902,4242,0,460,438,2,578,0,0,162,0,-408,0,2158,102,16636
2026/01/30,05:30,17144,0,9204,4214,0,474,432,2,572,0,0,160,0,-138,0,2124,100,17144
2026/01/30,06:00,18072,0,9454,4238,0,462,518,2,576,0,0,146,0,4,6,2590,76,18072
2026/01/30,06:30,19070,0,10208,4218,0,484,532,2,576,4,0,112,0,2,6,2852,74,19070
2026/01/30,07:00,19744,0,10886,4236,0,494,582,2,572,160,0,108,0,4,14,2612,74,19744
2026/01/30,07:30,20458,0,10680,4206,0,502,586,2,562,694,0,126,0,6,14,3008,72,20458
2026/01/30,08:00,21610,0,11206,4242,0,546,610,0,564,1482,0,116,0,276,12,2488,68,21610
2026/01/30,08:30,22492,0,10924,4204,0,500,566,2,564,2416,0,122,0,310,8,2802,74,22492
2026/01/30,09:00,22674,0,10100,4242,0,492,480,2,564,3408,0,132,0,128,2,3052,72,22674
2026/01/30,09:30,22292,0,8648,4218,0,506,476,2,560,4204,0,128,0,16,0,3464,70,22292
2026/01/30,10:00,21740,0,8078,4238,0,504,466,2,566,4606,0,150,0,16,12,3058,44,21740
2026/01/30,10:30,21474,0,7706,4212,0,514,440,2,564,5224,0,166,0,12,0,2594,40,21474
2026/01/30,11:00,20814,0,7582,4240,0,504,452,2,566,5138,0,166,0,16,0,2106,42,20814
2026/01/30,11:30,20516,0,7244,4214,0,490,444,2,562,5118,0,160,0,-240,2,2488,32,20516
2026/01/30,12:00,19368,0,7290,4240,0,502,444,2,570,4974,0,164,0,-788,0,1934,36,19368
2026/01/30,12:30,19210,0,7126,4210,0,518,442,2,566,5076,0,182,0,-966,2,2018,34,19210
2026/01/30,13:00,19748,0,7522,4240,0,498,452,2,566,5140,0,176,0,-970,0,2084,38,19748
2026/01/30,13:30,19726,0,7898,4214,0,484,448,2,564,5030,0,186,0,-814,2,1682,30,19726
2026/01/30,14:00,19900,0,8226,4238,0,486,452,0,564,4626,0,190,0,-564,2,1640,40,19900
2026/01/30,14:30,19760,0,8622,4216,0,470,464,2,562,3848,0,190,0,-370,0,1718,38,19760
2026/01/30,15:00,19398,0,8276,4238,0,476,452,2,562,2862,0,162,0,-160,2,2462,64,19398
2026/01/30,15:30,19684,0,8924,4214,2,476,472,2,572,1830,0,150,0,118,2,2854,68,19684
2026/01/30,16:00,19998,0,9770,4240,0,456,720,2,570,946,0,138,0,62,0,3024,70,19998
2026/01/30,16:30,20280,0,11082,4210,2,490,772,2,578,268,0,120,0,106,22,2564,64,20280
2026/01/30,17:00,20404,0,11372,4242,0,472,794,2,576,10,0,112,0,352,22,2344,106,20404
2026/01/30,17:30,20674,0,11526,4220,2,482,834,2,580,0,0,90,0,210,22,2594,112,20674
2026/01/30,18:00,20726,0,11662,4236,0,502,864,2,574,0,0,76,0,374,20,2302,114,20726
2026/01/30,18:30,20522,0,11656,4214,0,494,874,2,576,0,0,76,0,422,22,2072,114,20522
2026/01/30,19:00,20324,0,11638,4240,0,472,890,2,576,0,0,86,0,300,14,1990,116,20324
2026/01/30,19:30,20126,0,11658,4218,0,504,882,2,578,0,0,92,0,260,10,1812,110,20126
2026/01/30,20:00,20028,0,11576,4236,0,476,880,2,576,0,0,106,0,200,2,1866,108,20028
2026/01/30,20:30,19890,0,11578,4214,0,466,842,0,576,0,0,96,0,246,4,1796,72,19890
2026/01/30,21:00,19574,0,10832,4242,0,500,614,2,580,0,0,92,0,12,4,2620,76,19574
2026/01/30,21:30,19190,0,10370,4214,0,484,600,2,574,0,0,108,0,4,6,2754,74,19190
2026/01/30,22:00,18744,0,9372,4236,0,500,650,2,576,0,0,106,0,78,4,3144,76,18744
2026/01/30,22:30,18206,0,9602,4214,0,510,520,2,574,0,0,106,0,6,4,2598,70,18206
2026/01/30,23:00,17986,0,9320,4230,0,498,506,2,578,0,0,124,0,84,4,2562,78,17986
2026/01/30,23:30,17632,0,8898,4216,0,476,478,2,572,0,0,118,0,2,4,2816,50,17632
2026/01/31,00:00,17014,0,8706,4228,0,472,468,2,576,0,0,112,0,4,6,2390,50,17014
2026/01/31,00:30,16708,0,8654,4208,0,498,466,2,574,0,0,132,0,2,2,2124,46,16708
2026/01/31,01:00,16418,0,8108,4238,0,484,460,0,578,0,0,142,0,4,2,2354,48,16418
2026/01/31,01:30,16286,0,8080,4214,0,484,462,2,576,0,0,166,0,2,0,2258,42,16286
2026/01/31,02:00,16206,0,7874,4240,0,488,462,2,576,0,0,182,0,4,0,2332,46,16206
2026/01/31,02:30,16120,0,8090,4210,0,506,466,2,576,0,0,196,0,2,0,2030,42,16120
2026/01/31,03:00,16044,0,7830,4236,0,520,448,2,576,0,0,200,0,2,0,2188,42,16044
2026/01/31,03:30,15878,0,7882,4210,0,484,442,2,576,0,0,204,0,4,0,2032,42,15878
2026/01/31,04:00,15670,0,7690,4242,0,484,436,2,572,0,0,202,0,4,0,1996,42,15670
2026/01/31,04:30,15528,0,7830,4214,0,500,430,2,574,0,0,200,0,2,0,1714,62,15528
2026/01/31,05:00,15608,0,7828,4240,0,484,420,2,574,0,0,190,0,4,0,1800,66,15608
2026/01/31,05:30,15596,0,7978,4214,0,438,430,2,572,0,0,186,0,2,0,1708,66,15596
2026/01/31,06:00,16058,0,8398,4238,0,422,422,2,576,0,0,146,0,4,2,1782,66,16058
2026/01/31,06:30,16242,0,8392,4214,0,426,408,2,570,10,0,118,0,2,0,2042,58,16242
2026/01/31,07:00,16862,0,8692,4242,0,452,420,2,568,262,0,110,0,4,2,2048,60,16862
2026/01/31,07:30,16894,0,8284,4218,0,434,414,0,568,1016,0,102,0,2,2,1796,58,16894
2026/01/31,08:00,17482,0,8816,4240,0,450,404,2,568,2020,0,106,0,2,2,814,58,17482
2026/01/31,08:30,17458,0,7708,4212,0,466,408,2,566,3156,0,100,0,4,0,776,60,17458
2026/01/31,09:00,17308,0,7000,4234,0,468,404,2,568,4272,0,118,0,88,0,92,62,17308
2026/01/31,09:30,16838,0,5352,4218,0,458,394,2,568,5140,0,136,0,328,0,180,62,16838
2026/01/31,10:00,16228,0,3962,4218,0,456,366,2,572,5904,0,146,0,78,2,490,32,16228
2026/01/31,10:30,15884,0,3296,4218,0,448,364,2,574,6270,0,162,0,-8,0,526,32,15884
2026/01/31,11:00,15348,0,2998,4132,0,462,362,2,576,6360,0,160,0,-328,0,594,30,15348
2026/01/31,11:30,15288,0,3216,3924,0,460,364,2,576,6490,0,158,0,-634,0,704,28,15288
2026/01/31,12:00,14932,0,3130,4054,0,444,364,2,574,6356,0,176,0,-878,0,686,24,14932
2026/01/31,12:30,14722,0,3158,4112,0,454,356,2,578,6136,0,178,0,-950,0,676,22,14722
2026/01/31,13:00,14630,0,2898,4120,0,458,358,2,580,5882,0,170,0,-904,2,1046,18,14630
2026/01/31,13:30,14474,0,3030,4206,0,480,358,0,580,5594,0,176,0,-904,0,938,16,14474
2026/01/31,14:00,14574,0,3350,4220,0,470,362,2,576,5284,0,172,0,-890,0,1008,20,14574
2026/01/31,14:30,14342,0,3584,4216,0,484,362,2,578,4418,0,186,0,-676,0,1170,18,14342
2026/01/31,15:00,14452,0,4150,4228,0,504,418,2,576,3316,0,188,0,-376,2,1428,16,14452
2026/01/31,15:30,14714,0,5258,4226,0,498,450,2,584,2248,0,192,0,-122,4,1356,18,14714
2026/01/31,16:00,14868,0,5704,4218,0,482,554,2,580,1196,0,208,0,84,2,1788,50,14868
2026/01/31,16:30,15714,0,7686,4218,0,468,610,2,580,372,0,216,0,64,2,1436,60,15714
2026/01/31,17:00,16202,0,7974,4236,0,462,682,2,578,12,0,228,0,182,20,1720,106,16202
2026/01/31,17:30,16924,0,8344,4220,0,472,704,2,584,0,0,216,0,386,22,1862,112,16924
2026/01/31,18:00,17134,0,8002,4232,0,466,698,2,582,0,0,202,0,610,22,2206,112,17134
2026/01/31,18:30,17072,0,8006,4224,0,466,696,2,576,0,0,178,0,622,6,2184,112,17072
2026/01/31,19:00,17006,0,7900,4238,0,478,692,2,582,0,0,158,0,632,6,2208,110,17006
2026/01/31,19:30,17032,0,8506,4232,0,464,696,2,576,0,0,134,0,660,14,1656,92,17032
2026/01/31,20:00,16926,0,8386,4238,0,484,644,0,578,0,0,138,0,678,16,1668,96,16926
2026/01/31,20:30,16714,0,8420,4240,0,518,606,2,576,0,0,146,0,668,10,1446,82,16714
2026/01/31,21:00,16590,0,8554,4236,0,478,530,2,576,0,0,140,0,498,8,1498,70,16590
2026/01/31,21:30,16244,0,8440,4228,0,460,502,2,570,0,0,142,0,446,0,1382,72,16244
2026/01/31,22:00,15830,0,8276,4240,0,456,450,2,570,0,0,128,0,510,2,1120,76,15830
2026/01/31,22:30,15212,0,7784,4234,0,466,440,2,572,0,0,130,0,210,0,1306,68,15212
2026/01/31,23:00,15188,0,8096,4244,0,458,400,2,568,0,0,148,0,158,2,1042,70,15188
2026/01/31,23:30,14958,0,7566,4234,0,434,384,2,570,0,0,136,0,480,2,1082,68,14958
