単位[MW平均],,,供給力,,,,,,,,,,,,,,,,
DATE,TIME,エリア需要,原子力,火力(LNG),火力(石炭),火力(石油),火力(その他),水力,地熱,バイオマス,太陽光発電実績,太陽光出力制御量,風力発電実績,風力出力制御量,揚水,蓄電池,連系線,その他,合計
2026/02/01,00:00,14592,0,6864,4236,0,438,424,2,572,0,0,144,0,252,0,1620,40,14592
2026/02/01,00:30,14236,0,6570,4232,0,438,416,2,570,0,0,156,0,14,0,1800,38,14236
2026/02/01,01:00,14112,0,6448,4244,0,440,418,2,574,0,0,156,0,4,0,1784,42,14112
2026/02/01,01:30,14008,0,6486,4228,0,444,422,2,570,0,0,142,0,2,2,1672,38,14008
2026/02/01,02:00,14124,0,6266,4232,0,476,424,2,570,0,0,150,0,2,0,1958,44,14124
2026/02/01,02:30,14128,0,6274,4224,0,532,422,0,568,0,0,160,0,4,0,1910,34,14128
2026/02/01,03:00,14096,0,6152,4226,0,524,384,2,572,0,0,154,0,4,0,2034,44,14096
2026/02/01,03:30,14134,0,6310,4222,0,526,376,2,568,0,0,154,0,2,0,1912,62,14134
2026/02/01,04:00,13874,0,5940,4232,0,532,338,2,566,0,0,164,0,2,0,2024,74,13874
2026/02/01,04:30,13840,0,6166,4226,0,536,336,2,566,0,0,170,0,4,0,1766,68,13840
2026/02/01,05:00,13916,0,5950,4232,0,534,356,2,566,0,0,172,0,4,0,2016,84,13916
2026/02/01,05:30,14040,0,6284,4224,0,530,354,2,566,0,0,176,0,2,0,1814,88,14040
2026/02/01,06:00,14322,0,6768,4226,0,528,356,2,566,0,0,174,0,4,2,1632,64,14322
2026/02/01,06:30,14664,0,7224,4226,0,520,354,2,568,6,0,162,0,2,0,1540,60,14664
2026/02/01,07:00,15048,0,7604,4230,0,524,362,2,566,206,0,172,0,102,0,1228,52,15048
2026/02/01,07:30,15296,0,6786,4224,0,526,360,2,566,956,0,166,0,234,0,1424,52,15296
2026/02/01,08:00,15512,0,6062,4230,0,518,380,2,568,2046,0,156,0,40,0,1460,50,15512
2026/02/01,08:30,15472,0,5026,4166,0,522,390,2,560,3150,0,154,0,-4,2,1454,50,15472
2026/02/01,09:00,15376,0,4496,3742,0,526,382,0,568,4140,0,164,0,-442,0,1776,24,15376
2026/02/01,09:30,15124,0,3828,3676,0,512,396,2,570,4930,0,176,0,-1160,0,2174,20,15124
2026/02/01,10:00,14764,0,2798,3598,0,508,348,2,566,5856,0,166,0,-1494,2,2392,22,14764
2026/02/01,10:30,14324,0,3116,3246,0,512,344,2,568,6392,0,176,0,-1660,0,1606,22,14324
2026/02/01,11:00,14258,0,3426,3060,0,498,340,2,566,6412,0,174,0,-1266,2,1022,22,14258
2026/02/01,11:30,13884,0,3194,3056,0,484,344,2,568,6396,0,188,0,-1184,0,816,20,13884
2026/02/01,12:00,13796,0,3114,3166,0,480,344,2,558,6294,0,172,0,-1254,0,896,24,13796
2026/02/01,12:30,13286,0,2848,2982,0,482,344,2,552,6206,0,172,0,-1178,0,860,16,13286
2026/02/01,13:00,13318,0,3078,3170,0,474,344,0,546,6032,0,172,0,-1140,2,616,24,13318
2026/02/01,13:30,13094,0,3198,3196,0,468,344,2,554,5562,0,178,0,-952,0,508,36,13094
2026/02/01,14:00,12964,0,3416,3044,0,464,350,2,556,5016,0,194,0,-524,2,396,48,12964
2026/02/01,14:30,13080,0,3952,3218,0,476,350,2,564,4094,0,184,0,-378,2,564,52,13080
2026/02/01,15:00,12950,0,3394,3632,0,480,372,2,564,3212,0,168,0,4,0,1064,58,12950
2026/02/01,15:30,13330,0,4332,3884,0,498,410,2,566,2110,0,160,0,56,2,1262,48,13330
2026/02/01,16:00,13620,0,5168,4028,0,522,492,2,568,1072,0,158,0,78,0,1454,78,13620
2026/02/01,16:30,14476,0,6650,4208,0,532,566,2,566,344,0,142,0,2,2,1380,82,14476
2026/02/01,17:00,15270,0,7592,4228,0,532,658,2,562,22,0,128,0,74,2,1388,82,15270
2026/02/01,17:30,16012,0,8430,4228,0,524,658,2,564,0,0,146,0,412,4,954,90,16012
2026/02/01,18:00,16170,0,8406,4228,0,524,710,2,564,0,0,156,0,338,2,1114,126,16170
2026/02/01,18:30,16420,0,8414,4224,0,526,708,2,564,0,0,152,0,546,2,1158,124,16420
2026/02/01,19:00,16330,0,8430,4232,0,530,704,2,568,0,0,134,0,588,2,1008,132,16330
2026/02/01,19:30,16438,0,8528,4228,0,532,708,0,558,0,0,126,0,532,4,1100,122,16438
2026/02/01,20:00,16264,0,8416,4232,0,524,672,2,564,0,0,134,0,318,2,1290,110,16264
2026/02/01,20:30,16206,0,8770,4224,0,528,632,2,560,0,0,128,0,238,2,1018,104,16206
2026/02/01,21:00,15946,0,8532,4230,0,534,502,2,562,0,0,120,0,368,0,990,106,15946
2026/02/01,21:30,15612,0,8300,4224,0,524,466,2,556,0,0,136,0,350,2,954,98,15612
2026/02/01,22:00,15130,0,8494,4230,0,510,372,2,558,0,0,144,0,188,0,554,78,15130
2026/02/01,22:30,14696,0,7808,4226,0,506,358,2,558,0,0,132,0,2,2,1030,72,14696
2026/02/01,23:00,14344,0,7282,4228,0,476,360,2,566,0,0,118,0,4,0,1232,76,14344
2026/02/01,23:30,14140,0,7016,4232,0,480,352,2,558,0,0,126,0,2,2,1298,72,14140
2026/02/02,00:00,13878,0,6654,4224,0,486,354,2,564,0,0,154,0,-172,0,1566,46,13878
2026/02/02,00:30,13500,0,6500,4222,0,468,358,2,558,0,0,180,0,-382,2,1546,46,13500
2026/02/02,01:00,13622,0,6760,4232,0,488,352,2,558,0,0,184,0,-382,0,1384,44,13622
2026/02/02,01:30,13734,0,6836,4228,0,462,346,2,558,0,0,190,0,-376,0,1452,36,13734
2026/02/02,02:00,13694,0,6592,4230,0,450,344,2,556,0,0,176,0,-384,2,1686,40,13694
2026/02/02,02:30,13914,0,7180,4226,0,460,348,0,556,0,0,170,0,-378,0,1314,38,13914
2026/02/02,03:00,13872,0,6528,4234,0,468,390,2,554,0,0,142,0,-380,0,1894,40,13872
2026/02/02,03:30,14000,0,6768,4216,0,458,398,2,550,0,0,144,0,-378,0,1806,36,14000
2026/02/02,04:00,13838,0,6352,4230,0,484,382,2,556,0,0,152,0,-188,2,1822,44,13838
2026/02/02,04:30,14162,0,6408,4230,0,512,390,2,550,0,0,152,0,2,0,1874,42,14162
2026/02/02,05:00,14552,0,6626,4226,0,488,448,2,558,0,0,168,0,4,0,1984,48,14552
2026/02/02,05:30,15252,0,7636,4228,0,476,464,2,562,0,0,180,0,2,0,1634,68,15252
2026/02/02,06:00,16236,0,8058,4234,0,466,486,2,566,0,0,156,0,4,2,2192,70,16236
2026/02/02,06:30,17576,0,8738,4220,0,458,490,2,560,8,0,134,0,2,6,2890,68,17576
2026/02/02,07:00,18462,0,8946,4226,0,464,542,2,564,244,0,118,0,262,12,3014,68,18462
2026/02/02,07:30,19210,0,9030,4226,0,450,548,2,562,1130,0,106,0,450,12,2628,66,19210
2026/02/02,08:00,20224,0,9328,4234,0,458,458,2,574,2420,0,114,0,676,10,1886,64,20224
2026/02/02,08:30,20698,0,8616,4220,0,484,470,2,572,3552,0,112,0,358,6,2250,56,20698
2026/02/02,09:00,20940,0,7280,4230,0,458,460,0,566,4922,0,102,0,98,2,2778,44,20940
2026/02/02,09:30,20646,0,7314,4224,2,460,456,2,572,5834,0,110,0,100,2,1536,34,20646
2026/02/02,10:00,20244,0,6458,4230,0,458,430,2,568,6570,0,120,0,104,2,1252,50,20244
2026/02/02,10:30,19858,0,5884,4222,0,440,418,2,572,6852,0,128,0,106,0,1192,42,19858
2026/02/02,11:00,19750,0,5476,4230,0,452,410,2,578,7062,0,132,0,82,2,1278,46,19750
2026/02/02,11:30,19214,0,5868,4228,0,462,408,2,588,6718,0,128,0,-240,2,1004,46,19214
2026/02/02,12:00,18394,0,5996,4228,0,462,406,2,594,6628,0,130,0,-528,2,422,52,18394
2026/02/02,12:30,18208,0,6178,4224,0,458,404,2,600,6454,0,132,0,-678,2,386,46,18208
2026/02/02,13:00,18772,0,6180,4232,0,456,418,2,594,6142,0,120,0,-378,2,952,52,18772
2026/02/02,13:30,19156,0,5966,4222,0,476,428,2,600,6056,0,104,0,-88,0,1338,52,19156
2026/02/02,14:00,19092,0,6642,4228,0,442,426,2,594,5406,0,106,0,2,2,1180,62,19092
2026/02/02,14:30,18686,0,7424,4226,0,442,436,2,594,4304,0,112,0,4,0,1088,54,18686
2026/02/02,15:00,18550,0,7876,4236,0,460,448,0,594,3422,0,102,0,20,2,1320,70,18550
2026/02/02,15:30,18862,0,9522,4212,0,486,496,2,598,2332,0,102,0,44,0,998,70,18862
2026/02/02,16:00,19202,0,9696,4224,0,512,646,2,594,1178,0,82,0,30,2,2156,80,19202
2026/02/02,16:30,19490,0,10800,4222,0,498,700,2,594,366,0,72,0,366,12,1780,78,19490
2026/02/02,17:00,19718,0,10550,4240,0,478,868,2,596,22,0,64,0,636,14,2114,134,19718
2026/02/02,17:30,20066,0,10886,4220,0,494,940,2,596,0,0,64,0,484,12,2234,134,20066
2026/02/02,18:00,20158,0,10910,4232,0,440,926,2,598,0,0,66,0,420,12,2412,140,20158
2026/02/02,18:30,20014,0,10848,4224,0,430,928,2,596,0,0,70,0,404,12,2366,134,20014
2026/02/02,19:00,19692,0,10680,4232,0,422,852,2,598,0,0,64,0,384,4,2320,134,19692
2026/02/02,19:30,19486,0,10604,4220,0,432,856,2,596,0,0,58,0,220,0,2364,134,19486
2026/02/02,20:00,19472,0,10308,4232,0,430,768,2,602,0,0,54,0,66,0,2880,130,19472
2026/02/02,20:30,19398,0,10366,4220,0,424,716,2,602,0,0,52,0,4,0,2906,106,19398
2026/02/02,21:00,19008,0,10308,4236,0,428,572,2,608,0,0,48,0,72,0,2624,110,19008
2026/02/02,21:30,18542,0,9802,4218,0,420,546,0,606,0,0,38,0,106,0,2706,100,18542
2026/02/02,22:00,18208,0,8892,4224,0,418,540,2,608,0,0,58,0,16,2,3344,104,18208
2026/02/02,22:30,17556,0,8754,4218,0,424,510,2,606,0,0,110,0,2,0,2858,72,17556
2026/02/02,23:00,17286,0,8438,4230,0,422,430,2,610,0,0,118,0,4,0,2952,80,17286
2026/02/02,23:30,16930,0,7998,4226,0,420,410,2,604,0,0,80,0,2,0,3116,72,16930
2026/02/03,00:00,16460,0,7574,4232,0,434,330,2,600,0,0,76,0,-98,0,3222,88,16460
2026/02/03,00:30,15986,0,7184,4218,0,468,326,2,604,0,0,74,0,-158,0,3180,88,15986
2026/02/03,01:00,15958,0,7204,4232,0,490,378,2,608,0,0,90,0,-446,0,3304,96,15958
2026/02/03,01:30,15974,0,7402,4222,0,444,372,2,604,0,0,110,0,-616,0,3346,88,15974
2026/02/03,02:00,15880,0,7356,4236,0,462,368,0,606,0,0,128,0,-618,2,3278,62,15880
2026/02/03,02:30,16002,0,7728,4220,0,470,366,2,596,0,0,160,0,-552,0,2954,58,16002
2026/02/03,03:00,15928,0,7434,4234,0,468,368,2,600,0,0,172,0,-386,2,2968,66,15928
2026/02/03,03:30,15980,0,7722,4220,0,488,360,2,598,0,0,180,0,-264,0,2614,60,15980
2026/02/03,04:00,15920,0,7456,4234,0,492,362,2,596,0,0,186,0,4,0,2514,74,15920
2026/02/03,04:30,15960,0,7676,4218,0,468,364,2,594,0,0,200,0,2,0,2370,66,15960
2026/02/03,05:00,16432,0,7532,4234,0,450,398,2,594,0,0,218,0,4,0,2912,88,16432
2026/02/03,05:30,16992,0,8568,4224,0,424,392,2,594,0,0,210,0,58,0,2422,98,16992
2026/02/03,06:00,17802,0,9226,4228,0,416,412,2,594,0,0,194,0,732,2,1906,90,17802
2026/02/03,06:30,18960,0,9762,4228,0,426,402,2,590,8,0,194,0,1130,6,2120,92,18960
2026/02/03,07:00,19516,0,9718,4238,0,426,504,2,592,306,0,182,0,742,20,2700,86,19516
2026/02/03,07:30,20036,0,9958,4214,0,440,538,2,590,1206,0,176,0,734,12,2080,86,20036
2026/02/03,08:00,20976,0,10254,4232,0,448,566,0,590,2426,0,180,0,888,12,1288,92,20976
2026/02/03,08:30,21522,0,9866,4222,0,472,570,2,586,3670,0,178,0,596,6,1274,80,21522
2026/02/03,09:00,21488,0,8622,4228,0,424,504,2,588,4796,0,180,0,336,4,1756,48,21488
2026/02/03,09:30,21116,0,7198,4226,0,414,514,2,586,5744,0,178,0,132,2,2072,48,21116
2026/02/03,10:00,20462,0,5858,4228,0,416,438,2,590,6234,0,182,0,110,2,2350,52,20462
2026/02/03,10:30,20092,0,5108,4232,0,408,438,2,594,6732,0,192,0,-202,2,2544,42,20092
2026/02/03,11:00,19742,0,4920,4234,0,420,466,2,594,7062,0,188,0,-536,2,2344,46,19742
2026/02/03,11:30,19472,0,5260,4226,0,412,468,2,580,7408,0,180,0,-800,2,1694,40,19472
2026/02/03,12:00,18270,0,4850,4232,0,430,422,2,582,7646,0,170,0,-1092,0,988,40,18270
2026/02/03,12:30,17952,0,4648,4224,0,430,420,2,574,7724,0,168,0,-1122,2,844,38,17952
2026/02/03,13:00,18620,0,5218,4236,0,416,426,2,584,7636,0,162,0,-920,0,820,40,18620
2026/02/03,13:30,18744,0,5808,4226,0,426,430,0,588,7228,0,148,0,-788,2,636,40,18744
2026/02/03,14:00,18682,0,5822,4232,0,418,434,2,596,6578,0,138,0,-538,0,960,40,18682
2026/02/03,14:30,18504,0,6180,4230,0,420,452,2,598,5640,0,154,0,-340,2,1126,40,18504
2026/02/03,15:00,18418,0,6716,4228,0,424,550,2,592,4444,0,164,0,4,0,1246,48,18418
2026/02/03,15:30,18668,0,8042,4226,0,424,576,2,598,3040,0,164,0,122,2,1414,58,18668
2026/02/03,16:00,19010,0,8578,4234,0,420,792,2,594,1654,0,174,0,120,4,2352,86,19010
2026/02/03,16:30,19368,0,9344,4218,0,426,830,2,594,538,0,194,0,100,12,3024,86,19368
2026/02/03,17:00,19504,0,9664,4232,0,424,866,2,594,28,0,186,0,2,12,3370,124,19504
2026/02/03,17:30,19938,0,10174,4222,0,448,944,2,598,0,0,194,0,196,14,3016,130,19938
2026/02/03,18:00,19998,0,10228,4228,0,442,948,2,598,0,0,180,0,546,10,2682,134,19998
2026/02/03,18:30,19930,0,10236,4228,0,450,940,2,600,0,0,136,0,582,10,2618,128,19930
2026/02/03,19:00,19676,0,10114,4228,0,442,958,2,598,0,0,126,0,496,4,2576,132,19676
2026/02/03,19:30,19448,0,9984,4226,0,430,934,2,598,0,0,108,0,622,0,2418,126,19448
2026/02/03,20:00,19728,0,9868,4226,0,456,840,2,596,0,0,112,0,862,4,2654,108,19728
2026/02/03,20:30,19560,0,9740,4230,0,452,786,0,592,0,0,98,0,1002,0,2554,106,19560
2026/02/03,21:00,19260,0,9604,4224,0,426,584,2,600,0,0,88,0,916,2,2726,88,19260
2026/02/03,21:30,18768,0,9156,4230,0,444,538,2,596,0,0,78,0,220,0,3416,88,18768
2026/02/03,22:00,18418,0,9332,4220,0,424,496,2,600,0,0,76,0,70,0,3136,62,18418
2026/02/03,22:30,17788,0,8618,4230,0,450,444,2,596,0,0,70,0,4,0,3324,50,17788
2026/02/03,23:00,17630,0,8742,4228,0,448,370,2,598,0,0,60,0,4,2,3130,46,17630
2026/02/03,23:30,17196,0,8374,4222,0,422,370,2,600,0,0,60,0,2,0,3098,46,17196
2026/02/04,00:00,16728,0,8308,4230,0,412,316,2,600,0,0,56,0,4,0,2756,44,16728
2026/02/04,00:30,16430,0,8444,4226,0,422,312,0,598,0,0,44,0,-2,4,2342,40,16430
2026/02/04,01:00,16330,0,8494,4222,0,424,310,2,600,0,0,44,0,-184,2,2368,48,16330
2026/02/04,01:30,16348,0,8538,4222,0,416,316,2,600,0,0,42,0,-422,0,2594,40,16348
2026/02/04,02:00,16232,0,8506,4218,0,430,358,2,596,0,0,40,0,-462,2,2498,44,16232
2026/02/04,02:30,16460,0,8680,4220,0,420,362,2,592,0,0,42,0,-268,0,2372,38,16460
2026/02/04,03:00,16266,0,8130,4222,0,438,352,2,596,0,0,36,0,-234,0,2680,44,16266
2026/02/04,03:30,16362,0,8700,4214,0,422,346,2,592,0,0,50,0,-240,0,2232,44,16362
2026/02/04,04:00,16204,0,8764,4226,0,430,350,2,590,0,0,66,0,-560,0,2286,50,16204
2026/02/04,04:30,16358,0,9038,4228,0,418,352,2,596,0,0,62,0,-690,2,2306,44,16358
2026/02/04,05:00,16694,0,8768,4230,0,432,382,2,596,0,0,62,0,-682,0,2854,50,16694
2026/02/04,05:30,17314,0,8964,4224,0,428,390,2,590,0,0,68,0,-388,0,2980,56,17314
2026/02/04,06:00,18312,0,9610,4232,0,418,440,2,596,0,0,62,0,110,2,2764,76,18312
2026/02/04,06:30,19452,0,10246,4224,0,426,438,2,592,8,0,64,0,824,8,2532,88,19452
2026/02/04,07:00,19972,0,10104,4224,0,422,510,0,590,332,0,68,0,774,10,2842,96,19972
2026/02/04,07:30,20518,0,9876,4224,0,434,504,2,596,1346,0,72,0,602,12,2754,96,20518
2026/02/04,08:00,21428,0,10076,4234,0,466,542,2,592,2704,0,60,0,874,6,1782,90,21428
2026/02/04,08:30,21810,0,10048,4220,0,462,550,2,590,4014,0,64,0,644,2,1136,78,21810
2026/02/04,09:00,21762,0,8616,4230,0,438,506,2,592,5268,0,52,0,86,0,1928,44,21762
2026/02/04,09:30,21162,0,7200,4222,0,462,490,2,586,6296,0,56,0,10,0,1794,44,21162
2026/02/04,10:00,20484,0,5072,4236,0,484,450,2,588,7044,0,48,0,2,0,2516,42,20484
2026/02/04,10:30,19906,0,4252,4050,0,510,376,2,588,7638,0,44,0,-140,0,2544,42,19906
2026/02/04,11:00,19366,0,4964,3670,0,520,352,2,594,8004,0,52,0,-796,0,1962,42,19366
2026/02/04,11:30,19046,0,5496,4092,0,510,350,2,584,8214,0,56,0,-1164,2,866,38,19046
2026/02/04,12:00,17912,0,4626,4206,0,504,352,2,576,8212,0,52,0,-1482,0,830,34,17912
2026/02/04,12:30,17482,0,4356,4222,0,512,360,2,578,8030,0,62,0,-1520,0,846,34,17482
2026/02/04,13:00,18060,0,5162,4228,0,498,378,2,582,7718,0,66,0,-1510,2,894,40,18060
2026/02/04,13:30,18054,0,5062,4224,0,498,384,0,590,7100,0,58,0,-794,2,892,38,18054
2026/02/04,14:00,17960,0,5248,4234,0,468,438,2,592,6386,0,54,0,-352,2,852,36,17960
2026/02/04,14:30,17918,0,6152,4230,0,464,434,2,598,5344,0,54,0,-234,2,840,32,17918
2026/02/04,15:00,17674,0,6504,4220,0,478,456,2,594,4060,0,48,0,2,2,1258,50,17674
2026/02/04,15:30,18068,0,7838,4222,0,482,470,2,600,2670,0,48,0,8,4,1670,54,18068
2026/02/04,16:00,18282,0,8490,4230,0,476,712,2,596,1394,0,40,0,50,2,2214,76,18282
2026/02/04,16:30,18418,0,8978,4228,0,468,748,2,600,472,0,38,0,44,12,2730,98,18418
2026/02/04,17:00,18740,0,9460,4232,0,468,786,2,602,30,0,44,0,476,14,2522,104,18740
2026/02/04,17:30,19042,0,9284,4226,0,466,826,2,602,0,0,56,0,714,12,2724,130,19042
2026/02/04,18:00,19214,0,9486,4222,0,462,836,2,600,0,0,62,0,792,10,2614,128,19214
2026/02/04,18:30,19080,0,9414,4232,0,450,836,2,602,0,0,60,0,774,6,2584,120,19080
2026/02/04,19:00,18712,0,9418,4230,0,452,830,2,602,0,0,70,0,604,4,2378,122,18712
2026/02/04,19:30,18562,0,9514,4226,0,442,832,2,604,0,0,66,0,580,2,2174,120,18562
2026/02/04,20:00,18588,0,9216,4226,0,444,704,2,598,0,0,58,0,400,0,2830,110,18588
2026/02/04,20:30,18524,0,9334,4226,0,442,664,0,604,0,0,58,0,716,0,2380,100,18524
2026/02/04,21:00,18148,0,9016,4230,0,442,562,2,604,0,0,74,0,808,2,2314,94,18148
2026/02/04,21:30,17816,0,9200,4230,0,448,524,2,598,0,0,94,0,508,0,2118,94,17816
2026/02/04,22:00,17404,0,8944,4214,0,444,468,2,600,0,0,92,0,272,0,2306,62,17404
2026/02/04,22:30,16836,0,8908,4194,0,452,450,2,598,0,0,76,0,48,2,2054,52,16836
2026/02/04,23:00,16692,0,8688,4156,0,456,444,2,600,0,0,64,0,288,0,1938,56,16692
2026/02/04,23:30,16174,0,8196,4146,0,426,432,2,602,0,0,60,0,2,2,2256,50,16174
2026/02/05,00:00,15876,0,7768,4212,0,418,314,2,598,0,0,42,0,4,0,2458,60,15876
2026/02/05,00:30,15390,0,7420,4226,0,414,312,2,598,0,0,52,0,2,0,2310,54,15390
2026/02/05,01:00,15476,0,7380,4230,0,434,310,2,594,0,0,46,0,4,2,2400,74,15476
2026/02/05,01:30,15504,0,7470,4218,0,412,302,2,592,0,0,56,0,2,0,2380,70,15504
2026/02/05,02:00,15490,0,7542,4236,0,408,338,2,586,0,0,58,0,4,0,2268,48,15490
2026/02/05,02:30,15606,0,7686,4226,0,416,338,0,586,0,0,50,0,2,0,2254,48,15606
2026/02/05,03:00,15550,0,7384,4232,0,416,340,2,578,0,0,40,0,4,0,2518,36,15550
2026/02/05,03:30,15470,0,7670,4212,0,430,332,2,560,0,0,48,0,2,2,2176,36,15470
2026/02/05,04:00,15742,0,7730,4238,0,432,342,2,564,0,0,46,0,4,0,2344,40,15742
2026/02/05,04:30,15638,0,7680,4214,0,438,334,2,566,0,0,46,0,2,0,2322,34,15638
2026/02/05,05:00,16188,0,8124,4240,0,424,366,2,564,0,0,42,0,4,0,2382,40,16188
2026/02/05,05:30,16488,0,8146,4218,0,432,374,2,566,0,0,48,0,130,2,2528,42,16488
2026/02/05,06:00,17556,0,8848,4238,0,438,494,2,562,0,0,50,0,270,0,2578,76,17556
2026/02/05,06:30,18344,0,9284,4210,0,424,496,2,562,12,0,48,0,384,4,2840,78,18344
2026/02/05,07:00,18896,0,9260,4244,0,430,524,2,560,344,0,42,0,688,10,2704,88,18896
2026/02/05,07:30,19312,0,8956,4220,0,408,530,2,562,1238,0,38,0,456,8,2810,84,19312
2026/02/05,08:00,20182,0,8826,4236,0,402,554,2,562,2374,0,36,0,880,6,2214,90,20182
2026/02/05,08:30,20734,0,8936,4222,0,406,564,2,562,3564,0,48,0,810,2,1540,78,20734
2026/02/05,09:00,20802,0,8784,4234,0,396,522,0,562,4686,0,44,0,632,2,888,52,20802
2026/02/05,09:30,20340,0,8154,4218,0,398,506,2,554,5380,0,32,0,118,2,930,46,20340
2026/02/05,10:00,19756,0,6172,4226,0,392,410,2,554,5698,0,42,0,-74,2,2268,64,19756
2026/02/05,10:30,19078,0,5496,4220,0,392,378,2,562,5896,0,52,0,-232,0,2256,56,19078
2026/02/05,11:00,18792,0,5308,4236,0,394,368,2,560,6108,0,58,0,-230,2,1926,60,18792
2026/02/05,11:30,18600,0,5092,4226,0,400,354,2,562,6308,0,60,0,-428,2,1972,50,18600
2026/02/05,12:00,17376,0,4652,4212,0,408,374,2,564,5988,0,70,0,-836,0,1902,40,17376
2026/02/05,12:30,17080,0,4158,4000,0,398,364,2,566,5842,0,64,0,-1060,2,2710,34,17080
2026/02/05,13:00,17686,0,4782,4098,0,400,358,2,562,5460,0,66,0,-938,0,2856,40,17686
2026/02/05,13:30,17726,0,4630,4120,0,404,368,2,564,5232,0,64,0,-816,2,3120,36,17726
2026/02/05,14:00,17630,0,4582,3810,0,410,388,2,560,4894,0,66,0,-824,0,3706,36,17630
2026/02/05,14:30,17430,0,5846,4140,0,410,372,2,560,3846,0,54,0,-368,2,2532,34,17430
2026/02/05,15:00,17286,0,6276,4242,0,424,400,2,560,3202,0,52,0,4,2,2086,36,17286
2026/02/05,15:30,17356,0,7462,4232,0,436,430,2,566,2078,0,46,0,2,2,2064,36,17356
2026/02/05,16:00,17632,0,8564,4242,0,444,640,0,564,1018,0,52,0,108,0,1940,60,17632
2026/02/05,16:30,17814,0,9104,4222,0,450,742,2,564,390,0,52,0,426,10,1790,62,17814
2026/02/05,17:00,18168,0,9456,4240,0,434,848,2,558,34,0,62,0,662,14,1756,102,18168
2026/02/05,17:30,18500,0,9392,4188,0,444,898,2,566,0,0,74,0,586,10,2240,100,18500
2026/02/05,18:00,18560,0,9484,4194,0,430,894,2,562,0,0,74,0,622,12,2180,106,18560
2026/02/05,18:30,18378,0,9406,4140,0,430,894,2,566,0,0,70,0,614,10,2148,98,18378
2026/02/05,19:00,18212,0,9534,4132,0,424,902,2,566,0,0,72,0,854,6,1618,102,18212
2026/02/05,19:30,17974,0,9464,4076,0,434,900,2,572,0,0,64,0,612,2,1746,102,17974
2026/02/05,20:00,17872,0,9196,4072,0,492,782,2,566,0,0,60,0,592,0,2026,84,17872
2026/02/05,20:30,17806,0,9450,4172,0,474,704,2,574,0,0,78,0,688,0,1600,64,17806
2026/02/05,21:00,17544,0,9440,4234,0,480,516,2,568,0,0,74,0,570,2,1592,66,17544
2026/02/05,21:30,17056,0,8734,4216,0,452,456,2,574,0,0,76,0,158,0,2326,62,17056
2026/02/05,22:00,16812,0,8868,4244,0,446,434,0,564,0,0,76,0,158,0,1978,44,16812
2026/02/05,22:30,16264,0,8650,4208,0,460,428,2,570,0,0,70,0,200,0,1652,24,16264
2026/02/05,23:00,16074,0,8444,4240,0,476,402,2,566,0,0,58,0,36,2,1816,32,16074
2026/02/05,23:30,15630,0,8284,4230,0,458,390,2,570,0,0,62,0,2,0,1610,22,15630
2026/02/06,00:00,15220,0,7304,4224,0,466,314,2,568,0,0,60,0,2,2,2252,26,15220
2026/02/06,00:30,14856,0,7098,4216,0,480,316,2,566,0,0,62,0,4,0,2090,22,14856
2026/02/06,01:00,14882,0,6724,4238,0,496,312,2,566,0,0,78,0,2,0,2432,32,14882
2026/02/06,01:30,14768,0,6650,4216,0,476,292,2,566,0,0,104,0,4,0,2422,36,14768
2026/02/06,02:00,14862,0,6688,4238,0,490,312,2,564,0,0,108,0,4,0,2416,40,14862
2026/02/06,02:30,14892,0,6708,4214,0,488,304,2,564,0,0,118,0,2,0,2450,42,14892
2026/02/06,03:00,15088,0,7322,4242,0,510,300,0,568,0,0,114,0,4,2,1976,50,15088
2026/02/06,03:30,14940,0,7330,4210,0,498,310,2,564,0,0,122,0,2,0,1856,46,14940
2026/02/06,04:00,15176,0,7396,4234,0,486,358,2,562,0,0,128,0,4,0,1952,54,15176
2026/02/06,04:30,15172,0,7322,4220,0,486,352,2,562,0,0,132,0,2,2,2034,58,15172
2026/02/06,05:00,15554,0,7482,4236,0,502,384,2,564,0,0,126,0,4,0,2190,64,15554
2026/02/06,05:30,15946,0,7878,4216,0,498,388,2,562,0,0,108,0,86,0,2150,58,15946
2026/02/06,06:00,16916,0,8674,4234,0,478,528,2,570,0,0,114,0,156,2,2100,58,16916
2026/02/06,06:30,17670,0,9070,4218,0,478,530,2,564,10,0,120,0,450,0,2170,58,17670
2026/02/06,07:00,18320,0,8748,4238,0,490,538,2,566,296,0,140,0,792,2,2444,64,18320
2026/02/06,07:30,18632,0,8492,4218,0,488,542,2,566,924,0,148,0,658,12,2522,60,18632
2026/02/06,08:00,19454,0,8964,4238,0,492,576,2,562,1610,0,136,0,1026,0,1788,60,19454
2026/02/06,08:30,20184,0,8964,4214,0,486,582,2,560,2412,0,138,0,992,0,1776,58,20184
2026/02/06,09:00,20356,0,8308,4238,0,466,592,0,556,3252,0,144,0,522,2,2242,34,20356
2026/02/06,09:30,19894,0,8030,4214,0,462,586,2,560,3710,0,136,0,404,0,1760,30,19894
2026/02/06,10:00,19534,0,6446,4238,0,448,474,2,546,4926,0,130,0,10,0,2274,40,19534
2026/02/06,10:30,19194,0,6226,4216,0,450,436,2,558,5572,0,124,0,4,0,1570,36,19194
2026/02/06,11:00,18756,0,5438,4238,0,472,384,2,556,6108,0,120,0,2,0,1400,36,18756
2026/02/06,11:30,18306,0,4464,4214,0,478,386,2,566,6198,0,134,0,-124,2,1954,32,18306
2026/02/06,12:00,17388,0,4416,4238,0,470,390,2,564,6184,0,164,0,-990,0,1918,32,17388
2026/02/06,12:30,16990,0,5062,4218,0,480,386,2,566,5374,0,188,0,-754,2,1438,28,16990
2026/02/06,13:00,17536,0,5160,4234,0,484,396,2,566,4602,0,186,0,-42,0,1910,38,17536
2026/02/06,13:30,17786,0,5132,4220,0,466,400,2,564,4122,0,156,0,4,2,2680,38,17786
2026/02/06,14:00,17624,0,4904,4232,0,474,402,2,566,3636,0,162,0,2,0,3200,44,17624
2026/02/06,14:30,17668,0,5210,4218,0,474,402,2,566,3452,0,156,0,-116,0,3262,42,17668
2026/02/06,15:00,17302,0,6332,4238,0,514,404,2,564,2784,0,154,0,-234,0,2496,48,17302
2026/02/06,15:30,17604,0,7100,4214,0,496,454,2,568,2116,0,162,0,-152,2,2600,42,17604
2026/02/06,16:00,17732,0,7648,4238,0,474,702,0,564,1188,0,146,0,2,2,2702,66,17732
2026/02/06,16:30,17766,0,8876,4218,0,466,754,2,570,364,0,138,0,4,10,2292,72,17766
2026/02/06,17:00,17986,0,9278,4232,0,462,810,2,564,30,0,144,0,22,10,2332,100,17986
2026/02/06,17:30,18266,0,9234,4212,0,472,848,2,574,0,0,162,0,116,12,2528,106,18266
2026/02/06,18:00,18318,0,8920,4242,0,452,850,2,566,0,0,168,0,182,14,2812,110,18318
2026/02/06,18:30,18172,0,9024,4218,0,458,854,2,570,0,0,186,0,180,4,2570,106,18172
2026/02/06,19:00,17818,0,8748,4238,0,442,862,2,570,0,0,206,0,48,2,2592,108,17818
2026/02/06,19:30,17718,0,8904,4214,0,472,868,2,572,0,0,208,0,4,0,2360,114,17718
2026/02/06,20:00,17636,0,8742,4236,0,464,730,2,572,0,0,206,0,2,2,2580,100,17636
2026/02/06,20:30,17532,0,8906,4218,0,482,620,2,570,0,0,156,0,4,0,2496,78,17532
2026/02/06,21:00,17334,0,8926,4240,0,474,528,2,572,0,0,150,0,4,2,2360,76,17334
2026/02/06,21:30,16814,0,8844,4212,0,464,452,2,568,0,0,152,0,2,0,2040,78,16814
2026/02/06,22:00,16662,0,8540,4234,0,458,396,2,570,0,0,150,0,4,2,2256,50,16662
2026/02/06,22:30,16212,0,8456,4218,0,486,388,0,562,0,0,168,0,2,0,1878,54,16212
2026/02/06,23:00,15884,0,8306,4242,0,456,334,2,570,0,0,176,0,4,2,1736,56,15884
2026/02/06,23:30,15698,0,8316,4220,0,440,336,2,566,0,0,178,0,2,0,1586,52,15698
2026/02/07,00:00,15168,0,7222,4230,0,476,326,2,568,0,0,186,0,4,2,2084,68,15168
2026/02/07,00:30,14686,0,7038,4214,0,464,328,2,566,0,0,184,0,-2,2,1830,60,14686
2026/02/07,01:00,14726,0,7114,4248,0,434,334,2,568,0,0,206,0,-152,2,1892,78,14726
2026/02/07,01:30,14392,0,6806,4208,0,422,324,2,562,0,0,210,0,-238,0,2028,68,14392
2026/02/07,02:00,14540,0,7010,4238,0,430,372,2,564,0,0,182,0,-232,0,1930,44,14540
2026/02/07,02:30,14438,0,7058,4216,0,440,364,0,560,0,0,188,0,-238,0,1806,44,14438
2026/02/07,03:00,14562,0,7200,4238,0,428,360,2,564,0,0,186,0,-232,0,1782,34,14562
2026/02/07,03:30,14346,0,6916,4216,0,428,356,2,564,0,0,186,0,-234,0,1878,34,14346
2026/02/07,04:00,14416,0,7010,4234,0,434,360,2,564,0,0,188,0,-232,2,1816,38,14416
2026/02/07,04:30,14218,0,6764,4216,0,424,358,2,558,0,0,174,0,-238,0,1924,36,14218
2026/02/07,05:00,14376,0,6816,4234,0,426,358,2,560,0,0,180,0,-232,0,1996,36,14376
2026/02/07,05:30,14176,0,6548,4216,0,434,362,2,558,0,0,182,0,-234,0,2076,32,14176
2026/02/07,06:00,14476,0,6816,4244,0,442,420,2,562,0,0,176,0,-234,0,2006,42,14476
2026/02/07,06:30,14598,0,6958,4208,0,464,444,2,558,0,0,164,0,-232,4,1992,36,14598
2026/02/07,07:00,14978,0,7438,4246,0,432,510,2,558,30,0,148,0,-232,6,1782,58,14978
2026/02/07,07:30,15326,0,7802,4210,0,436,504,2,556,168,0,130,0,-82,6,1530,64,15326
2026/02/07,08:00,16082,0,8186,4242,0,432,516,2,554,344,0,148,0,4,2,1588,64,16082
2026/02/07,08:30,16574,0,8686,4212,0,444,516,2,558,528,0,150,0,2,0,1414,62,16574
2026/02/07,09:00,16810,0,8700,4238,0,440,446,0,560,712,0,144,0,124,2,1380,64,16810
2026/02/07,09:30,16880,0,8266,4210,0,436,436,2,556,914,0,120,0,492,2,1382,64,16880
2026/02/07,10:00,16866,0,7766,4238,0,414,392,2,562,1070,0,110,0,928,2,1344,38,16866
2026/02/07,10:30,16526,0,7248,4218,0,406,368,2,558,1356,0,98,0,906,0,1330,36,16526
2026/02/07,11:00,16416,0,6638,4234,0,438,318,2,562,1788,0,88,0,904,2,1410,32,16416
2026/02/07,11:30,15958,0,5844,4212,0,464,316,2,558,2594,0,66,0,362,0,1504,36,15958
2026/02/07,12:00,15736,0,5030,4242,0,424,306,2,560,3724,0,34,0,16,0,1360,38,15736
2026/02/07,12:30,15164,0,4822,4216,0,424,306,2,548,3418,0,34,0,2,2,1358,32,15164
2026/02/07,13:00,15140,0,4680,4234,0,402,308,2,556,3454,0,32,0,118,0,1320,34,15140
2026/02/07,13:30,14958,0,4286,4216,0,408,292,2,564,3868,0,30,0,-36,0,1292,36,14958
2026/02/07,14:00,14768,0,4202,4242,0,412,310,2,564,4064,0,24,0,-348,2,1256,38,14768
2026/02/07,14:30,14464,0,4566,4214,0,434,298,2,560,3456,0,34,0,-474,2,1340,32,14464
2026/02/07,15:00,14366,0,4934,4234,0,442,356,2,562,2628,0,46,0,-220,2,1348,32,14366
2026/02/07,15:30,14512,0,5420,4210,0,436,376,0,564,1978,0,60,0,2,2,1442,22,14512
2026/02/07,16:00,14794,0,6028,4236,0,430,452,2,562,1168,0,48,0,4,0,1818,46,14794
2026/02/07,16:30,15022,0,7212,4216,0,440,496,2,564,432,0,40,0,2,0,1572,46,15022
2026/02/07,17:00,15592,0,8650,4234,0,438,592,2,568,34,0,44,0,46,12,886,86,15592
2026/02/07,17:30,16296,0,9392,4220,0,446,696,2,566,0,0,46,0,184,12,638,94,16296
2026/02/07,18:00,16446,0,9374,4238,0,452,806,2,568,0,0,44,0,172,12,680,98,16446
2026/02/07,18:30,16528,0,9436,4214,0,440,806,2,562,0,0,44,0,164,18,750,92,16528
2026/02/07,19:00,16512,0,9258,4236,0,440,796,2,562,0,0,40,0,284,20,774,100,16512
2026/02/07,19:30,16288,0,9336,4218,0,490,800,2,562,0,0,40,0,294,22,430,94,16288
2026/02/07,20:00,16336,0,9318,4234,0,456,708,2,570,0,0,26,0,286,16,648,72,16336
2026/02/07,20:30,16014,0,9164,4214,0,450,684,0,566,0,0,26,0,54,8,790,58,16014
2026/02/07,21:00,15976,0,9144,4238,0,478,620,2,566,0,0,36,0,4,6,822,60,15976
2026/02/07,21:30,15338,0,8106,4214,0,440,596,2,570,0,0,50,0,2,4,1302,52,15338
2026/02/07,22:00,15136,0,8390,4236,0,480,426,2,566,0,0,70,0,4,6,936,20,15136
2026/02/07,22:30,14558,0,7824,4218,0,480,392,2,558,0,0,82,0,2,4,980,16,14558
2026/02/07,23:00,14386,0,7736,4240,0,456,324,2,566,0,0,94,0,4,6,938,20,14386
2026/02/07,23:30,14122,0,7410,4226,0,448,328,2,562,0,0,110,0,2,4,1010,20,14122
2026/02/08,00:00,13642,0,6422,4226,0,442,348,2,566,0,0,94,0,28,4,1490,20,13642
2026/02/08,00:30,13456,0,6184,4218,0,450,354,2,560,0,0,122,0,2,4,1546,14,13456
2026/02/08,01:00,13370,0,6008,4234,0,432,352,2,564,0,0,100,0,-76,4,1730,20,13370
2026/02/08,01:30,13304,0,6308,4220,0,424,354,2,564,0,0,124,0,-234,4,1524,14,13304
2026/02/08,02:00,13416,0,6272,4234,0,444,352,0,562,0,0,166,0,-156,4,1520,18,13416
2026/02/08,02:30,13460,0,6150,4216,0,426,356,2,562,0,0,188,0,2,6,1536,16,13460
2026/02/08,03:00,13580,0,6294,4242,0,416,346,2,564,0,0,160,0,4,4,1526,22,13580
2026/02/08,03:30,13460,0,6186,4210,0,422,338,2,560,0,0,136,0,2,4,1588,12,13460
2026/02/08,04:00,13300,0,6014,4236,0,426,342,2,562,0,0,172,0,4,0,1524,18,13300
2026/02/08,04:30,13342,0,6040,4214,0,434,340,2,562,0,0,162,0,2,2,1566,18,13342
2026/02/08,05:00,13270,0,5968,4236,0,428,396,2,564,0,0,166,0,4,0,1486,20,13270
2026/02/08,05:30,13372,0,6202,4226,0,436,392,2,564,0,0,162,0,2,0,1374,12,13372
2026/02/08,06:00,13628,0,6122,4232,0,440,470,2,562,0,0,174,0,4,0,1580,42,13628
2026/02/08,06:30,13930,0,6550,4216,0,436,480,2,556,14,0,184,0,2,2,1452,36,13930
2026/02/08,07:00,14236,0,6654,4238,0,426,480,2,562,228,0,176,0,-4,2,1432,40,14236
2026/02/08,07:30,14756,0,7138,4214,0,430,484,0,554,664,0,218,0,-238,0,1254,38,14756
2026/02/08,08:00,15260,0,6760,4234,0,458,434,2,562,1436,0,218,0,-142,2,1252,44,15260
2026/02/08,08:30,15634,0,7084,4216,0,422,390,2,554,1924,0,230,0,64,2,702,44,15634
2026/02/08,09:00,15778,0,6248,4238,0,436,392,2,560,2124,0,226,0,152,4,1380,16,15778
2026/02/08,09:30,16224,0,5736,4224,0,442,390,2,554,2244,0,226,0,1180,2,1212,12,16224
2026/02/08,10:00,15906,0,4780,4228,0,430,374,2,562,2482,0,210,0,1268,4,1552,14,15906
2026/02/08,10:30,16082,0,4332,4214,0,444,372,2,554,3216,0,210,0,494,2,2232,10,16082
2026/02/08,11:00,15708,0,4282,4238,0,438,380,2,542,3538,0,214,0,864,0,1200,10,15708
2026/02/08,11:30,15138,0,4388,4190,0,458,368,0,486,3324,0,214,0,1036,4,660,10,15138
2026/02/08,12:00,15046,0,3722,4112,0,430,364,2,488,3432,0,222,0,120,2,2142,10,15046
2026/02/08,12:30,14806,0,3498,4066,0,414,360,2,490,3734,0,242,0,-288,0,2278,10,14806
2026/02/08,13:00,14670,0,3546,4194,0,416,366,2,494,4028,0,260,0,-48,2,1398,12,14670
2026/02/08,13:30,14542,0,4070,4162,0,410,366,2,488,4156,0,260,0,-48,2,666,8,14542
2026/02/08,14:00,14664,0,4236,4240,0,424,374,2,488,3952,0,246,0,234,0,458,10,14664
2026/02/08,14:30,14578,0,4356,4216,0,420,392,2,488,3750,0,250,0,8,2,682,12,14578
2026/02/08,15:00,14862,0,5584,4234,0,436,388,0,488,2746,0,250,0,160,2,554,20,14862
2026/02/08,15:30,15016,0,6276,4216,0,416,396,2,490,1898,0,240,0,22,0,1044,16,15016
2026/02/08,16:00,15618,0,7304,4234,0,412,430,2,492,1048,0,230,0,4,4,1420,38,15618
2026/02/08,16:30,16294,0,8406,4220,0,452,454,2,488,354,0,232,0,90,2,1558,36,16294
2026/02/08,17:00,17272,0,9482,4234,0,424,668,2,490,24,0,226,0,296,4,1382,40,17272
2026/02/08,17:30,17932,0,9786,4220,0,424,760,2,480,0,0,230,0,718,4,1256,52,17932
2026/02/08,18:00,18438,0,9974,4234,0,418,768,2,486,0,0,214,0,1162,12,1084,84,18438
2026/02/08,18:30,18438,0,9946,4220,0,440,784,2,482,0,0,246,0,1188,12,1034,84,18438
2026/02/08,19:00,18688,0,9998,4238,0,436,832,0,488,0,0,230,0,1306,10,1064,86,18688
2026/02/08,19:30,18528,0,9982,4216,0,432,824,2,484,0,0,240,0,1364,10,886,88,18528
2026/02/08,20:00,18540,0,9998,4238,0,446,746,2,476,0,0,230,0,1362,8,940,94,18540
2026/02/08,20:30,18188,0,9960,4216,0,430,702,2,478,0,0,224,0,1232,4,868,72,18188
2026/02/08,21:00,18152,0,9982,4236,0,428,664,2,480,0,0,234,0,882,2,1166,76,18152
2026/02/08,21:30,17498,0,9958,4218,0,436,642,2,478,0,0,232,0,584,0,888,60,17498
2026/02/08,22:00,17154,0,9858,4232,0,418,566,2,478,0,0,218,0,250,0,1102,30,17154
2026/02/08,22:30,16424,0,9324,4216,0,430,538,0,478,0,0,222,0,50,0,1142,24,16424
2026/02/08,23:00,16410,0,9350,4238,0,426,428,2,478,0,0,210,0,20,2,1224,32,16410
2026/02/08,23:30,15948,0,8938,4222,0,422,384,2,476,0,0,200,0,-372,0,1652,24,15948
2026/02/09,00:00,15636,0,9276,4228,0,438,366,2,476,0,0,188,0,-1182,0,1810,34,15636
2026/02/09,00:30,15138,0,9424,4216,0,426,360,2,462,0,0,168,0,-1888,0,1946,22,15138
2026/02/09,01:00,15196,0,9798,4238,0,424,354,0,466,0,0,180,0,-2118,0,1816,38,15196
2026/02/09,01:30,15018,0,9668,4216,0,412,348,2,466,0,0,194,0,-2166,0,1840,38,15018
2026/02/09,02:00,15164,0,9562,4234,0,402,352,2,468,0,0,186,0,-2158,0,2082,34,15164
2026/02/09,02:30,15056,0,9452,4220,0,400,350,2,460,0,0,188,0,-2156,2,2104,34,15056
2026/02/09,03:00,15280,0,10084,4234,0,424,346,2,466,0,0,196,0,-2140,0,1654,14,15280
2026/02/09,03:30,15082,0,9544,4220,0,406,348,2,466,0,0,220,0,-2144,0,2014,6,15082
2026/02/09,04:00,15152,0,9702,4238,0,412,346,2,466,0,0,230,0,-2238,0,1978,16,15152
2026/02/09,04:30,15410,0,9372,4216,0,424,340,0,460,0,0,234,0,-2118,0,2472,10,15410
2026/02/09,05:00,15882,0,9466,4238,0,404,470,2,466,0,0,228,0,-2116,0,2708,16,15882
2026/02/09,05:30,16570,0,9860,4216,0,408,470,2,462,0,0,234,0,-1556,2,2464,8,16570
2026/02/09,06:00,17754,0,10346,4232,0,410,532,2,466,0,0,230,0,-660,2,2176,18,17754
2026/02/09,06:30,19128,0,11242,4220,0,440,544,2,460,12,0,226,0,658,8,1312,4,19128
2026/02/09,07:00,20040,0,11342,4236,0,462,586,2,464,286,0,228,0,1326,14,1060,34,20040
2026/02/09,07:30,20834,0,11310,4210,0,442,596,2,456,920,0,222,0,2590,10,40,36,20834
2026/02/09,08:00,21884,0,11348,4228,0,440,482,0,464,1800,0,210,0,2334,6,494,78,21884
2026/02/09,08:30,22586,0,11314,4224,0,430,484,2,462,2746,0,210,0,2816,0,-152,50,22586
2026/02/09,09:00,22816,0,11364,4228,0,426,502,2,464,3602,0,198,0,2744,12,-774,48,22816
2026/02/09,09:30,22368,0,11192,4220,0,414,470,2,466,4318,0,200,0,1882,2,-842,44,22368
2026/02/09,10:00,21866,0,10830,4228,0,398,414,2,468,4928,0,208,0,528,4,-162,20,21866
2026/02/09,10:30,21240,0,9744,4222,0,388,408,2,468,5316,0,216,0,120,6,332,18,21240
2026/02/09,11:00,21146,0,9160,4232,0,418,406,2,466,5822,0,218,0,120,8,274,20,21146
2026/02/09,11:30,20704,0,9060,4222,0,440,396,0,474,5978,0,220,0,120,6,-224,12,20704
2026/02/09,12:00,19578,0,8772,4178,0,420,406,2,468,6040,0,230,0,118,6,-1066,4,19578
2026/02/09,12:30,19070,0,7886,4064,0,406,420,2,476,6064,0,236,0,114,6,-604,0,19070
2026/02/09,13:00,19702,0,8180,4152,0,398,406,2,472,6058,0,240,0,-128,2,-88,8,19702
2026/02/09,13:30,19854,0,8208,4224,0,416,426,2,476,6026,0,236,0,-336,0,176,0,19854
2026/02/09,14:00,19624,0,8402,4226,0,398,434,2,472,5568,0,226,0,-524,0,394,26,19624
2026/02/09,14:30,19496,0,8120,4224,0,400,438,2,470,4848,0,226,0,-724,0,1468,24,19496
2026/02/09,15:00,19350,0,8818,4226,0,398,568,2,472,3808,0,238,0,-430,2,1220,28,19350
2026/02/09,15:30,19604,0,9264,4226,0,418,578,2,474,2702,0,228,0,-176,0,1876,12,19604
2026/02/09,16:00,20086,0,10130,4228,0,422,656,2,472,1670,0,212,0,4,4,2246,40,20086
2026/02/09,16:30,20282,0,11460,4224,0,454,754,2,476,592,0,206,0,2,10,2060,42,20282
2026/02/09,17:00,20502,0,11686,4224,0,460,858,2,474,50,0,210,0,140,14,2340,44,20502
2026/02/09,17:30,20950,0,12078,4230,0,462,912,2,474,0,0,228,0,472,18,2026,48,20950
2026/02/09,18:00,21076,0,12048,4230,0,490,964,0,476,0,0,236,0,542,14,2026,50,21076
2026/02/09,18:30,20944,0,12124,4218,0,470,916,2,476,0,0,232,0,512,12,1934,48,20944
2026/02/09,19:00,20620,0,12208,4234,0,476,848,2,478,0,0,216,0,1082,12,1016,48,20620
2026/02/09,19:30,20344,0,12216,4224,0,484,874,2,478,0,0,208,0,832,10,970,46,20344
2026/02/09,20:00,20282,0,11672,4228,0,466,840,2,478,0,0,200,0,130,6,2206,54,20282
2026/02/09,20:30,20100,0,11380,4228,0,470,800,2,478,0,0,196,0,76,2,2426,42,20100
2026/02/09,21:00,19828,0,11514,4230,0,474,578,2,480,0,0,186,0,636,0,1676,52,19828
2026/02/09,21:30,19294,0,11124,4226,0,454,514,2,482,0,0,156,0,778,0,1518,40,19294
2026/02/09,22:00,18978,0,10504,4216,0,448,428,0,474,0,0,132,0,556,0,2198,22,18978
2026/02/09,22:30,18096,0,9360,4204,0,436,394,2,474,0,0,102,0,10,2,3096,16,18096
2026/02/09,23:00,18092,0,9136,4228,0,462,376,2,478,0,0,62,0,-46,2,3374,18,18092
2026/02/09,23:30,17500,0,8650,4226,0,434,374,2,484,0,0,58,0,-96,0,3354,14,17500
2026/02/10,00:00,17234,0,9120,4226,0,420,390,2,486,0,0,60,0,-466,0,2982,14,17234
2026/02/10,00:30,16664,0,8658,4222,0,428,388,2,480,0,0,58,0,-1030,2,3434,22,16664
2026/02/10,01:00,16638,0,9114,4230,0,442,382,2,486,0,0,60,0,-1470,2,3376,14,16638
2026/02/10,01:30,16588,0,9140,4224,0,446,378,2,480,0,0,70,0,-1594,0,3426,16,16588
2026/02/10,02:00,16602,0,9210,4230,0,430,378,2,486,0,0,76,0,-1542,0,3312,20,16602
2026/02/10,02:30,16574,0,9376,4224,0,434,370,0,482,0,0,88,0,-1558,0,3144,14,16574
2026/02/10,03:00,16642,0,9314,4230,0,452,404,2,486,0,0,96,0,-1562,2,3200,18,16642
2026/02/10,03:30,16482,0,9090,4224,0,426,402,2,484,0,0,88,0,-1378,0,3130,14,16482
2026/02/10,04:00,16612,0,9314,4236,0,414,402,2,482,0,0,68,0,-1658,0,3326,26,16612
2026/02/10,04:30,16664,0,9614,4218,0,436,402,2,484,0,0,48,0,-1834,0,3272,22,16664
2026/02/10,05:00,16994,0,9612,4230,0,446,444,2,494,0,0,24,0,-1728,0,3436,34,16994
2026/02/10,05:30,17584,0,9998,4228,2,452,472,2,488,0,0,6,0,-640,0,2546,30,17584
2026/02/10,06:00,18676,0,10864,4230,0,434,528,2,490,0,0,8,0,-42,2,2110,50,18676
2026/02/10,06:30,19720,0,11514,4218,2,458,524,2,494,16,0,8,0,148,0,2284,52,19720
2026/02/10,07:00,20268,0,11374,4230,0,420,552,2,488,438,0,6,0,482,12,2232,32,20268
2026/02/10,07:30,20716,0,11178,4216,0,420,594,2,488,1414,0,2,0,1026,10,1334,32,20716
2026/02/10,08:00,21572,0,11168,4236,0,444,524,0,488,2624,0,4,0,344,2,1704,34,21572
2026/02/10,08:30,22074,0,11226,4220,0,436,522,2,490,3876,0,4,0,128,2,1132,36,22074
2026/02/10,09:00,22020,0,10490,4228,0,434,498,2,488,4930,0,4,0,22,2,886,36,22020
2026/02/10,09:30,21542,0,9266,4222,0,448,476,2,488,5488,0,2,0,4,2,1114,30,21542
2026/02/10,10:00,20640,0,8096,4232,0,412,452,2,490,5874,0,2,0,-56,0,1124,12,20640
2026/02/10,10:30,20368,0,7562,4222,0,414,444,2,492,6220,0,2,0,-496,4,1492,10,20368
2026/02/10,11:00,19892,0,8768,4224,0,422,442,2,492,6018,0,4,0,-976,2,486,8,19892
2026/02/10,11:30,19332,0,8278,4204,0,452,434,2,478,5720,0,4,0,-1262,2,1012,8,19332
2026/02/10,12:00,18400,0,7720,4210,0,470,440,0,470,5614,0,6,0,-1914,2,1370,12,18400
2026/02/10,12:30,18144,0,8374,4208,0,468,442,2,460,5024,0,8,0,-2180,2,1326,10,18144
2026/02/10,13:00,18850,0,9304,4228,0,428,436,2,472,4434,0,8,0,-980,4,506,8,18850
2026/02/10,13:30,19008,0,9206,4220,0,418,444,2,484,4064,0,10,0,272,2,-122,8,19008
2026/02/10,14:00,18910,0,9386,4232,0,450,492,2,490,3628,0,16,0,288,2,-90,14,18910
2026/02/10,14:30,18724,0,10212,4228,0,420,500,2,488,2250,0,22,0,618,2,-28,10,18724
2026/02/10,15:00,18812,0,10594,4228,2,442,548,2,492,1510,0,20,0,324,6,630,14,18812
2026/02/10,15:30,19182,0,11036,4224,0,414,606,2,498,924,0,16,0,418,6,1028,10,19182
2026/02/10,16:00,19568,0,11044,4228,0,442,688,2,492,344,0,14,0,544,6,1728,36,19568
2026/02/10,16:30,19704,0,11254,4224,0,434,746,2,496,142,0,18,0,1054,14,1288,32,19704
2026/02/10,17:00,19826,0,11430,4234,0,438,850,2,502,16,0,24,0,1312,16,962,40,19826
2026/02/10,17:30,19916,0,11408,4224,0,462,894,2,496,0,0,20,0,1776,14,578,42,19916
2026/02/10,18:00,19872,0,11398,4230,0,452,926,2,500,0,0,22,0,1160,12,1130,40,19872
2026/02/10,18:30,19584,0,11362,4224,0,490,928,0,494,0,0,10,0,904,18,1118,36,19584
2026/02/10,19:00,19168,0,10352,4234,0,506,874,2,500,0,0,20,0,68,14,2558,40,19168
2026/02/10,19:30,18926,0,10068,4224,0,454,884,2,500,0,0,8,0,2,2,2738,44,18926
2026/02/10,20:00,18928,0,10020,4236,0,450,852,2,498,0,0,16,0,4,2,2802,46,18928
2026/02/10,20:30,18670,0,9608,4220,0,436,842,2,494,0,0,18,0,2,0,3010,38,18670
2026/02/10,21:00,18360,0,9644,4230,0,460,606,2,496,0,0,20,0,4,0,2880,18,18360
2026/02/10,21:30,17826,0,9414,4220,0,432,546,2,502,0,0,20,0,2,0,2674,14,17826
2026/02/10,22:00,17570,0,9120,4228,0,430,492,2,498,0,0,26,0,-84,0,2838,20,17570
2026/02/10,22:30,16906,0,8954,4230,0,432,458,2,494,0,0,18,0,-138,0,2444,12,16906
2026/02/10,23:00,16734,0,8710,4230,0,428,400,2,494,0,0,18,0,0,2,2432,18,16734
2026/02/10,23:30,16210,0,8992,4224,0,436,392,2,492,0,0,24,0,2,0,1630,16,16210
2026/02/11,00:00,15706,0,8252,4220,0,422,336,2,496,0,0,48,0,-86,0,1998,18,15706
2026/02/11,00:30,15414,0,8374,4224,0,434,328,2,490,0,0,50,0,-140,0,1634,18,15414
2026/02/11,01:00,15190,0,7746,4236,0,420,362,2,498,0,0,40,0,-158,0,2026,18,15190
2026/02/11,01:30,15088,0,6936,4224,0,454,370,2,494,0,0,24,0,-496,0,3064,16,15088
2026/02/11,02:00,15116,0,7728,4226,0,442,372,2,494,0,0,16,0,-582,0,2398,20,15116
2026/02/11,02:30,15196,0,7784,4224,0,464,366,0,488,0,0,6,0,-98,0,1942,20,15196
2026/02/11,03:00,15244,0,7058,4218,0,476,406,2,492,0,0,10,0,-128,0,2684,26,15244
2026/02/11,03:30,15130,0,7424,4230,0,472,398,2,496,0,0,14,0,-430,0,2504,20,15130
2026/02/11,04:00,15118,0,7596,4228,0,486,406,2,494,0,0,20,0,-460,0,2316,30,15118
2026/02/11,04:30,14998,0,7542,4224,0,486,408,2,498,0,0,30,0,-466,0,2244,30,14998
2026/02/11,05:00,15270,0,7480,4230,0,430,420,2,494,0,0,36,0,-460,0,2586,52,15270
2026/02/11,05:30,15366,0,7794,4222,0,442,432,2,494,0,0,44,0,-130,0,2020,46,15366
2026/02/11,06:00,15646,0,8268,4224,0,428,398,2,494,0,0,64,0,2,2,1748,16,15646
2026/02/11,06:30,16396,0,8248,4228,0,426,410,2,492,0,0,70,0,4,0,2500,16,16396
2026/02/11,07:00,16950,0,8428,4228,0,422,436,2,492,4,0,52,0,4,0,2852,30,16950
2026/02/11,07:30,17828,0,9092,4226,0,442,466,2,486,32,0,60,0,36,2,2946,38,17828
2026/02/11,08:00,18970,0,9944,4230,0,436,536,2,486,188,0,58,0,364,4,2680,42,18970
2026/02/11,08:30,19970,0,10528,4218,0,424,564,2,494,344,0,50,0,420,6,2884,36,19970
2026/02/11,09:00,20274,0,10270,4230,0,442,616,2,488,496,0,84,0,546,2,3058,40,20274
2026/02/11,09:30,20366,0,10730,4222,0,446,626,0,488,920,0,74,0,692,2,2126,40,20366
2026/02/11,10:00,20000,0,10432,4234,0,442,600,2,490,1338,0,72,0,760,2,1612,16,20000
2026/02/11,10:30,19564,0,10278,4226,0,452,590,2,492,1634,0,102,0,522,2,1250,14,19564
2026/02/11,11:00,19486,0,10092,4232,0,480,574,2,492,1848,0,104,0,110,2,1538,12,19486
2026/02/11,11:30,18974,0,10068,4218,0,440,518,2,482,1958,0,108,0,110,0,1062,8,18974
2026/02/11,12:00,18234,0,10050,4238,0,434,496,2,476,1758,0,118,0,274,2,374,12,18234
2026/02/11,12:30,18184,0,9646,4220,0,458,456,2,472,1646,0,128,0,468,2,674,12,18184
2026/02/11,13:00,18548,0,9482,4238,0,440,464,2,474,1654,0,158,0,332,0,1294,10,18548
2026/02/11,13:30,18636,0,9134,4214,0,446,478,2,488,1896,0,184,0,234,2,1550,8,18636
2026/02/11,14:00,18224,0,8588,4232,0,424,574,0,488,1926,0,190,0,28,2,1760,12,18224
2026/02/11,14:30,18090,0,7868,4224,0,420,576,2,492,2408,0,190,0,108,2,1792,8,18090
2026/02/11,15:00,17830,0,7334,4232,0,428,586,2,488,2826,0,206,0,-20,4,1734,10,17830
2026/02/11,15:30,17932,0,8416,4226,0,422,646,2,492,2400,0,204,0,-336,4,1446,10,17932
2026/02/11,16:00,18014,0,8902,4230,0,426,680,2,492,1590,0,176,0,-318,4,1792,38,18014
2026/02/11,16:30,18110,0,8818,4222,0,436,712,2,496,604,0,202,0,-30,4,2610,34,18110
2026/02/11,17:00,18254,0,9456,4230,0,436,778,2,490,56,0,232,0,372,6,2160,36,18254
2026/02/11,17:30,18824,0,9488,4224,0,422,818,2,494,0,0,258,0,786,6,2280,46,18824
2026/02/11,18:00,18892,0,9174,4228,0,426,852,2,492,0,0,220,0,524,18,2912,44,18892
2026/02/11,18:30,18752,0,8986,4222,0,452,926,2,494,0,0,190,0,290,16,3134,40,18752
2026/02/11,19:00,18702,0,9064,4230,0,436,864,2,496,0,0,182,0,312,2,3070,44,18702
2026/02/11,19:30,18592,0,8802,4224,0,422,800,2,494,0,0,184,0,334,4,3284,42,18592
2026/02/11,20:00,18380,0,8756,4228,0,430,766,2,496,0,0,186,0,130,10,3328,48,18380
2026/02/11,20:30,18148,0,8800,4230,0,432,798,2,496,0,0,184,0,52,2,3108,44,18148
2026/02/11,21:00,17982,0,8776,4230,0,434,692,2,496,0,0,182,0,4,0,3120,46,17982
2026/02/11,21:30,17602,0,8574,4222,0,438,640,0,492,0,0,182,0,2,2,3008,42,17602
2026/02/11,22:00,17090,0,8552,4222,0,474,582,2,498,0,0,178,0,-96,2,2656,20,17090
2026/02/11,22:30,16622,0,8538,4220,0,434,568,2,494,0,0,184,0,-158,0,2326,14,16622
2026/02/11,23:00,16370,0,8288,4226,0,424,508,2,496,0,0,176,0,-156,2,2386,18,16370
2026/02/11,23:30,16106,0,8776,4230,0,436,486,2,494,0,0,168,0,-392,2,1890,14,16106
2026/02/12,00:00,15630,0,8482,4224,0,418,454,2,496,0,0,162,0,-402,0,1780,14,15630
2026/02/12,00:30,15186,0,8202,4224,0,436,446,2,492,0,0,176,0,-646,0,1840,14,15186
2026/02/12,01:00,15306,0,8462,4232,0,428,446,2,494,0,0,182,0,-828,2,1874,12,15306
2026/02/12,01:30,14998,0,8258,4224,0,458,438,0,490,0,0,172,0,-872,0,1828,2,14998
2026/02/12,02:00,15298,0,8438,4228,0,442,526,2,490,0,0,172,0,-870,0,1858,12,15298
2026/02/12,02:30,15236,0,8286,4224,0,448,534,2,492,0,0,172,0,-632,0,1692,18,15236
2026/02/12,03:00,15318,0,8282,4232,0,430,522,2,494,0,0,148,0,-636,0,1830,14,15318
2026/02/12,03:30,15230,0,8320,4222,0,418,526,2,494,0,0,146,0,-404,0,1496,10,15230
2026/02/12,04:00,15412,0,8152,4232,0,418,580,2,494,0,0,146,0,-392,2,1768,10,15412
2026/02/12,04:30,15452,0,8012,4220,0,440,578,2,490,0,0,148,0,-392,0,1938,16,15452
2026/02/12,05:00,15816,0,8130,4230,0,440,580,2,494,0,0,148,0,-200,0,1978,14,15816
2026/02/12,05:30,16138,0,7880,4228,0,422,596,2,490,0,0,144,0,-158,2,2522,10,16138
2026/02/12,06:00,17128,0,8476,4230,0,434,594,2,494,0,0,136,0,-154,0,2906,10,17128
2026/02/12,06:30,17962,0,9430,4222,0,440,596,2,488,22,0,128,0,-154,6,2774,8,17962
2026/02/12,07:00,18554,0,9218,4228,0,476,566,2,494,420,0,106,0,68,10,2936,30,18554
2026/02/12,07:30,19118,0,9532,4222,0,474,590,2,486,1312,0,94,0,70,6,2296,34,19118
2026/02/12,08:00,19928,0,8622,4228,0,480,598,2,490,2578,0,90,0,72,2,2730,36,19928
2026/02/12,08:30,20508,0,8040,4224,0,484,606,2,490,3838,0,92,0,10,2,2686,34,20508
2026/02/12,09:00,20536,0,6422,4224,0,486,570,2,490,5060,0,92,0,4,0,3150,36,20536
2026/02/12,09:30,20228,0,5742,4224,0,496,572,2,488,6122,0,104,0,2,0,2442,34,20228
2026/02/12,10:00,19648,0,4802,4120,0,492,486,0,492,6976,0,100,0,-168,0,2336,12,19648
2026/02/12,10:30,19230,0,4326,3994,0,486,472,2,490,7510,0,112,0,-1172,2,2998,10,19230
2026/02/12,11:00,18856,0,4520,4218,0,474,440,2,494,7588,0,126,0,-1714,0,2696,12,18856
2026/02/12,11:30,18446,0,4570,4208,0,486,422,2,492,7406,0,156,0,-1926,2,2620,8,18446
2026/02/12,12:00,17548,0,4138,4240,0,480,478,2,496,6976,0,170,0,-2110,0,2666,12,17548
2026/02/12,12:30,17346,0,4256,4214,0,478,480,2,496,6704,0,176,0,-2124,2,2652,10,17346
2026/02/12,13:00,17940,0,4560,4240,0,484,482,2,492,6240,0,198,0,-1224,0,2456,10,17940
2026/02/12,13:30,17926,0,3984,4208,0,472,484,2,496,5926,0,188,0,-314,2,2474,4,17926
2026/02/12,14:00,17972,0,4198,4236,0,480,550,2,496,5592,0,188,0,-250,2,2466,12,17972
2026/02/12,14:30,17834,0,4910,4214,0,484,566,2,494,4884,0,172,0,-48,0,2152,4,17834
2026/02/12,15:00,17776,0,6072,4240,0,494,572,2,494,3938,0,178,0,4,4,1746,32,17776
2026/02/12,15:30,18034,0,7464,4208,0,484,646,2,496,2912,0,144,0,2,2,1646,28,18034
2026/02/12,16:00,18220,0,8554,4242,0,488,738,2,498,1686,0,126,0,66,2,1786,32,18220
2026/02/12,16:30,18342,0,9226,4210,0,496,780,2,496,646,0,114,0,646,2,1694,30,18342
2026/02/12,17:00,18554,0,9064,4242,0,518,884,2,498,62,0,96,0,744,10,2402,32,18554
2026/02/12,17:30,19044,0,9236,4212,0,522,916,2,500,0,0,90,0,1084,12,2426,44,19044
2026/02/12,18:00,19160,0,8980,4240,0,496,914,2,498,0,0,98,0,1192,14,2686,40,19160
2026/02/12,18:30,19048,0,8972,4218,0,480,914,2,500,0,0,112,0,1130,14,2668,38,19048
2026/02/12,19:00,18824,0,8838,4238,0,478,906,2,502,0,0,92,0,1046,12,2666,44,18824
2026/02/12,19:30,18498,0,8928,4214,0,488,876,2,500,0,0,82,0,902,2,2470,34,18498
2026/02/12,20:00,18484,0,8836,4244,0,494,794,2,500,0,0,84,0,1022,2,2466,40,18484
2026/02/12,20:30,18282,0,8650,4210,0,498,756,0,500,0,0,74,0,1016,2,2532,44,18282
2026/02/12,21:00,17994,0,8770,4244,0,476,658,2,502,0,0,82,0,978,0,2266,16,17994
2026/02/12,21:30,17556,0,8842,4210,0,468,614,2,498,0,0,80,0,566,0,2264,12,17556
2026/02/12,22:00,17270,0,9058,4240,0,464,592,2,498,0,0,62,0,646,0,1696,12,17270
2026/02/12,22:30,16750,0,8854,4216,0,452,582,2,498,0,0,80,0,446,0,1610,10,16750
2026/02/12,23:00,16494,0,9102,4234,0,450,418,2,506,0,0,82,0,220,2,1462,16,16494
2026/02/12,23:30,16098,0,8898,4236,0,446,414,2,504,0,0,88,0,2,0,1498,10,16098
2026/02/13,00:00,15620,0,8186,4230,0,420,382,2,510,0,0,82,0,4,0,1792,12,15620
2026/02/13,00:30,15298,0,8028,4220,0,424,370,2,514,0,0,102,0,2,0,1628,8,15298
2026/02/13,01:00,15222,0,7580,4242,0,418,366,2,516,0,0,108,0,4,0,1974,12,15222
2026/02/13,01:30,15138,0,7546,4208,0,436,378,2,512,0,0,116,0,2,0,1928,10,15138
2026/02/13,02:00,15162,0,7612,4242,0,430,364,2,518,0,0,126,0,4,0,1856,8,15162
2026/02/13,02:30,15202,0,7826,4214,0,444,360,2,514,0,0,128,0,2,0,1704,8,15202
2026/02/13,03:00,15354,0,7786,4236,0,446,358,0,518,0,0,128,0,4,0,1868,10,15354
2026/02/13,03:30,15242,0,7578,4222,0,486,358,2,520,0,0,112,0,2,0,1954,8,15242
2026/02/13,04:00,15256,0,7560,4236,0,480,356,2,522,0,0,72,0,4,0,2012,12,15256
2026/02/13,04:30,15398,0,7232,4206,0,494,362,2,524,0,0,50,0,2,0,2518,8,15398
2026/02/13,05:00,15774,0,7914,4248,0,470,502,2,530,0,0,48,0,4,0,2024,32,15774
2026/02/13,05:30,16148,0,8130,4212,0,466,508,2,540,0,0,54,0,2,0,2198,36,16148
2026/02/13,06:00,17050,0,9048,4238,0,446,574,2,548,0,0,70,0,4,2,2086,32,17050
2026/02/13,06:30,17798,0,8884,4214,0,468,602,2,554,22,0,66,0,2,6,2950,28,17798
2026/02/13,07:00,18398,0,9274,4236,0,430,582,2,562,348,0,64,0,42,12,2806,40,18398
2026/02/13,07:30,18804,0,8908,4216,0,410,592,2,558,1184,0,50,0,554,0,2294,36,18804
2026/02/13,08:00,19622,0,8640,4240,0,424,604,2,566,2360,0,52,0,304,0,2390,40,19622
2026/02/13,08:30,20140,0,7556,4212,0,434,610,2,564,3890,0,52,0,262,0,2522,36,20140
2026/02/13,09:00,20150,0,7114,4242,0,448,566,2,568,5214,0,52,0,116,4,1782,42,20150
2026/02/13,09:30,19800,0,6020,4214,0,462,560,2,560,6280,0,54,0,4,0,1628,16,19800
2026/02/13,10:00,19182,0,4698,4240,0,474,568,2,566,7074,0,58,0,-60,4,1542,16,19182
2026/02/13,10:30,18744,0,4234,4212,0,454,536,2,564,7500,0,66,0,-444,10,1598,12,18744
2026/02/13,11:00,18178,0,3882,4244,0,428,398,0,564,7638,0,74,0,-876,2,1810,14,18178
2026/02/13,11:30,17794,0,4188,4212,0,416,392,2,570,7514,0,90,0,-1204,2,1606,6,17794
2026/02/13,12:00,16968,0,3744,4232,2,446,398,2,564,7624,0,104,0,-1872,2,1712,10,16968
2026/02/13,12:30,16576,0,3734,4220,0,430,392,2,568,7528,0,110,0,-2120,4,1702,6,16576
2026/02/13,13:00,17294,0,3694,4200,0,426,396,2,568,7536,0,106,0,-1858,2,2214,8,17294
2026/02/13,13:30,17174,0,3448,3984,0,424,396,2,562,7094,0,116,0,-2228,2,3368,6,17174
2026/02/13,14:00,17172,0,3890,4218,0,432,394,2,560,6614,0,94,0,-2356,2,3314,8,17172
2026/02/13,14:30,16864,0,4582,4198,0,440,404,2,562,5698,0,86,0,-2346,2,3232,4,16864
2026/02/13,15:00,16780,0,5048,4232,0,462,512,2,566,4698,0,78,0,-2176,2,3344,12,16780
2026/02/13,15:30,16868,0,5518,4200,0,432,558,0,574,3372,0,62,0,-1150,2,3290,10,16868
2026/02/13,16:00,17064,0,6200,4232,0,414,666,2,562,1960,0,64,0,-364,2,3294,32,17064
2026/02/13,16:30,17194,0,7806,4204,0,434,696,2,568,752,0,62,0,4,12,2618,36,17194
2026/02/13,17:00,17156,0,7886,4226,0,416,808,2,566,90,0,68,0,2,20,3032,40,17156
2026/02/13,17:30,17640,0,8020,4210,0,412,872,2,574,0,0,76,0,4,26,3402,42,17640
2026/02/13,18:00,17814,0,8214,4230,0,430,908,2,568,0,0,60,0,48,22,3280,52,17814
2026/02/13,18:30,17686,0,7984,4200,0,434,906,2,574,0,0,74,0,56,20,3386,50,17686
2026/02/13,19:00,17598,0,8262,4232,0,418,848,0,576,0,0,76,0,2,16,3120,48,17598
2026/02/13,19:30,17374,0,8404,4192,0,414,826,2,572,0,0,62,0,6,8,2838,50,17374
2026/02/13,20:00,17356,0,8682,4096,0,420,806,2,572,0,0,58,0,2,6,2660,52,17356
2026/02/13,20:30,17306,0,9056,3926,0,448,776,2,570,0,0,64,0,4,6,2404,50,17306
2026/02/13,21:00,17156,0,9484,3804,0,418,580,2,570,0,0,68,0,88,4,2108,30,17156
2026/02/13,21:30,16904,0,9604,3628,0,402,554,2,570,0,0,70,0,162,0,1884,28,16904
2026/02/13,22:00,16736,0,9710,3598,0,398,538,2,566,0,0,76,0,300,2,1518,28,16736
2026/02/13,22:30,16248,0,9496,3510,0,414,528,2,564,0,0,114,0,138,2,1456,24,16248
2026/02/13,23:00,16094,0,9596,3484,0,400,422,2,568,0,0,132,0,52,2,1406,30,16094
2026/02/13,23:30,15864,0,9394,3384,0,394,416,2,566,0,0,162,0,2,0,1522,22,15864
2026/02/14,00:00,15286,0,8436,3220,0,388,538,2,568,0,0,152,0,4,2,1954,22,15286
2026/02/14,00:30,14870,0,8398,3202,0,396,526,2,570,0,0,102,0,2,2,1654,16,14870
2026/02/14,01:00,14826,0,8340,3228,0,412,548,2,570,0,0,76,0,92,4,1534,20,14826
2026/02/14,01:30,14636,0,8018,3208,0,412,538,0,568,0,0,80,0,26,2,1768,16,14636
2026/02/14,02:00,14850,0,8350,3226,0,408,496,2,572,0,0,74,0,2,0,1700,20,14850
2026/02/14,02:30,14760,0,8328,3208,0,418,494,2,572,0,0,60,0,8,0,1654,16,14760
2026/02/14,03:00,15008,0,8376,3226,0,408,508,2,572,0,0,36,0,152,2,1704,22,15008
2026/02/14,03:30,14750,0,8204,3204,0,404,492,2,572,0,0,32,0,154,0,1670,16,14750
2026/02/14,04:00,14852,0,8150,3228,0,410,492,2,572,0,0,28,0,164,0,1766,40,14852
2026/02/14,04:30,14600,0,8044,3204,0,426,492,2,570,0,0,28,0,154,0,1636,44,14600
2026/02/14,05:00,14780,0,8048,3228,0,426,542,2,572,0,0,32,0,146,2,1736,46,14780
2026/02/14,05:30,14654,0,7846,3210,0,416,532,2,568,0,0,24,0,136,0,1870,50,14654
2026/02/14,06:00,14896,0,8180,3226,0,412,534,2,572,0,0,12,0,226,0,1688,44,14896
2026/02/14,06:30,15288,0,8292,3208,0,434,524,2,572,24,0,12,0,588,10,1582,40,15288
2026/02/14,07:00,15368,0,7534,3226,0,422,528,2,568,546,0,6,0,132,10,2342,52,15368
2026/02/14,07:30,15598,0,7210,3202,0,454,542,0,564,1662,0,6,0,2,8,1896,52,15598
2026/02/14,08:00,15620,0,5346,3228,0,440,434,2,570,3034,0,4,0,4,0,2522,36,15620
2026/02/14,08:30,15688,0,4346,3144,0,444,436,2,568,4444,0,8,0,-160,2,2422,32,15688
2026/02/14,09:00,15406,0,4030,2754,0,444,438,2,572,5648,0,8,0,-1164,0,2638,36,15406
2026/02/14,09:30,15050,0,3910,2364,0,420,438,2,572,6662,0,6,0,-1936,2,2576,34,15050
2026/02/14,10:00,14578,0,3746,2396,0,414,394,2,576,7400,0,4,0,-2162,0,1774,34,14578
2026/02/14,10:30,14268,0,3376,2358,0,410,396,2,574,7978,0,12,0,-2194,2,1328,26,14268
2026/02/14,11:00,13970,0,3148,2394,0,398,380,2,576,8238,0,10,0,-2174,2,968,28,13970
2026/02/14,11:30,13716,0,3318,2292,0,384,370,2,580,8272,0,8,0,-2460,0,926,24,13716
2026/02/14,12:00,13174,0,2960,2236,0,392,372,2,588,8010,0,10,0,-2298,0,872,30,13174
2026/02/14,12:30,13064,0,3078,1904,0,396,376,2,598,7764,0,12,0,-1892,2,802,22,13064
2026/02/14,13:00,12756,0,3136,1892,0,390,380,2,594,7240,0,22,0,-1546,0,618,28,12756
2026/02/14,13:30,12762,0,3422,2102,0,384,376,0,600,6564,0,38,0,-1390,2,636,28,12762
2026/02/14,14:00,12588,0,3558,2374,0,406,376,2,596,5710,0,42,0,-1330,2,824,28,12588
2026/02/14,14:30,12448,0,3638,2504,0,410,376,2,604,4600,0,40,0,-984,2,1228,28,12448
2026/02/14,15:00,12408,0,3852,2696,0,424,388,2,608,3520,0,46,0,-358,2,1164,64,12408
2026/02/14,15:30,12360,0,4590,2942,0,406,394,2,608,2564,0,62,0,244,2,482,64,12360
2026/02/14,16:00,12732,0,5156,3080,0,404,406,2,604,1606,0,70,0,580,4,756,64,12732
2026/02/14,16:30,13054,0,6196,3066,0,416,440,2,606,654,0,62,0,1150,2,394,66,13054
2026/02/14,17:00,13646,0,6800,3090,0,424,646,2,608,114,0,58,0,1204,12,596,92,13646
2026/02/14,17:30,14234,0,7418,3068,0,420,656,2,614,0,0,50,0,1202,24,686,94,14234
2026/02/14,18:00,14518,0,7176,3128,0,412,752,2,614,0,0,40,0,1234,26,1046,88,14518
2026/02/14,18:30,14482,0,7024,3230,0,466,774,2,616,0,0,30,0,1328,24,908,80,14482
2026/02/14,19:00,14508,0,6842,3280,0,478,782,2,614,0,0,10,0,1336,18,1072,74,14508
2026/02/14,19:30,14168,0,6282,3264,0,456,774,0,618,0,0,10,0,1322,20,1352,70,14168
2026/02/14,20:00,14330,0,6494,3292,0,430,724,2,618,0,0,4,0,1332,10,1348,76,14330
2026/02/14,20:30,14104,0,6054,3266,0,446,680,2,618,0,0,4,0,1286,2,1678,68,14104
2026/02/14,21:00,13986,0,6222,3282,0,446,642,2,616,0,0,4,0,1330,2,1390,50,13986
2026/02/14,21:30,13434,0,5524,3264,0,446,644,2,618,0,0,8,0,1258,2,1622,46,13434
2026/02/14,22:00,13350,0,5878,3284,0,418,594,2,618,0,0,10,0,1202,2,1282,60,13350
2026/02/14,22:30,12808,0,5776,3266,0,412,546,2,618,0,0,2,0,782,0,1350,54,12808
2026/02/14,23:00,12764,0,5990,3286,0,406,430,2,616,0,0,6,0,718,2,1250,58,12764
2026/02/14,23:30,12384,0,5834,3278,0,416,402,0,618,0,0,4,0,634,2,1142,54,12384
2026/02/15,00:00,12070,0,5344,3270,0,420,458,2,620,0,0,4,0,498,4,1396,54,12070
2026/02/15,00:30,11772,0,4674,3270,0,446,460,2,620,0,0,4,0,362,2,1878,54,11772
2026/02/15,01:00,11786,0,4902,3286,0,430,462,2,620,0,0,4,0,112,2,1912,54,11786
2026/02/15,01:30,11666,0,4968,3258,0,420,456,2,616,0,0,4,0,2,2,1888,50,11666
2026/02/15,02:00,11764,0,4602,3094,0,426,468,2,620,0,0,4,0,4,0,2502,42,11764
2026/02/15,02:30,11946,0,4704,3112,0,430,458,2,616,0,0,8,0,2,0,2574,40,11946
2026/02/15,03:00,12102,0,5416,3286,0,420,496,0,618,0,0,6,0,4,0,1828,28,12102
2026/02/15,03:30,12064,0,4886,3268,0,420,492,2,616,0,0,2,0,2,0,2352,24,12064
2026/02/15,04:00,12120,0,5082,3282,0,424,538,2,622,0,0,4,0,4,2,2104,56,12120
2026/02/15,04:30,12250,0,5326,3266,0,448,530,2,614,0,0,4,0,2,0,1996,62,12250
2026/02/15,05:00,12130,0,5774,3284,0,456,546,2,618,0,0,2,0,4,0,1374,70,12130
2026/02/15,05:30,12216,0,5810,3260,0,432,530,2,618,0,0,2,0,4,2,1488,68,12216
2026/02/15,06:00,12126,0,5448,3288,0,412,508,2,616,0,0,2,0,78,2,1722,48,12126
2026/02/15,06:30,12334,0,5702,3264,0,418,498,2,616,10,0,2,0,98,2,1676,46,12334
2026/02/15,07:00,12392,0,5820,3274,0,424,510,2,614,182,0,0,0,274,10,1246,36,12392
2026/02/15,07:30,12418,0,5394,3256,0,432,510,2,618,792,0,2,0,280,8,1084,40,12418
2026/02/15,08:00,12480,0,4278,3092,0,428,476,2,614,1800,0,2,0,-188,2,1958,16,12480
2026/02/15,08:30,12444,0,3626,2720,0,408,480,2,614,3138,0,4,0,-252,0,1688,16,12444
2026/02/15,09:00,12432,0,3678,2338,0,368,416,2,616,4684,0,4,0,-412,4,718,16,12432
2026/02/15,09:30,12064,0,3210,2160,0,352,420,0,618,5714,0,4,0,-882,0,454,14,12064
2026/02/15,10:00,11840,0,3338,2182,0,350,426,2,616,6242,0,4,0,-1078,4,-262,16,11840
2026/02/15,10:30,11550,0,3000,1860,0,328,416,2,608,6362,0,10,0,-1298,0,248,14,11550
2026/02/15,11:00,11414,0,3852,1862,0,330,424,2,612,6192,0,16,0,-1614,2,-278,14,11414
2026/02/15,11:30,11296,0,3792,1886,0,316,402,2,598,5728,0,22,0,-1556,2,88,16,11296
2026/02/15,12:00,11380,0,4152,1986,0,340,410,2,592,5060,0,24,0,-1280,2,80,12,11380
2026/02/15,12:30,11008,0,2946,1980,2,330,412,2,584,4726,0,22,0,-768,2,762,8,11008
2026/02/15,13:00,11044,0,3344,2096,0,326,422,0,582,4692,0,30,0,-716,0,258,10,11044
2026/02/15,13:30,10988,0,3030,2272,0,328,410,2,594,5090,0,42,0,-1054,0,264,10,10988
2026/02/15,14:00,10928,0,2768,2294,0,328,422,2,598,5272,0,42,0,-1432,2,584,48,10928
2026/02/15,14:30,10752,0,3462,2534,0,362,434,2,608,4768,0,42,0,-1966,2,458,46,10752
2026/02/15,15:00,10836,0,3732,2856,0,400,442,2,612,3948,0,38,0,-2014,2,766,52,10836
2026/02/15,15:30,10856,0,4280,2988,0,448,474,2,618,2776,0,38,0,-1466,2,644,52,10856
2026/02/15,16:00,11224,0,4424,3066,0,430,502,2,618,1314,0,36,0,-106,2,882,54,11224
2026/02/15,16:30,11524,0,5092,3062,0,416,508,2,616,450,0,40,0,78,0,1208,52,11524
2026/02/15,17:00,12238,0,5880,3086,0,406,770,2,618,46,0,32,0,252,4,1076,66,12238
2026/02/15,17:30,12940,0,6516,3068,0,428,808,2,618,0,0,54,0,294,10,1070,72,12940
2026/02/15,18:00,12926,0,6696,3072,0,416,820,2,614,0,0,50,0,158,12,1016,70,12926
2026/02/15,18:30,13128,0,6396,3084,0,424,826,2,618,0,0,50,0,134,12,1530,52,13128
2026/02/15,19:00,13106,0,6392,3214,0,424,778,2,622,0,0,44,0,52,4,1522,52,13106
2026/02/15,19:30,13130,0,6626,3250,0,422,748,0,620,0,0,42,0,2,6,1362,52,13130
2026/02/15,20:00,13074,0,6182,3276,0,430,700,2,618,0,0,44,0,4,4,1764,50,13074
2026/02/15,20:30,12906,0,6100,3272,0,420,690,2,614,0,0,42,0,2,6,1704,54,12906
2026/02/15,21:00,12842,0,6148,3272,0,424,656,2,612,0,0,38,0,4,2,1632,52,12842
2026/02/15,21:30,12402,0,5864,3276,0,404,640,2,614,0,0,46,0,2,0,1504,50,12402
2026/02/15,22:00,12204,0,5720,3272,0,432,556,2,610,0,0,60,0,4,2,1524,22,12204
2026/02/15,22:30,11706,0,5074,3272,0,432,514,2,614,0,0,60,0,2,0,1716,20,11706
2026/02/15,23:00,11724,0,5264,3214,0,432,438,2,612,0,0,60,0,4,2,1674,22,11724
2026/02/15,23:30,11430,0,5368,3090,0,424,422,2,614,0,0,66,0,2,0,1424,18,11430
2026/02/16,00:00,11232,0,5112,3102,0,420,454,2,612,0,0,76,0,4,0,1428,22,11232
2026/02/16,00:30,10950,0,4864,3226,0,434,450,2,616,0,0,104,0,2,2,1230,20,10950
2026/02/16,01:00,11122,0,4920,3282,0,430,446,2,616,0,0,138,0,2,0,1260,26,11122
2026/02/16,01:30,11122,0,4874,3268,0,456,438,2,614,0,0,132,0,4,0,1314,20,11122
2026/02/16,02:00,11334,0,5220,3276,0,442,442,0,612,0,0,150,0,4,0,1146,42,11334
2026/02/16,02:30,11574,0,5522,3228,0,412,438,2,612,0,0,170,0,2,0,1154,34,11574
2026/02/16,03:00,11750,0,5664,3212,0,420,446,2,616,0,0,160,0,4,2,1196,28,11750
2026/02/16,03:30,11820,0,5194,3206,0,428,436,2,616,0,0,148,0,2,0,1760,28,11820
2026/02/16,04:00,11954,0,5590,3206,0,442,440,2,612,0,0,146,0,4,2,1456,54,11954
2026/02/16,04:30,12170,0,5056,3206,0,462,440,2,614,0,0,134,0,2,0,2200,54,12170
2026/02/16,05:00,12424,0,5028,3214,0,430,446,2,616,0,0,140,0,-146,0,2642,52,12424
2026/02/16,05:30,12876,0,5876,3206,0,436,444,2,618,0,0,146,0,-228,2,2320,54,12876
2026/02/16,06:00,13478,0,6042,3208,0,422,600,2,612,0,0,158,0,-232,0,2608,58,13478
2026/02/16,06:30,14424,0,7184,3206,0,396,664,2,618,24,0,186,0,-556,8,2644,48,14424
2026/02/16,07:00,15108,0,7426,3216,0,402,622,2,614,380,0,212,0,-592,12,2768,46,15108
2026/02/16,07:30,15830,0,7320,3204,0,442,650,2,618,1196,0,222,0,-592,12,2734,22,15830
2026/02/16,08:00,16830,0,7308,3208,0,426,644,2,618,2266,0,216,0,-588,6,2708,16,16830
2026/02/16,08:30,17628,0,6576,3204,0,408,664,0,618,3490,0,202,0,-590,2,3046,8,17628
2026/02/16,09:00,17942,0,5286,3208,0,404,654,2,616,4696,0,188,0,-602,0,3480,10,17942
2026/02/16,09:30,17664,0,4560,3166,0,392,660,2,616,5588,0,188,0,-1120,0,3602,10,17664
2026/02/16,10:00,17416,0,4398,3062,0,382,558,2,620,6398,0,200,0,-1616,2,3400,10,17416
2026/02/16,10:30,17316,0,4296,3176,0,376,512,2,620,6990,0,204,0,-1896,2,3026,8,17316
2026/02/16,11:00,16976,0,4502,3198,0,380,480,2,616,7348,0,226,0,-1902,0,2116,10,16976
2026/02/16,11:30,16854,0,4898,3184,0,392,470,2,622,7562,0,234,0,-1886,0,1366,10,16854
2026/02/16,12:00,15908,0,4222,3194,0,400,452,2,622,7788,0,250,0,-1888,2,854,10,15908
2026/02/16,12:30,15612,0,4868,3196,0,410,444,0,620,7552,0,246,0,-1652,0,-82,10,15612
2026/02/16,13:00,16308,0,5532,3208,0,380,446,2,624,7134,0,244,0,-1038,4,-242,14,16308
2026/02/16,13:30,16458,0,6148,3210,0,388,446,2,626,6512,0,246,0,-440,0,-694,14,16458
2026/02/16,14:00,16366,0,6654,3210,0,388,460,2,622,5484,0,248,0,-84,2,-638,18,16366
2026/02/16,14:30,16362,0,7594,3204,0,402,472,2,620,4072,0,242,0,2,0,-266,18,16362
2026/02/16,15:00,16360,0,8500,3206,0,418,554,2,608,2800,0,236,0,88,4,-80,24,16360
2026/02/16,15:30,16736,0,9136,3210,0,406,584,2,602,1558,0,248,0,642,0,322,26,16736
2026/02/16,16:00,16880,0,8932,3206,0,402,672,2,598,846,0,258,0,546,2,1372,44,16880
2026/02/16,16:30,17220,0,9702,3206,0,414,790,2,602,354,0,278,0,1062,2,758,50,17220
2026/02/16,17:00,17380,0,9190,3210,0,406,880,2,600,54,0,276,0,748,10,1920,84,17380
2026/02/16,17:30,17820,0,9672,3204,0,410,886,2,602,0,0,274,0,642,16,2016,96,17820
2026/02/16,18:00,17882,0,9722,3218,0,432,900,2,600,0,0,262,0,424,14,2214,94,17882
2026/02/16,18:30,17752,0,9838,3206,0,428,866,2,598,0,0,246,0,346,16,2112,94,17752
2026/02/16,19:00,17470,0,9092,3208,0,408,842,0,598,0,0,240,0,184,4,2798,96,17470
2026/02/16,19:30,17280,0,8584,3206,0,404,844,2,604,0,0,226,0,128,4,3186,92,17280
2026/02/16,20:00,17266,0,8882,3212,0,406,824,2,596,0,0,216,0,128,4,2916,80,17266
2026/02/16,20:30,17142,0,8396,3204,0,400,808,2,600,0,0,206,0,124,0,3326,76,17142
2026/02/16,21:00,16814,0,8688,3202,0,398,722,2,606,0,0,200,0,124,0,2804,68,16814
2026/02/16,21:30,16578,0,8762,3212,0,394,702,2,618,0,0,206,0,8,2,2608,64,16578
2026/02/16,22:00,16230,0,7958,3206,0,404,682,2,622,0,0,206,0,-70,0,3176,44,16230
2026/02/16,22:30,15710,0,7772,3212,0,412,680,2,624,0,0,212,0,-138,0,2896,38,15710
2026/02/16,23:00,15636,0,8554,3210,0,404,676,2,624,0,0,212,0,-142,0,2058,38,15636
2026/02/16,23:30,15156,0,8058,3210,0,402,648,2,624,0,0,214,0,-104,2,2058,42,15156
2026/02/17,00:00,14950,0,7764,3202,0,394,460,2,624,0,0,230,0,-122,0,2350,46,14950
2026/02/17,00:30,14522,0,7180,3210,0,410,436,2,624,0,0,242,0,-138,0,2518,38,14522
2026/02/17,01:00,14562,0,7152,3202,0,404,424,2,628,0,0,228,0,-122,0,2588,56,14562
2026/02/17,01:30,14396,0,6918,3214,0,396,416,0,618,0,0,228,0,-44,0,2602,48,14396
2026/02/17,02:00,14526,0,6998,3206,0,398,452,2,620,0,0,230,0,4,0,2554,62,14526
2026/02/17,02:30,14618,0,7078,3208,0,390,452,2,616,0,0,214,0,2,0,2600,56,14618
2026/02/17,03:00,14544,0,7248,3208,0,388,444,2,618,0,0,212,0,-80,2,2478,24,14544
2026/02/17,03:30,14636,0,7366,3210,0,392,454,2,614,0,0,226,0,-152,0,2498,26,14636
2026/02/17,04:00,14760,0,7292,3210,0,386,504,2,620,0,0,230,0,-152,0,2640,28,14760
2026/02/17,04:30,14722,0,7314,3198,0,404,508,2,612,0,0,236,0,-120,0,2516,52,14722
2026/02/17,05:00,15118,0,8042,3206,0,390,514,2,618,0,0,222,0,0,2,2040,82,15118
2026/02/17,05:30,15550,0,7698,3214,0,394,528,2,612,0,0,212,0,2,2,2806,80,15550
2026/02/17,06:00,16288,0,8870,3208,0,390,606,2,614,0,0,204,0,60,2,2278,54,16288
2026/02/17,06:30,17198,0,9290,3206,0,388,604,2,616,26,0,198,0,78,12,2728,50,17198
2026/02/17,07:00,17658,0,9320,3206,0,390,624,2,616,282,0,188,0,78,10,2910,32,17658
2026/02/17,07:30,18178,0,9676,3208,0,400,644,2,616,952,0,174,0,76,12,2386,32,18178
2026/02/17,08:00,19132,0,10140,3206,0,432,640,2,616,1490,0,156,0,112,12,2292,34,19132
2026/02/17,08:30,19932,0,8886,3206,0,412,640,2,614,2708,0,140,0,44,0,3246,34,19932
2026/02/17,09:00,20192,0,8932,3202,0,400,590,2,612,3994,0,108,0,4,2,2336,10,20192
2026/02/17,09:30,19976,0,8382,3200,0,394,576,2,600,4990,0,68,0,2,12,1740,10,19976
2026/02/17,10:00,19490,0,7690,3194,0,390,466,2,606,5782,0,44,0,4,0,1304,8,19490
2026/02/17,10:30,19082,0,6752,3212,0,408,462,0,602,6290,0,34,0,-2,2,1314,8,19082
2026/02/17,11:00,18772,0,6110,3196,0,422,456,2,608,6460,0,26,0,-216,2,1700,6,18772
2026/02/17,11:30,18468,0,5644,3202,0,446,452,2,612,6428,0,16,0,-524,2,2184,4,18468
2026/02/17,12:00,17412,0,6312,3216,0,446,422,2,606,6294,0,8,0,-1354,0,1456,4,17412
2026/02/17,12:30,17174,0,6494,3204,0,476,432,2,610,6204,0,4,0,-1674,0,1418,4,17174
2026/02/17,13:00,17842,0,6796,3198,0,486,428,2,608,6088,0,4,0,-1394,2,1620,4,17842
2026/02/17,13:30,17546,0,6318,3200,0,500,442,2,606,5766,0,2,0,-922,0,1628,4,17546
2026/02/17,14:00,17594,0,6262,3200,0,490,528,2,608,5686,0,2,0,-792,0,1600,8,17594
2026/02/17,14:30,17346,0,6076,3206,0,480,538,0,606,4998,0,0,0,-116,2,1546,10,17346
2026/02/17,15:00,17132,0,6414,3198,0,450,552,2,612,4062,0,2,0,4,2,1824,10,17132
2026/02/17,15:30,17328,0,7804,3204,0,478,534,2,618,3028,0,0,0,2,2,1644,12,17328
2026/02/17,16:00,17574,0,9022,3208,0,454,630,2,614,1876,0,0,0,166,4,1584,14,17574
2026/02/17,16:30,17582,0,9460,3206,0,474,760,2,618,820,0,2,0,618,12,1600,10,17582
2026/02/17,17:00,17684,0,9982,3208,0,446,840,2,614,142,0,0,0,576,16,1822,36,17684
2026/02/17,17:30,18192,0,10062,3208,0,440,892,2,622,4,0,4,0,508,14,2398,38,18192
2026/02/17,18:00,18290,0,10332,3210,0,448,960,2,622,0,0,2,0,466,18,2154,76,18290
2026/02/17,18:30,18230,0,10280,3210,0,458,904,2,624,0,0,2,0,364,16,2298,72,18230
2026/02/17,19:00,17916,0,10192,3208,0,454,826,2,622,0,0,2,0,326,10,2198,76,17916
2026/02/17,19:30,17698,0,9926,3214,0,482,810,2,620,0,0,4,0,278,2,2286,74,17698
2026/02/17,20:00,17698,0,9874,3204,0,452,798,2,622,0,0,4,0,24,2,2640,76,17698
2026/02/17,20:30,17556,0,9648,3214,0,444,792,2,614,0,0,6,0,2,2,2758,74,17556
2026/02/17,21:00,17272,0,9664,3212,0,446,702,2,620,0,0,4,0,4,2,2548,68,17272
2026/02/17,21:30,16974,0,9928,3210,0,444,646,0,616,0,0,6,0,2,0,2056,66,16974
2026/02/17,22:00,16624,0,9222,3206,0,462,548,2,616,0,0,4,0,4,2,2532,26,16624
2026/02/17,22:30,16110,0,8450,3208,0,484,530,2,618,0,0,8,0,2,0,2790,18,16110
2026/02/17,23:00,15868,0,8024,3208,0,500,514,2,616,0,0,8,0,4,2,2970,20,15868
2026/02/17,23:30,15478,0,7778,3210,0,488,494,2,618,0,0,14,0,2,0,2856,16,15478
2026/02/18,00:00,15196,0,8418,3208,0,470,390,2,614,0,0,14,0,2,0,2060,18,15196
2026/02/18,00:30,14774,0,7642,3212,0,434,382,2,612,0,0,10,0,4,2,2460,14,14774
2026/02/18,01:00,14704,0,7322,3204,0,446,366,2,610,0,0,18,0,4,0,2710,22,14704
2026/02/18,01:30,14732,0,7468,3206,0,466,380,0,610,0,0,32,0,2,0,2554,14,14732
2026/02/18,02:00,14794,0,7528,3206,0,472,374,2,604,0,0,32,0,4,0,2552,20,14794
2026/02/18,02:30,15002,0,7996,3208,0,456,366,2,606,0,0,28,0,2,0,2316,22,15002
2026/02/18,03:00,14976,0,8044,3206,0,458,374,2,602,0,0,42,0,4,2,2224,18,14976
2026/02/18,03:30,14940,0,8142,3208,0,448,372,2,604,0,0,54,0,2,0,2092,16,14940
2026/02/18,04:00,15146,0,8378,3216,0,452,360,2,604,0,0,64,0,4,2,2048,16,15146
2026/02/18,04:30,15152,0,8400,3200,0,430,366,2,600,0,0,66,0,2,0,2070,16,15152
2026/02/18,05:00,15522,0,8734,3208,0,440,392,2,600,0,0,68,0,4,2,2034,38,15522
2026/02/18,05:30,15944,0,8926,3212,0,452,396,2,598,0,0,76,0,2,0,2240,40,15944
2026/02/18,06:00,16806,0,9446,3208,0,420,554,2,602,0,0,74,0,60,4,2396,40,16806
2026/02/18,06:30,17586,0,10260,3206,0,422,560,2,600,44,0,82,0,76,12,2290,32,17586
2026/02/18,07:00,18028,0,9898,3208,0,430,586,2,600,700,0,94,0,78,16,2372,44,18028
2026/02/18,07:30,18484,0,9532,3206,0,424,608,2,602,1946,0,78,0,76,10,1964,36,18484
2026/02/18,08:00,19074,0,9364,3206,0,448,504,0,602,3218,0,62,0,6,4,1640,20,19074
2026/02/18,08:30,19660,0,8000,3212,0,426,506,2,602,4356,0,50,0,2,2,2488,14,19660
2026/02/18,09:00,19650,0,6668,3206,0,420,456,2,598,5258,0,58,0,4,0,2966,14,19650
2026/02/18,09:30,19456,0,5140,2988,0,442,434,2,596,6736,0,104,0,-40,0,3042,12,19456
2026/02/18,10:00,18920,0,4956,2794,0,444,422,2,598,7444,0,120,0,-374,2,2498,14,18920
2026/02/18,10:30,18500,0,4374,3032,0,430,414,2,600,7930,0,118,0,-730,4,2318,8,18500
2026/02/18,11:00,18110,0,3870,2808,0,420,408,0,602,8454,0,138,0,-732,2,2126,14,18110
2026/02/18,11:30,17658,0,3748,2774,0,452,398,0,598,8578,0,164,0,-848,0,1782,12,17658
2026/02/18,12:00,16608,0,3434,2764,0,462,454,0,598,8618,0,166,0,-910,0,1010,12,16608
2026/02/18,12:30,16286,0,3620,2736,0,462,466,0,602,8246,0,180,0,-1042,2,1002,12,16286
2026/02/18,13:00,16766,0,3890,2898,0,456,464,0,600,7304,0,174,0,-1302,2,2266,14,16766
2026/02/18,13:30,17268,0,3664,3132,0,462,484,0,602,7202,0,192,0,-1114,4,2630,10,17268
2026/02/18,14:00,17074,0,4470,3188,0,480,480,0,596,6008,0,180,0,-848,2,2504,14,17074
2026/02/18,14:30,16878,0,4924,3206,0,468,494,0,600,4594,0,188,0,-120,2,2510,12,16878
2026/02/18,15:00,16798,0,5162,3054,0,460,516,0,602,3564,0,204,0,4,2,3216,14,16798
2026/02/18,15:30,17170,0,6344,3116,0,448,580,0,600,2436,0,210,0,2,4,3418,12,17170
2026/02/18,16:00,17508,0,8012,3208,0,462,714,0,602,1408,0,200,0,4,4,2858,36,17508
2026/02/18,16:30,17696,0,9084,3214,0,450,774,0,606,556,0,218,0,412,4,2334,44,17696
2026/02/18,17:00,18016,0,9506,3206,0,454,838,0,604,106,0,202,0,784,16,2254,46,18016
2026/02/18,17:30,18428,0,9754,3202,0,450,838,0,604,8,0,206,0,1232,18,2072,44,18428
2026/02/18,18:00,18672,0,9522,3212,0,450,846,2,598,0,0,236,0,1376,6,2330,94,18672
2026/02/18,18:30,18626,0,9564,3212,0,440,816,2,602,0,0,268,0,1054,6,2566,96,18626
2026/02/18,19:00,18348,0,9558,3206,0,436,798,2,602,0,0,278,0,1058,6,2306,98,18348
2026/02/18,19:30,18116,0,9660,3200,0,442,798,2,600,0,0,282,0,826,2,2212,92,18116
2026/02/18,20:00,18080,0,9594,3184,0,446,732,0,606,0,0,278,0,872,4,2264,100,18080
2026/02/18,20:30,17898,0,9644,3154,0,434,712,2,600,0,0,248,0,732,4,2270,98,17898
2026/02/18,21:00,17620,0,9768,3138,0,432,592,2,604,0,0,236,0,590,2,2180,76,17620
2026/02/18,21:30,17262,0,9446,3162,0,464,538,2,604,0,0,250,0,568,0,2168,60,17262
2026/02/18,22:00,16924,0,9028,3152,0,426,520,2,606,0,0,262,0,168,2,2696,62,16924
2026/02/18,22:30,16464,0,8912,3158,0,412,502,2,608,0,0,272,0,2,0,2570,26,16464
2026/02/18,23:00,16248,0,8810,3156,0,430,454,2,608,0,0,274,0,4,0,2480,30,16248
2026/02/18,23:30,15906,0,8276,3158,0,426,440,2,608,0,0,276,0,2,0,2692,26,15906
2026/02/19,00:00,15448,0,8378,3162,0,430,392,2,614,0,0,288,0,4,0,2150,28,15448
2026/02/19,00:30,15136,0,7832,3154,0,432,378,2,608,0,0,282,0,2,0,2416,30,15136
2026/02/19,01:00,15040,0,7758,3162,0,460,392,2,616,0,0,266,0,4,0,2352,28,15040
2026/02/19,01:30,15076,0,8074,3156,0,424,372,2,610,0,0,256,0,2,0,2150,30,15076
2026/02/19,02:00,15210,0,8116,3160,0,422,378,2,612,0,0,262,0,2,2,2222,32,15210
2026/02/19,02:30,15234,0,8350,3158,0,434,366,0,610,0,0,250,0,4,2,2032,28,15234
2026/02/19,03:00,15384,0,8480,3160,0,436,374,2,612,0,0,248,0,4,0,2034,34,15384
2026/02/19,03:30,15238,0,8460,3156,0,414,370,2,614,0,0,250,0,2,0,1934,36,15238
2026/02/19,04:00,15396,0,8806,3158,0,408,362,2,614,0,0,246,0,4,0,1754,42,15396
2026/02/19,04:30,15340,0,8670,3158,0,424,362,2,610,0,0,244,0,2,0,1830,38,15340
2026/02/19,05:00,15724,0,8812,3160,0,434,462,2,612,0,0,244,0,4,2,1926,66,15724
2026/02/19,05:30,16252,0,9344,3176,0,448,462,2,610,0,0,250,0,2,0,1892,66,16252
2026/02/19,06:00,17150,0,9834,3176,0,444,532,2,608,0,0,246,0,4,2,2250,52,17150
2026/02/19,06:30,18092,0,10456,3178,0,472,538,2,610,44,0,242,0,106,10,2390,44,18092
2026/02/19,07:00,18826,0,10430,3176,0,454,558,2,604,688,0,234,0,300,12,2328,40,18826
2026/02/19,07:30,19248,0,9912,3206,0,444,576,2,600,1918,0,232,0,196,10,2118,34,19248
2026/02/19,08:00,19982,0,9282,3198,0,452,570,2,604,3334,0,244,0,4,2,2250,40,19982
2026/02/19,08:30,20724,0,8048,3214,0,452,584,2,600,4812,0,252,0,2,0,2722,36,20724
2026/02/19,09:00,20810,0,6252,3184,0,440,596,0,596,6054,0,250,0,-18,0,3412,44,20810
2026/02/19,09:30,20488,0,5866,3186,0,430,590,2,596,7124,0,248,0,-352,4,2782,12,20488
2026/02/19,10:00,20050,0,5630,3208,0,444,496,2,592,7952,0,244,0,-766,2,2238,8,20050
2026/02/19,10:30,19776,0,5726,3210,0,428,442,2,602,8532,0,240,0,-838,4,1422,6,19776
2026/02/19,11:00,19322,0,5410,3208,0,440,422,2,602,8894,0,240,0,-908,0,1004,8,19322
2026/02/19,11:30,18922,0,5062,3208,0,424,412,2,606,9074,0,232,0,-1096,0,996,2,18922
2026/02/19,12:00,17918,0,4460,3192,0,422,412,2,610,9148,0,226,0,-1574,0,1012,8,17918
2026/02/19,12:30,17546,0,4334,3204,0,436,420,2,606,9026,0,218,0,-1632,0,928,4,17546
2026/02/19,13:00,18000,0,4788,3212,0,458,430,0,608,8718,0,218,0,-1390,4,948,6,18000
2026/02/19,13:30,18096,0,4962,3204,0,422,428,2,608,8228,0,216,0,-790,0,810,6,18096
2026/02/19,14:00,18010,0,5474,3208,0,418,432,2,606,7524,0,208,0,-712,0,844,6,18010
2026/02/19,14:30,17862,0,6298,3214,0,432,448,2,608,6604,0,194,0,-604,2,662,2,17862
2026/02/19,15:00,17740,0,6884,3210,0,450,472,2,608,5402,0,170,0,-356,2,890,6,17740
2026/02/19,15:30,18044,0,7488,3208,0,422,532,2,608,4012,0,136,0,-82,2,1708,8,18044
2026/02/19,16:00,18304,0,8770,3210,0,436,760,2,610,2510,0,146,0,108,4,1736,12,18304
2026/02/19,16:30,18536,0,9580,3206,0,440,806,2,612,1094,0,170,0,754,6,1852,14,18536
2026/02/19,17:00,18662,0,10278,3206,0,442,842,2,610,212,0,182,0,878,6,1970,34,18662
2026/02/19,17:30,19174,0,10838,3206,0,450,878,2,612,12,0,204,0,2140,16,772,44,19174
2026/02/19,18:00,19476,0,10902,3210,0,452,932,2,610,0,0,196,0,2246,14,826,86,19476
2026/02/19,18:30,19496,0,10858,3208,0,486,916,2,608,0,0,220,0,2268,16,824,90,19496
2026/02/19,19:00,19206,0,10332,3168,0,482,894,0,610,0,0,200,0,1480,10,1938,92,19206
2026/02/19,19:30,19052,0,10706,3182,0,464,880,2,610,0,0,196,0,2056,2,862,92,19052
2026/02/19,20:00,18978,0,10876,3214,0,468,790,2,614,0,0,168,0,1678,4,1066,98,18978
2026/02/19,20:30,18776,0,10166,3206,0,478,756,2,610,0,0,168,0,1044,4,2248,94,18776
2026/02/19,21:00,18452,0,10546,3206,0,456,646,2,614,0,0,162,0,1162,0,1594,64,18452
2026/02/19,21:30,18048,0,10408,3210,0,456,580,2,610,0,0,152,0,786,0,1792,52,18048
2026/02/19,22:00,17654,0,10016,3208,0,456,484,2,614,0,0,148,0,298,2,2372,54,17654
2026/02/19,22:30,17090,0,9874,3200,0,460,460,2,610,0,0,162,0,26,0,2246,50,17090
2026/02/19,23:00,16974,0,9848,3168,0,470,502,2,616,0,0,162,0,28,2,2150,26,16974
2026/02/19,23:30,16590,0,9688,3148,0,452,448,2,614,0,0,142,0,24,2,2052,18,16590
2026/02/20,00:00,16104,0,9280,3166,0,444,402,2,616,0,0,132,0,28,0,2012,22,16104
2026/02/20,00:30,15748,0,9076,3160,2,436,408,2,616,0,0,136,0,26,0,1866,20,15748
2026/02/20,01:00,15592,0,8852,3156,0,446,402,2,612,0,0,120,0,28,0,1954,20,15592
2026/02/20,01:30,15566,0,8952,3158,0,480,392,2,610,0,0,108,0,26,2,1820,16,15566
2026/02/20,02:00,15550,0,8668,3158,0,440,398,2,612,0,0,102,0,28,0,2120,22,15550
2026/02/20,02:30,15588,0,9038,3164,0,440,396,0,610,0,0,114,0,28,0,1784,14,15588
2026/02/20,03:00,15584,0,9044,3156,0,426,388,2,612,0,0,90,0,28,2,1814,22,15584
2026/02/20,03:30,15484,0,9194,3158,0,444,400,2,614,0,0,78,0,26,2,1552,14,15484
2026/02/20,04:00,15568,0,8970,3156,0,450,388,2,614,0,0,88,0,28,0,1846,26,15568
2026/02/20,04:30,15686,0,9210,3164,0,434,386,2,610,0,0,74,0,24,2,1762,18,15686
2026/02/20,05:00,15986,0,9502,3160,0,440,442,2,612,0,0,56,0,30,2,1690,50,15986
2026/02/20,05:30,16566,0,10004,3158,0,448,462,2,608,0,0,52,0,24,2,1768,38,16566
2026/02/20,06:00,17584,0,10186,3152,0,464,620,2,614,0,0,42,0,476,4,1976,48,17584
2026/02/20,06:30,18400,0,10344,3154,0,456,650,2,612,40,0,30,0,968,4,2102,38,18400
2026/02/20,07:00,18994,0,9720,3162,0,416,646,2,610,622,0,32,0,940,4,2798,42,18994
2026/02/20,07:30,19296,0,9744,3152,0,466,606,2,608,1484,0,28,0,1154,4,2008,40,19296
2026/02/20,08:00,20008,0,9574,3168,0,482,636,2,610,2758,0,22,0,688,0,2026,42,20008
2026/02/20,08:30,20644,0,9398,3148,0,486,666,0,606,3942,0,18,0,502,0,1844,34,20644
2026/02/20,09:00,20764,0,9460,3162,0,490,640,2,608,4542,0,10,0,500,2,1294,54,20764
2026/02/20,09:30,20316,0,9044,3150,0,462,536,2,602,5226,0,8,0,390,0,850,46,20316
2026/02/20,10:00,19854,0,8298,3170,0,432,446,2,604,6368,0,8,0,432,0,70,24,19854
2026/02/20,10:30,19364,0,7750,3152,0,454,442,2,608,6420,0,8,0,356,0,158,14,19364
2026/02/20,11:00,18998,0,5958,3076,0,496,420,2,604,6526,0,10,0,-72,0,1952,26,18998
2026/02/20,11:30,18550,0,5622,2918,4,486,406,2,610,6476,0,10,0,-756,2,2748,22,18550
2026/02/20,12:00,17510,0,5838,2624,2,458,418,2,608,5994,0,12,0,-1396,0,2922,28,17510
2026/02/20,12:30,17114,0,5628,2946,0,456,422,2,614,5456,0,14,0,-1432,2,2982,24,17114
2026/02/20,13:00,17772,0,6596,3130,0,458,446,2,608,5286,0,12,0,-610,0,1812,32,17772
2026/02/20,13:30,17808,0,7256,3148,0,418,448,0,604,4642,0,16,0,-106,2,1356,24,17808
2026/02/20,14:00,17684,0,7276,3170,0,404,458,2,602,4166,0,10,0,-104,0,1684,16,17684
2026/02/20,14:30,17488,0,7732,3146,0,420,464,2,608,3470,0,20,0,2,2,1614,8,17488
2026/02/20,15:00,17496,0,8166,3162,0,424,506,2,604,2768,0,20,0,26,2,1800,16,17496
2026/02/20,15:30,17680,0,8746,3152,0,430,534,2,612,1876,0,18,0,178,2,2124,6,17680
2026/02/20,16:00,17780,0,9134,3168,0,444,748,2,606,1080,0,16,0,678,2,1872,30,17780
2026/02/20,16:30,17814,0,9428,3150,0,458,842,2,614,534,0,12,0,922,8,1824,20,17814
2026/02/20,17:00,17836,0,9430,3168,0,464,1006,2,612,110,0,6,0,1340,22,1632,44,17836
2026/02/20,17:30,18100,0,9776,3148,0,472,1048,2,614,2,0,8,0,1542,28,1422,38,18100
2026/02/20,18:00,18188,0,9516,3168,0,458,1096,2,612,0,0,8,0,1510,28,1716,74,18188
2026/02/20,18:30,18104,0,9288,3150,0,494,1118,2,614,0,0,14,0,1378,20,1962,64,18104
2026/02/20,19:00,17818,0,9458,3170,0,472,1122,0,612,0,0,8,0,1100,22,1792,62,17818
2026/02/20,19:30,17690,0,9476,3152,0,486,1110,2,616,0,0,18,0,766,16,1988,60,17690
2026/02/20,20:00,17558,0,9564,3166,0,476,1060,2,612,0,0,20,0,580,8,2012,58,17558
2026/02/20,20:30,17436,0,9588,3148,0,472,954,2,616,0,0,26,0,622,2,1952,54,17436
2026/02/20,21:00,17332,0,9608,3174,0,474,726,2,608,0,0,24,0,646,2,2014,54,17332
2026/02/20,21:30,17054,0,9410,3144,0,438,644,2,612,0,0,32,0,596,0,2130,46,17054
2026/02/20,22:00,16892,0,9414,3170,0,446,586,2,612,0,0,42,0,588,0,1986,46,16892
2026/02/20,22:30,16454,0,9438,3134,0,430,552,2,610,0,0,46,0,482,0,1714,46,16454
2026/02/20,23:00,16182,0,9416,3068,0,426,446,2,608,0,0,44,0,544,2,1602,24,16182
2026/02/20,23:30,15992,0,9570,3060,0,414,410,2,608,0,0,42,0,528,0,1340,18,15992
2026/02/21,00:00,15450,0,8976,3128,0,414,408,2,610,0,0,36,0,278,10,1562,26,15450
2026/02/21,00:30,15198,0,9034,3146,0,408,466,2,608,0,0,40,0,38,2,1436,18,15198
2026/02/21,01:00,15016,0,8388,3170,0,394,476,2,610,0,0,44,0,66,4,1840,22,15016
2026/02/21,01:30,14858,0,8366,3150,0,410,468,0,608,0,0,46,0,48,0,1744,18,14858
2026/02/21,02:00,14978,0,8298,3164,0,398,476,2,610,0,0,48,0,40,2,1914,26,14978
2026/02/21,02:30,14940,0,8286,3152,0,416,478,2,602,0,0,54,0,38,0,1892,20,14940
2026/02/21,03:00,14976,0,8352,3164,0,416,476,2,604,0,0,52,0,40,2,1818,50,14976
2026/02/21,03:30,14834,0,8170,3142,0,422,466,2,602,0,0,46,0,38,2,1904,40,14834
2026/02/21,04:00,14852,0,8282,3174,0,442,460,2,604,0,0,38,0,38,0,1762,50,14852
2026/02/21,04:30,14496,0,8070,3142,0,472,458,2,604,0,0,36,0,40,0,1630,42,14496
2026/02/21,05:00,14766,0,8408,3166,0,424,462,2,602,0,0,36,0,28,2,1586,50,14766
2026/02/21,05:30,14464,0,8138,3148,0,430,460,2,604,0,0,34,0,72,0,1532,44,14464
2026/02/21,06:00,15062,0,8428,3170,0,452,520,2,606,0,0,30,0,78,10,1724,42,15062
2026/02/21,06:30,15200,0,8518,3150,0,464,532,2,604,60,0,26,0,94,14,1698,38,15200
2026/02/21,07:00,15422,0,8110,3094,0,446,494,2,604,790,0,30,0,182,12,1614,44,15422
2026/02/21,07:30,15580,0,7902,2950,0,428,520,2,604,2032,0,18,0,30,4,1052,38,15580
2026/02/21,08:00,15558,0,6382,2820,0,414,542,0,604,3436,0,14,0,2,6,1312,26,15558
2026/02/21,08:30,15496,0,4752,2702,0,418,556,2,598,4878,0,10,0,0,0,1564,16,15496
2026/02/21,09:00,15234,0,3948,2718,0,424,524,2,600,6094,0,4,0,-436,0,1326,30,15234
2026/02/21,09:30,14778,0,2758,2688,0,420,480,2,598,7098,0,6,0,-1062,2,1762,26,14778
2026/02/21,10:00,14478,0,3046,2710,0,446,430,2,602,7868,0,4,0,-1490,4,822,34,14478
2026/02/21,10:30,14096,0,2436,2502,0,426,424,2,602,8428,0,8,0,-2410,0,1650,28,14096
2026/02/21,11:00,13700,0,2500,2524,0,424,402,2,598,8774,0,10,0,-3054,2,1486,32,13700
2026/02/21,11:30,13586,0,2992,2158,0,436,390,2,602,8918,0,12,0,-3464,0,1508,32,13586
2026/02/21,12:00,12996,0,2750,2120,0,424,392,2,600,8954,0,12,0,-3614,2,1312,42,12996
2026/02/21,12:30,12896,0,3096,2152,0,418,384,2,600,8804,0,18,0,-3592,0,978,36,12896
2026/02/21,13:00,12638,0,3184,2174,0,422,394,2,598,8424,0,20,0,-3304,0,680,44,12638
2026/02/21,13:30,12616,0,3028,2028,0,436,396,2,598,7950,0,20,0,-2584,2,704,36,12616
2026/02/21,14:00,12348,0,2630,2020,0,482,398,0,594,7280,0,12,0,-2218,2,1106,42,12348
2026/02/21,14:30,12220,0,3148,2190,0,434,390,2,598,6388,0,16,0,-1730,2,746,36,12220
2026/02/21,15:00,12052,0,2988,2292,0,452,422,2,594,5200,0,12,0,-1166,2,1204,50,12052
2026/02/21,15:30,12118,0,3476,2556,0,444,434,2,594,3842,0,22,0,-732,6,1432,42,12118
2026/02/21,16:00,12278,0,4416,2714,0,430,526,2,594,2374,0,30,0,-14,4,1142,60,12278
2026/02/21,16:30,12514,0,5616,2690,0,450,590,2,598,1000,0,28,0,286,6,1194,54,12514
2026/02/21,17:00,12898,0,6512,2718,0,454,684,2,600,184,0,22,0,536,14,1112,60,12898
2026/02/21,17:30,13646,0,7138,2692,0,468,690,2,532,4,0,26,0,642,20,1380,52,13646
2026/02/21,18:00,14086,0,7530,2700,0,470,698,2,502,0,0,28,0,786,28,1238,104,14086
2026/02/21,18:30,14154,0,7298,2698,0,456,710,0,508,0,0,40,0,958,28,1360,98,14154
2026/02/21,19:00,14210,0,7222,2720,0,474,698,2,502,0,0,38,0,962,26,1434,132,14210
2026/02/21,19:30,14140,0,7140,2746,0,460,678,2,512,0,0,30,0,824,14,1608,126,14140
2026/02/21,20:00,14186,0,6654,2826,0,470,656,2,506,0,0,30,0,776,14,2120,132,14186
2026/02/21,20:30,13958,0,6562,2798,0,466,644,2,508,0,0,26,0,858,4,1962,128,13958
2026/02/21,21:00,13824,0,7400,2814,0,494,570,2,508,0,0,20,0,628,6,1266,116,13824
2026/02/21,21:30,13576,0,7296,2800,0,454,534,2,510,0,0,22,0,570,2,1278,108,13576
2026/02/21,22:00,13248,0,6686,2870,0,440,426,2,510,0,0,24,0,572,2,1634,82,13248
2026/02/21,22:30,12832,0,6382,2968,0,438,402,2,508,0,0,20,0,474,2,1558,78,12832
2026/02/21,23:00,12766,0,6480,3006,0,428,358,2,510,0,0,22,0,354,2,1540,64,12766
2026/02/21,23:30,12462,0,6558,3002,0,470,344,2,504,0,0,34,0,336,0,1152,60,12462
2026/02/22,00:00,12178,0,6438,3002,0,456,352,2,508,0,0,26,0,396,6,924,68,12178
2026/02/22,00:30,11944,0,5738,2968,0,456,340,2,510,0,0,26,0,548,2,1294,60,11944
2026/02/22,01:00,12040,0,5640,3078,0,454,378,0,508,0,0,22,0,746,0,1154,60,12040
2026/02/22,01:30,12022,0,5474,3138,0,442,390,2,510,0,0,14,0,812,2,1178,60,12022
2026/02/22,02:00,12112,0,5470,3164,0,444,464,2,512,0,0,18,0,824,0,1150,64,12112
2026/02/22,02:30,12148,0,5528,3136,0,446,462,2,508,0,0,22,0,798,2,1186,58,12148
2026/02/22,03:00,12402,0,5736,3156,0,442,484,2,510,0,0,22,0,716,2,1244,88,12402
2026/02/22,03:30,12268,0,5462,3144,0,450,472,2,510,0,0,22,0,712,0,1410,84,12268
2026/02/22,04:00,12406,0,5394,3160,0,470,480,2,510,0,0,28,0,720,2,1542,98,12406
2026/02/22,04:30,12322,0,5536,3132,0,444,476,2,506,0,0,20,0,892,0,1222,92,12322
2026/02/22,05:00,12406,0,5626,3024,0,432,486,2,508,0,0,20,0,964,2,1266,76,12406
2026/02/22,05:30,12230,0,5996,2852,0,412,482,2,506,0,0,14,0,1002,2,894,68,12230
2026/02/22,06:00,12322,0,6046,2860,0,408,450,2,504,0,0,8,0,1044,14,920,66,12322
2026/02/22,06:30,12374,0,5996,2850,0,404,444,2,506,30,0,4,0,1270,22,786,60,12374
2026/02/22,07:00,12550,0,6118,2768,0,398,426,2,508,344,0,6,0,844,14,1072,50,12550
2026/02/22,07:30,12660,0,5850,2618,0,402,444,2,508,958,0,4,0,826,12,998,38,12660
2026/02/22,08:00,12752,0,4868,2440,0,402,464,0,506,1686,0,6,0,416,4,1920,40,12752
2026/02/22,08:30,12712,0,3490,2212,0,402,462,2,502,2828,0,0,0,78,0,2704,32,12712
2026/02/22,09:00,12670,0,2560,1954,0,442,478,2,508,4002,0,8,0,-424,0,3106,34,12670
2026/02/22,09:30,12492,0,2486,1402,0,452,468,2,506,5372,0,12,0,-1528,2,3296,22,12492
2026/02/22,10:00,12312,0,2932,1140,0,434,426,2,504,6474,0,8,0,-2502,0,2866,28,12312
2026/02/22,10:30,11938,0,2576,1138,0,448,412,2,484,7298,0,10,0,-3170,2,2720,18,11938
2026/02/22,11:00,11748,0,2660,1138,0,418,412,2,472,7892,0,12,0,-3688,0,2402,28,11748
2026/02/22,11:30,11538,0,2858,1132,0,406,386,2,458,8046,0,16,0,-3700,2,1916,16,11538
2026/02/22,12:00,11220,0,2344,1142,0,428,380,2,460,8168,0,26,0,-3754,2,1994,28,11220
2026/02/22,12:30,11254,0,2742,1134,0,418,374,2,458,8218,0,30,0,-3678,4,1536,16,11254
2026/02/22,13:00,10856,0,2656,1212,0,406,388,2,470,7798,0,38,0,-3658,2,1512,30,10856
2026/02/22,13:30,10882,0,2770,1302,0,380,386,0,490,7456,0,44,0,-3454,2,1486,20,10882
2026/02/22,14:00,10628,0,2656,1344,0,376,392,2,504,6878,0,62,0,-2880,2,1254,38,10628
2026/02/22,14:30,10662,0,3086,1656,0,384,404,2,508,6064,0,78,0,-2646,2,1088,36,10662
2026/02/22,15:00,10646,0,3182,2054,0,378,462,2,506,4914,0,86,0,-1928,4,940,46,10646
2026/02/22,15:30,10638,0,3902,2282,0,382,472,2,508,3506,0,92,0,-934,4,380,42,10638
2026/02/22,16:00,11028,0,4396,2676,0,384,558,2,506,2002,0,100,0,302,4,50,48,11028
2026/02/22,16:30,11236,0,4760,2968,0,388,620,2,506,710,0,100,0,1804,4,-672,46,11236
2026/02/22,17:00,12054,0,5514,3010,0,390,722,2,506,66,0,112,0,1766,6,-110,70,12054
2026/02/22,17:30,12436,0,5612,2994,0,422,774,2,510,4,0,100,0,1110,16,828,64,12436
2026/02/22,18:00,13008,0,6044,3020,0,392,890,0,506,0,0,100,0,846,20,1102,88,13008
2026/02/22,18:30,12832,0,5810,3068,0,408,896,2,508,0,0,82,0,504,16,1458,80,12832
2026/02/22,19:00,12902,0,5714,3130,0,400,894,2,506,0,0,82,0,396,6,1682,90,12902
2026/02/22,19:30,12738,0,5474,3154,0,394,890,2,512,0,0,92,0,218,4,1914,84,12738
2026/02/22,20:00,12546,0,5462,3170,0,390,828,2,506,0,0,96,0,62,4,1936,90,12546
2026/02/22,20:30,12434,0,4940,3148,0,392,826,2,510,0,0,114,0,2,6,2410,84,12434
2026/02/22,21:00,12266,0,4806,3168,0,390,734,2,504,0,0,108,0,4,2,2458,90,12266
2026/02/22,21:30,11942,0,5002,3146,0,390,672,2,510,0,0,106,0,2,0,2028,84,11942
2026/02/22,22:00,11740,0,4924,3170,0,394,538,2,508,0,0,92,0,2,2,2040,68,11740
2026/02/22,22:30,11422,0,5020,3136,0,392,502,2,510,0,0,86,0,4,0,1708,62,11422
2026/02/22,23:00,11332,0,4922,3112,0,388,440,2,508,0,0,88,0,4,2,1788,78,11332
2026/02/22,23:30,11096,0,4836,3098,0,386,450,2,506,0,0,92,0,2,2,1652,70,11096
2026/02/23,00:00,10752,0,4544,3106,0,388,438,2,504,0,0,96,0,4,0,1590,80,10752
2026/02/23,00:30,10660,0,4210,3084,0,374,442,2,508,0,0,104,0,2,2,1862,70,10660
2026/02/23,01:00,10586,0,3690,3116,0,376,442,2,502,0,0,108,0,4,0,2270,76,10586
2026/02/23,01:30,10598,0,3972,3084,0,374,434,2,500,0,0,102,0,2,0,2056,72,10598
2026/02/23,02:00,10700,0,3844,3114,0,374,446,2,496,0,0,94,0,4,2,2258,66,10700
2026/02/23,02:30,10936,0,4246,3092,0,378,436,0,494,0,0,106,0,2,2,2116,64,10936
2026/02/23,03:00,11194,0,4702,3112,0,380,448,2,490,0,0,98,0,4,2,1906,50,11194
2026/02/23,03:30,11150,0,4668,3090,0,388,452,2,488,0,0,96,0,2,2,1912,50,11150
2026/02/23,04:00,11254,0,4630,3116,0,410,468,2,482,0,0,84,0,4,2,1992,64,11254
2026/02/23,04:30,11240,0,4736,3086,0,434,472,2,484,0,0,70,0,2,2,1890,62,11240
2026/02/23,05:00,11386,0,4892,3154,0,424,492,2,476,0,0,52,0,4,2,1806,82,11386
2026/02/23,05:30,11344,0,4904,3146,0,396,506,2,474,0,0,28,0,2,2,1796,88,11344
2026/02/23,06:00,11546,0,4684,3170,0,394,564,2,440,0,0,30,0,50,2,2134,76,11546
2026/02/23,06:30,12070,0,5248,3144,0,404,598,2,442,30,0,26,0,46,0,2064,66,12070
2026/02/23,07:00,12458,0,5154,3176,0,428,626,0,442,302,0,36,0,66,6,2144,78,12458
2026/02/23,07:30,13144,0,5258,3142,0,422,640,2,438,948,0,20,0,4,0,2196,74,13144
2026/02/23,08:00,13850,0,4366,3162,0,424,660,2,440,1852,0,20,0,2,8,2842,72,13850
2026/02/23,08:30,14386,0,4794,3136,0,428,664,2,432,2894,0,28,0,-244,10,2190,52,14386
2026/02/23,09:00,14812,0,4718,3162,0,430,614,2,432,3676,0,28,0,-244,6,1934,54,14812
2026/02/23,09:30,14788,0,3176,2866,0,410,596,2,434,4866,0,28,0,-458,2,2814,52,14788
2026/02/23,10:00,14798,0,3584,2264,0,400,552,2,436,6030,0,22,0,-950,2,2422,34,14798
2026/02/23,10:30,14568,0,2744,1940,0,412,554,2,436,6960,0,30,0,-974,2,2432,30,14568
2026/02/23,11:00,14384,0,3060,1802,0,390,540,0,428,7522,0,40,0,-1774,2,2340,34,14384
2026/02/23,11:30,14384,0,2592,1668,0,410,542,2,430,7976,0,48,0,-2502,2,3186,30,14384
2026/02/23,12:00,13680,0,3300,1596,0,410,518,2,438,7932,0,64,0,-3070,0,2456,34,13680
2026/02/23,12:30,13520,0,3440,1586,0,414,514,2,436,8034,0,74,0,-3022,2,2012,28,13520
2026/02/23,13:00,14006,0,3528,1594,0,426,508,2,440,7936,0,66,0,-2450,2,1920,34,14006
2026/02/23,13:30,14020,0,2874,1580,0,420,520,2,440,7536,0,66,0,-1534,0,2086,30,14020
2026/02/23,14:00,13902,0,3008,1600,0,448,528,2,438,6930,0,50,0,-1052,2,1916,32,13902
2026/02/23,14:30,13744,0,3266,1686,0,454,528,2,442,6022,0,56,0,-652,2,1910,28,13744
2026/02/23,15:00,13760,0,3522,1912,0,458,576,2,436,4906,0,52,0,-322,6,2176,36,13760
2026/02/23,15:30,13676,0,4528,2262,0,474,600,2,442,3578,0,50,0,4,4,1698,34,13676
2026/02/23,16:00,14002,0,5572,2706,0,474,684,2,438,2212,0,46,0,582,8,1224,54,14002
2026/02/23,16:30,14072,0,5998,2980,0,476,734,2,444,972,0,44,0,1408,4,952,58,14072
2026/02/23,17:00,14256,0,6096,3070,0,484,902,2,444,196,0,44,0,1438,14,1504,62,14256
2026/02/23,17:30,14648,0,6452,3136,0,484,922,0,444,6,0,54,0,1690,16,1350,94,14648
2026/02/23,18:00,15070,0,6862,3152,0,474,870,2,442,0,0,64,0,1344,16,1722,122,15070
2026/02/23,18:30,15008,0,7070,3134,0,490,866,2,444,0,0,46,0,1052,16,1778,110,15008
2026/02/23,19:00,14784,0,6864,3160,0,490,870,2,442,0,0,48,0,932,14,1842,120,14784
2026/02/23,19:30,14494,0,6912,3140,0,490,866,2,446,0,0,56,0,488,2,1978,114,14494
2026/02/23,20:00,14704,0,7200,3170,0,472,836,2,442,0,0,48,0,756,4,1654,120,14704
2026/02/23,20:30,14430,0,6672,3144,0,462,816,2,444,0,0,48,0,808,2,1920,112,14430
2026/02/23,21:00,14334,0,6844,3170,0,452,694,2,440,0,0,42,0,522,2,2072,94,14334
2026/02/23,21:30,13990,0,6918,3148,0,452,650,0,444,0,0,38,0,348,2,1906,84,13990
2026/02/23,22:00,13928,0,7106,3170,0,450,658,2,444,0,0,30,0,446,0,1562,60,13928
2026/02/23,22:30,13532,0,6792,3150,0,446,648,2,448,0,0,32,0,346,2,1612,54,13532
2026/02/23,23:00,13536,0,6964,3160,0,446,530,2,444,0,0,42,0,346,0,1544,58,13536
2026/02/23,23:30,13034,0,6604,3156,0,442,512,2,448,0,0,42,0,10,2,1766,50,13034
2026/02/24,00:00,12880,0,5944,3156,0,422,502,2,446,0,0,46,0,4,0,2314,44,12880
2026/02/24,00:30,12478,0,5516,3152,0,406,506,2,448,0,0,56,0,2,0,2348,42,12478
2026/02/24,01:00,12528,0,5324,3170,0,396,498,0,448,0,0,42,0,4,0,2598,48,12528
2026/02/24,01:30,12506,0,5576,3152,0,388,500,2,446,0,0,36,0,2,2,2366,36,12506
2026/02/24,02:00,12632,0,5522,3170,0,418,494,2,446,0,0,26,0,4,0,2504,46,12632
2026/02/24,02:30,12908,0,6098,3152,0,408,484,2,446,0,0,26,0,2,0,2250,40,12908
2026/02/24,03:00,12958,0,5898,3160,0,394,466,2,448,0,0,18,0,4,0,2520,48,12958
2026/02/24,03:30,13064,0,6224,3148,0,406,466,2,444,0,0,8,0,2,2,2326,36,13064
2026/02/24,04:00,13242,0,6208,3170,0,416,496,2,446,0,0,8,0,4,0,2438,54,13242
2026/02/24,04:30,13216,0,6456,3146,0,418,496,2,442,0,0,8,0,2,2,2196,48,13216
2026/02/24,05:00,13670,0,6438,3174,0,392,520,2,440,0,0,6,0,8,0,2626,64,13670
2026/02/24,05:30,13882,0,6704,3142,0,384,498,2,434,0,0,4,0,32,0,2604,78,13882
2026/02/24,06:00,14464,0,7110,3172,0,388,582,2,436,0,0,6,0,32,4,2642,90,14464
2026/02/24,06:30,15096,0,7396,3150,0,388,624,2,434,86,0,2,0,32,8,2886,88,15096
2026/02/24,07:00,15422,0,7288,3170,0,386,670,0,434,584,0,2,0,52,10,2768,58,15422
2026/02/24,07:30,15804,0,6660,3146,0,390,716,2,432,1620,0,0,0,142,6,2634,56,15804
2026/02/24,08:00,16574,0,7264,3172,0,392,710,2,438,2542,0,2,0,148,2,1848,54,16574
2026/02/24,08:30,17316,0,7210,3152,0,388,704,2,428,3708,0,2,0,150,0,1518,54,17316
2026/02/24,09:00,17460,0,6840,3166,0,402,684,2,432,4450,0,2,0,44,0,1410,28,17460
2026/02/24,09:30,17366,0,6364,3150,0,386,644,2,426,4844,0,2,0,32,2,1486,28,17366
2026/02/24,10:00,17016,0,5392,3174,0,376,600,2,420,4916,0,10,0,22,0,2076,28,17016
2026/02/24,10:30,16740,0,4444,3146,0,382,592,2,420,5152,0,18,0,2,2,2552,28,16740
2026/02/24,11:00,16532,0,3488,3166,0,406,518,0,404,5942,0,30,0,-170,2,2704,42,16532
2026/02/24,11:30,16328,0,3556,3154,0,408,504,2,394,7150,0,38,0,-896,0,1978,40,16328
2026/02/24,12:00,15370,0,3864,3166,0,408,486,2,386,7994,0,50,0,-1564,2,542,34,15370
2026/02/24,12:30,15026,0,4562,3148,0,404,498,2,390,7816,0,66,0,-1602,4,-292,30,15026
2026/02/24,13:00,15790,0,4848,3160,0,412,540,2,384,7110,0,58,0,-768,4,4,36,15790
2026/02/24,13:30,15708,0,4530,3144,0,406,560,2,390,5758,0,78,0,2,4,802,32,15708
2026/02/24,14:00,15662,0,4612,3176,0,410,592,2,388,4920,0,84,0,48,2,1394,34,15662
2026/02/24,14:30,15516,0,5094,3150,0,392,602,2,390,3518,0,86,0,718,4,1532,28,15516
2026/02/24,15:00,15406,0,5706,3170,0,394,624,2,388,2484,0,82,0,1176,0,1344,36,15406
2026/02/24,15:30,15534,0,6660,3144,0,400,690,2,388,1544,0,76,0,1378,2,1218,32,15534
2026/02/24,16:00,15662,0,7450,3168,0,400,848,2,390,890,0,56,0,1094,6,1300,58,15662
2026/02/24,16:30,15792,0,8236,3148,0,390,926,2,388,422,0,44,0,1250,4,922,60,15792
2026/02/24,17:00,15760,0,8062,3170,0,398,1008,0,392,76,0,52,0,1222,16,1294,70,15760
2026/02/24,17:30,15966,0,8240,3146,0,406,1006,2,388,4,0,52,0,1222,18,1412,70,15966
2026/02/24,18:00,15956,0,8314,3160,0,420,984,2,392,0,0,46,0,1272,18,1272,76,15956
2026/02/24,18:30,15748,0,8220,3158,0,396,980,2,390,0,0,52,0,1274,18,1186,72,15748
2026/02/24,19:00,15528,0,7982,3164,0,394,928,2,396,0,0,42,0,1170,12,1360,78,15528
2026/02/24,19:30,15258,0,7924,3152,0,406,898,2,390,0,0,50,0,930,8,1432,66,15258
2026/02/24,20:00,15168,0,7782,3160,0,436,852,2,392,0,0,84,0,826,4,1552,78,15168
2026/02/24,20:30,15138,0,7948,3156,0,414,842,2,394,0,0,122,0,594,4,1590,72,15138
2026/02/24,21:00,14758,0,7850,3160,0,408,752,0,390,0,0,124,0,626,2,1364,82,14758
2026/02/24,21:30,14424,0,7600,3154,2,408,716,2,392,0,0,104,0,208,0,1760,78,14424
2026/02/24,22:00,14260,0,7276,3160,0,412,614,2,396,0,0,112,0,30,2,2200,56,14260
2026/02/24,22:30,13822,0,6668,3156,2,420,588,2,388,0,0,112,0,32,0,2402,52,13822
2026/02/24,23:00,13702,0,6542,3164,0,428,588,2,396,0,0,114,0,34,2,2378,54,13702
2026/02/24,23:30,13284,0,6224,3156,0,420,588,2,390,0,0,102,0,30,2,2316,54,13284
2026/02/25,00:00,12926,0,6382,3162,0,404,530,2,394,0,0,88,0,30,0,1872,62,12926
2026/02/25,00:30,12508,0,5784,3154,0,402,518,0,394,0,0,78,0,32,2,2092,52,12508
2026/02/25,01:00,12432,0,5610,3164,0,414,520,2,392,0,0,64,0,34,0,2164,68,12432
2026/02/25,01:30,12424,0,5742,3154,0,398,510,2,394,0,0,48,0,16,0,2098,62,12424
2026/02/25,02:00,12486,0,5866,3156,0,408,562,2,392,0,0,24,0,4,0,1994,78,12486
2026/02/25,02:30,12634,0,6268,3158,0,414,558,2,396,0,0,24,0,2,2,1736,74,12634
2026/02/25,03:00,12774,0,6374,3156,0,394,570,2,394,0,0,24,0,2,0,1816,42,12774
2026/02/25,03:30,12888,0,6396,3154,0,392,568,2,394,0,0,18,0,4,2,1920,38,12888
2026/02/25,04:00,12804,0,6644,3164,0,390,586,2,394,0,0,24,0,4,0,1558,38,12804
2026/02/25,04:30,12780,0,6484,3154,0,402,600,2,392,0,0,28,0,2,0,1678,38,12780
2026/02/25,05:00,13008,0,6280,3156,0,396,658,2,390,0,0,28,0,4,0,2052,42,13008
2026/02/25,05:30,12924,0,6168,3160,0,404,658,2,394,0,0,22,0,32,0,2042,42,12924
2026/02/25,06:00,13424,0,6972,3158,0,410,634,2,392,0,0,24,0,32,2,1732,66,13424
2026/02/25,06:30,13870,0,7538,3158,0,406,660,0,388,4,0,18,0,32,0,1598,68,13870
2026/02/25,07:00,14584,0,8482,3160,0,398,702,2,390,14,0,12,0,34,4,1310,76,14584
2026/02/25,07:30,15024,0,8720,3156,0,404,750,2,390,46,0,24,0,30,0,1430,72,15024
2026/02/25,08:00,16150,0,9394,3160,0,408,834,2,388,138,0,20,0,64,2,1662,78,16150
2026/02/25,08:30,17042,0,9816,3158,0,410,854,2,390,342,0,18,0,138,4,1832,78,17042
2026/02/25,09:00,17474,0,10102,3160,0,440,870,2,382,544,0,12,0,144,2,1736,80,17474
2026/02/25,09:30,17528,0,9836,3156,0,478,898,2,386,668,0,12,0,144,0,1870,78,17528
2026/02/25,10:00,17342,0,9872,3166,0,474,878,2,386,740,0,14,0,142,4,1582,82,17342
2026/02/25,10:30,17274,0,9702,3148,0,456,896,0,388,898,0,6,0,48,2,1652,78,17274
2026/02/25,11:00,17136,0,9424,3168,0,466,782,2,386,1016,0,0,0,32,2,1780,78,17136
2026/02/25,11:30,16940,0,9556,3152,0,458,716,2,386,1106,0,6,0,32,0,1468,58,16940
2026/02/25,12:00,16054,0,8550,3170,0,462,678,2,392,1132,0,2,0,32,2,1564,68,16054
2026/02/25,12:30,15866,0,8274,3150,0,466,688,2,402,1122,0,2,0,32,0,1672,56,15866
2026/02/25,13:00,16666,0,9334,3166,0,470,756,2,408,1154,0,0,0,32,0,1276,68,16666
2026/02/25,13:30,16782,0,9308,3148,0,462,810,2,418,1090,0,6,0,30,0,1442,66,16782
2026/02/25,14:00,16812,0,9164,3164,0,458,852,2,420,782,0,10,0,270,2,1618,70,16812
2026/02/25,14:30,16810,0,9218,3154,0,466,852,0,418,524,0,22,0,864,0,1222,70,16810
2026/02/25,15:00,16686,0,9220,3164,0,466,918,2,420,328,0,24,0,510,0,1558,76,16686
2026/02/25,15:30,16778,0,9110,3156,0,448,932,2,424,226,0,32,0,498,2,1872,76,16778
2026/02/25,16:00,16876,0,9058,3168,0,436,974,2,432,108,0,32,0,312,8,2258,88,16876
2026/02/25,16:30,16706,0,8860,3142,0,452,1000,2,434,64,0,30,0,526,4,2096,96,16706
2026/02/25,17:00,16552,0,8826,3164,0,468,1032,2,434,24,0,32,0,512,8,1940,110,16552
2026/02/25,17:30,16530,0,8760,3154,0,478,1038,2,434,6,0,50,0,706,6,1778,118,16530
2026/02/25,18:00,16462,0,8642,3158,0,476,1034,2,432,0,0,50,0,728,6,1772,162,16462
2026/02/25,18:30,16198,0,8226,3156,0,468,1036,2,438,0,0,54,0,688,6,1990,134,16198
2026/02/25,19:00,15842,0,8128,3158,0,472,1048,2,432,0,0,54,0,694,6,1712,136,15842
2026/02/25,19:30,15586,0,8176,3162,0,478,1042,2,434,0,0,64,0,684,2,1410,132,15586
2026/02/25,20:00,15416,0,8022,3160,0,458,1014,2,436,0,0,58,0,480,4,1674,108,15416
2026/02/25,20:30,15236,0,7796,3156,0,452,982,0,440,0,0,62,0,656,2,1600,90,15236
2026/02/25,21:00,14896,0,7798,3160,0,456,910,2,434,0,0,68,0,512,2,1472,82,14896
2026/02/25,21:30,14490,0,7398,3154,0,468,874,2,436,0,0,70,0,78,0,1936,74,14490
2026/02/25,22:00,14282,0,7118,3150,0,468,832,2,434,0,0,80,0,32,0,2088,78,14282
2026/02/25,22:30,13872,0,6694,3142,0,458,822,2,436,0,0,82,0,30,0,2138,68,13872
2026/02/25,23:00,13626,0,6406,3160,0,464,816,2,434,0,0,66,0,30,2,2174,72,13626
2026/02/25,23:30,13318,0,6220,3162,0,472,792,2,440,0,0,52,0,26,0,2084,68,13318
2026/02/26,00:00,12900,0,6152,3156,0,468,710,2,440,0,0,42,0,18,2,1838,72,12900
2026/02/26,00:30,12522,0,5802,3158,0,480,668,0,440,0,0,38,0,14,0,1854,68,12522
2026/02/26,01:00,12312,0,5558,3164,0,466,696,2,438,0,0,24,0,16,0,1876,72,12312
2026/02/26,01:30,12400,0,5702,3152,0,480,708,2,442,0,0,18,0,28,0,1802,66,12400
2026/02/26,02:00,12416,0,5718,3160,0,470,698,2,438,0,0,8,0,30,2,1820,70,12416
2026/02/26,02:30,12626,0,5780,3154,0,490,694,2,438,0,0,12,0,28,0,1964,64,12626
2026/02/26,03:00,12712,0,5920,3158,0,496,748,2,440,0,0,14,0,30,2,1816,86,12712
2026/02/26,03:30,12754,0,5938,3158,0,492,756,2,436,0,0,16,0,30,0,1838,88,12754
2026/02/26,04:00,12808,0,5854,3158,0,484,768,2,438,0,0,12,0,28,0,1972,92,12808
2026/02/26,04:30,12920,0,5832,3156,0,484,780,2,434,0,0,12,0,32,2,2098,88,12920
2026/02/26,05:00,13060,0,5968,3168,0,482,824,2,440,0,0,14,0,30,0,2044,88,13060
2026/02/26,05:30,13158,0,6374,3152,0,482,818,2,436,0,0,14,0,30,0,1760,90,13158
2026/02/26,06:00,13634,0,6464,3160,0,486,842,2,440,0,0,14,0,28,4,2106,88,13634
2026/02/26,06:30,14038,0,6786,3154,0,484,870,0,434,52,0,10,0,30,6,2128,84,14038
2026/02/26,07:00,14378,0,7044,3170,0,464,884,2,436,388,0,6,0,86,8,1800,90,14378
2026/02/26,07:30,14808,0,6846,3152,0,432,906,2,440,1004,0,6,0,122,8,1806,84,14808
2026/02/26,08:00,15668,0,6842,3160,0,440,926,2,434,1780,0,6,0,30,4,1940,104,15668
2026/02/26,08:30,16306,0,6462,3156,0,464,908,2,438,2818,0,4,0,24,2,1920,108,16306
2026/02/26,09:00,16726,0,6226,3162,0,452,868,2,426,3956,0,6,0,82,0,1444,102,16726
2026/02/26,09:30,16304,0,5360,3154,0,460,856,2,424,4860,0,4,0,250,2,832,100,16304
2026/02/26,10:00,16412,0,4680,3156,0,454,778,2,424,6060,0,6,0,326,2,436,88,16412
2026/02/26,10:30,16258,0,4356,3160,0,456,750,0,436,6636,0,8,0,960,0,-574,70,16258
2026/02/26,11:00,15996,0,3826,3154,0,468,656,2,428,6874,0,10,0,416,2,106,54,15996
2026/02/26,11:30,15894,0,3942,3142,0,464,614,2,432,7212,0,14,0,-114,2,130,54,15894
2026/02/26,12:00,15060,0,2770,3002,0,460,598,2,432,7618,0,8,0,-750,2,866,52,15060
2026/02/26,12:30,14870,0,3510,3066,0,468,614,2,432,7806,0,10,0,-1352,2,268,44,14870
2026/02/26,13:00,15536,0,4026,3166,0,462,658,2,434,7704,0,6,0,-176,2,-798,50,15536
2026/02/26,13:30,15500,0,4066,3152,0,444,660,2,432,7278,0,4,0,2,0,-590,50,15500
2026/02/26,14:00,15444,0,4288,3162,0,450,704,0,430,6654,0,8,0,64,2,-368,50,15444
2026/02/26,14:30,15192,0,4546,3158,0,438,696,2,432,5820,0,8,0,130,2,-90,50,15192
2026/02/26,15:00,14912,0,4500,3154,0,442,772,2,432,4720,0,12,0,40,4,764,70,14912
2026/02/26,15:30,15118,0,5800,3160,0,428,810,2,434,3492,0,14,0,368,4,532,74,15118
2026/02/26,16:00,15038,0,6488,3160,0,422,948,2,434,2204,0,12,0,370,6,882,110,15038
2026/02/26,16:30,15098,0,7506,3160,0,410,982,2,440,1018,0,10,0,524,8,916,122,15098
2026/02/26,17:00,15040,0,7826,3158,0,420,1004,2,436,208,0,8,0,716,6,1128,128,15040
2026/02/26,17:30,15352,0,8014,3158,0,410,1004,2,440,6,0,10,0,858,12,1310,128,15352
2026/02/26,18:00,15446,0,8008,3156,0,416,1008,2,434,0,0,6,0,898,8,1384,126,15446
2026/02/26,18:30,15272,0,7912,3158,0,428,982,2,438,0,0,8,0,738,8,1470,128,15272
2026/02/26,19:00,15020,0,7744,3156,0,438,996,2,440,0,0,6,0,560,4,1546,128,15020
2026/02/26,19:30,14778,0,7640,3160,0,448,998,2,442,0,0,6,0,434,4,1518,126,14778
2026/02/26,20:00,14622,0,7630,3156,0,436,990,2,442,0,0,2,0,242,2,1590,130,14622
2026/02/26,20:30,14562,0,7740,3158,0,426,988,0,444,0,0,6,0,172,2,1502,124,14562
2026/02/26,21:00,14196,0,7252,3156,0,418,906,2,440,0,0,12,0,62,2,1826,120,14196
2026/02/26,21:30,13988,0,7198,3162,0,424,806,2,442,0,0,16,0,28,2,1792,116,13988
2026/02/26,22:00,13718,0,7192,3158,0,454,762,2,442,0,0,10,0,30,2,1560,106,13718
2026/02/26,22:30,13376,0,6910,3158,0,414,748,2,444,0,0,16,0,28,0,1574,82,13376
2026/02/26,23:00,13314,0,6910,3158,0,394,690,2,442,0,0,16,0,28,0,1618,56,13314
2026/02/26,23:30,12998,0,6614,3160,0,396,694,2,442,0,0,18,0,32,2,1588,50,12998
2026/02/27,00:00,12508,0,6160,3156,0,392,652,2,444,0,0,18,0,30,0,1602,52,12508
2026/02/27,00:30,12234,0,5840,3162,0,432,630,0,442,0,0,16,0,28,0,1638,46,12234
2026/02/27,01:00,12114,0,5656,3156,0,398,644,2,442,0,0,14,0,30,2,1726,44,12114
2026/02/27,01:30,12068,0,5534,3162,0,382,636,2,442,0,0,12,0,28,0,1824,46,12068
2026/02/27,02:00,12106,0,5542,3154,0,386,630,2,442,0,0,4,0,30,0,1846,70,12106
2026/02/27,02:30,12336,0,5622,3162,0,400,630,2,440,0,0,12,0,28,2,1970,68,12336
2026/02/27,03:00,12426,0,5764,3156,0,422,630,2,440,0,0,16,0,30,2,1886,78,12426
2026/02/27,03:30,12506,0,5838,3158,0,448,658,2,442,0,0,14,0,28,0,1842,76,12506
2026/02/27,04:00,12540,0,5948,3156,0,426,776,2,438,0,0,10,0,30,2,1682,70,12540
2026/02/27,04:30,12626,0,5940,3160,0,414,782,2,444,0,0,2,0,28,0,1790,64,12626
2026/02/27,05:00,12642,0,6128,3160,0,406,786,2,442,0,0,4,0,28,0,1618,68,12642
2026/02/27,05:30,12844,0,6354,3156,0,412,778,2,436,0,0,2,0,28,2,1608,66,12844
2026/02/27,06:00,13174,0,6656,3156,0,414,776,2,442,0,0,4,0,30,0,1622,72,13174
2026/02/27,06:30,13632,0,7082,3158,0,410,814,0,444,46,0,6,0,26,2,1576,68,13632
2026/02/27,07:00,13806,0,7028,3162,0,418,832,2,440,296,0,6,0,30,10,1512,70,13806
2026/02/27,07:30,14332,0,6932,3154,0,422,866,2,442,864,0,4,0,28,10,1538,70,14332
2026/02/27,08:00,15260,0,6618,3156,0,442,868,2,434,1414,0,2,0,28,2,2198,96,15260
2026/02/27,08:30,15908,0,6262,3160,0,408,888,2,428,1908,0,8,0,28,0,2728,88,15908
2026/02/27,09:00,16272,0,5560,3164,0,426,880,2,424,2276,0,2,0,28,2,3410,98,16272
2026/02/27,09:30,16188,0,4954,3154,0,422,870,2,430,2804,0,8,0,28,0,3424,92,16188
2026/02/27,10:00,16080,0,4862,3158,0,408,772,2,422,3254,0,8,0,-70,0,3190,74,16080
2026/02/27,10:30,15902,0,5018,3162,0,394,772,0,426,3226,0,20,0,-22,2,2836,68,15902
2026/02/27,11:00,15590,0,3688,3144,0,370,756,2,426,3606,0,26,0,-44,2,3560,54,15590
2026/02/27,11:30,15356,0,4028,2968,0,378,746,2,430,3908,0,12,0,-564,0,3400,48,15356
2026/02/27,12:00,14734,0,4428,3058,0,378,754,2,430,4160,0,6,0,-920,2,2390,46,14734
2026/02/27,12:30,14658,0,4680,3114,0,340,756,2,434,3956,0,8,0,-850,2,2172,44,14658
2026/02/27,13:00,15128,0,5028,3154,0,340,752,2,440,3332,0,8,0,-410,2,2432,48,15128
2026/02/27,13:30,15300,0,4866,3156,0,342,724,2,444,2750,0,2,0,24,2,2920,68,15300
2026/02/27,14:00,15220,0,5422,3156,0,370,790,2,440,2014,0,4,0,26,2,2924,70,15220
2026/02/27,14:30,15180,0,5914,3164,0,422,794,2,438,1658,0,2,0,134,2,2580,70,15180
2026/02/27,15:00,15034,0,6454,3152,0,412,828,2,442,1186,0,2,0,252,2,2230,72,15034
2026/02/27,15:30,15232,0,7384,3156,0,404,882,2,442,768,0,2,0,536,2,1586,68,15232
2026/02/27,16:00,15250,0,7260,3154,0,432,1044,2,440,380,0,0,0,572,4,1834,128,15250
2026/02/27,16:30,15218,0,7514,3162,0,442,1124,0,460,160,0,4,0,412,4,1794,142,15218
2026/02/27,17:00,15196,0,7702,3160,0,432,1166,2,458,30,0,0,0,576,18,1500,152,15196
2026/02/27,17:30,15376,0,7756,3156,0,436,1170,2,460,0,0,2,0,440,28,1774,152,15376
2026/02/27,18:00,15352,0,7710,3156,0,424,1164,2,460,0,0,2,0,412,18,1850,154,15352
2026/02/27,18:30,15130,0,7244,3152,0,484,1176,2,466,0,0,4,0,218,22,2210,152,15130
2026/02/27,19:00,14914,0,7390,3158,0,466,1164,2,470,0,0,2,0,186,14,1902,160,14914
2026/02/27,19:30,14652,0,7172,3158,0,460,1172,2,482,0,0,2,0,136,12,1924,132,14652
2026/02/27,20:00,14560,0,6760,3158,0,474,1086,2,488,0,0,2,0,152,14,2300,124,14560
2026/02/27,20:30,14414,0,6438,3158,0,454,1040,0,498,0,0,2,0,248,14,2456,106,14414
2026/02/27,21:00,14112,0,6228,3158,0,470,906,2,508,0,0,2,0,176,8,2560,94,14112
2026/02/27,21:30,13826,0,6086,3162,0,460,852,2,522,0,0,2,0,152,8,2502,78,13826
2026/02/27,22:00,13500,0,6010,3156,0,458,772,2,552,0,0,8,0,126,6,2308,102,13500
2026/02/27,22:30,13254,0,6046,3156,0,458,752,2,564,0,0,12,0,136,4,2022,102,13254
2026/02/27,23:00,13194,0,6358,3160,0,450,628,2,580,0,0,16,0,128,2,1762,108,13194
2026/02/27,23:30,12626,0,5620,3156,0,452,632,2,578,0,0,18,0,100,2,1960,106,12626
2026/02/28,00:00,12294,0,5404,3162,0,436,674,2,582,0,0,26,0,66,2,1836,104,12294
2026/02/28,00:30,11954,0,4794,3158,0,476,678,2,580,0,0,36,0,62,0,2066,102,11954
2026/02/28,01:00,11930,0,4770,3156,0,472,692,2,584,0,0,50,0,38,0,2072,94,11930
2026/02/28,01:30,11846,0,4644,3154,0,454,688,2,584,0,0,68,0,26,0,2138,88,11846
2026/02/28,02:00,11846,0,4670,3162,0,468,696,2,594,0,0,82,0,4,0,2080,88,11846
2026/02/28,02:30,12050,0,4782,3158,0,480,690,0,598,0,0,110,0,2,0,2144,86,12050
2026/02/28,03:00,12010,0,4630,3156,0,492,696,2,610,0,0,126,0,4,2,2192,100,12010
2026/02/28,03:30,12250,0,5038,3158,0,472,696,2,604,0,0,154,0,2,0,2024,100,12250
2026/02/28,04:00,11962,0,4702,3156,0,466,732,2,602,0,0,180,0,4,2,2006,110,11962
2026/02/28,04:30,12150,0,4992,3158,0,436,730,2,600,0,0,186,0,2,2,1930,112,12150
2026/02/28,05:00,11884,0,4568,3160,0,436,728,2,602,0,0,198,0,4,2,2066,118,11884
2026/02/28,05:30,11704,0,4488,3148,0,432,734,2,606,0,0,210,0,4,2,1968,110,11704
2026/02/28,06:00,11688,0,4518,3166,0,418,722,2,610,0,0,228,0,80,6,1840,98,11688
2026/02/28,06:30,11428,0,4320,3138,0,424,728,0,604,68,0,230,0,76,12,1738,90,11428
2026/02/28,07:00,11570,0,4312,2984,0,398,716,2,608,714,0,240,0,78,6,1422,90,11570
2026/02/28,07:30,11540,0,3764,2392,0,402,740,2,608,1946,0,248,0,-2,4,1346,90,11540
2026/02/28,08:00,11794,0,3922,1978,0,402,718,2,610,3194,0,242,0,-332,6,926,126,11794
2026/02/28,08:30,11976,0,3302,1650,0,414,712,2,606,4378,0,250,0,-1084,2,1622,122,11976
2026/02/28,09:00,12068,0,3548,1432,0,420,692,2,604,5448,0,242,0,-2248,2,1804,122,12068
2026/02/28,09:30,12026,0,3794,1188,0,406,708,2,606,6156,0,240,0,-2432,2,1236,120,12026
2026/02/28,10:00,11824,0,3604,1422,0,422,646,2,608,6714,0,248,0,-2196,0,296,58,11824
2026/02/28,10:30,11610,0,3194,1482,0,438,658,2,610,6826,0,254,0,-2200,2,292,52,11610
2026/02/28,11:00,11694,0,3074,1378,0,440,622,0,610,7298,0,254,0,-2358,2,318,56,11694
2026/02/28,11:30,11544,0,3030,1176,0,432,610,2,620,7604,0,262,0,-2594,0,352,50,11544
2026/02/28,12:00,11586,0,2328,1158,0,426,654,2,610,7948,0,264,0,-2970,2,1108,56,11586
2026/02/28,12:30,11224,0,2058,1148,0,428,648,2,616,7916,0,270,0,-3250,0,1336,52,11224
2026/02/28,13:00,11298,0,2288,1210,0,420,660,2,610,7898,0,294,0,-3500,0,1360,56,11298
2026/02/28,13:30,11174,0,2488,1270,0,458,660,2,612,7686,0,300,0,-3712,2,1356,52,11174
2026/02/28,14:00,11100,0,3268,1272,0,436,678,2,606,7172,0,286,0,-2656,2,-32,66,11100
2026/02/28,14:30,11102,0,3002,1294,0,444,670,2,610,6334,0,270,0,-1550,2,-36,60,11102
2026/02/28,15:00,10938,0,3168,1460,0,470,754,2,606,5218,0,270,0,-798,2,-294,80,10938
2026/02/28,15:30,11056,0,3554,1794,0,436,760,2,608,3880,0,274,0,-504,4,148,100,11056
2026/02/28,16:00,11188,0,4264,1906,0,454,844,2,604,2494,0,266,0,-312,8,554,104,11188
2026/02/28,16:30,11360,0,4416,2388,0,438,850,0,612,1154,0,264,0,140,4,990,104,11360
2026/02/28,17:00,11732,0,4540,2674,0,436,906,2,602,282,0,264,0,362,20,1534,110,11732
2026/02/28,17:30,12384,0,4324,2896,0,440,936,2,612,12,0,274,0,1374,32,1376,106,12384
2026/02/28,18:00,12726,0,3718,3000,0,430,976,2,606,0,0,256,0,1786,28,1756,168,12726
2026/02/28,18:30,12812,0,3528,2978,0,432,1010,2,606,0,0,262,0,1624,28,2164,178,12812
2026/02/28,19:00,12712,0,3070,3218,0,456,982,2,608,0,0,254,0,1684,20,2222,196,12712
2026/02/28,19:30,12722,0,2986,3372,0,422,988,2,608,0,0,244,0,1818,22,2070,190,12722
2026/02/28,20:00,12526,0,2820,3378,0,424,978,2,608,0,0,250,0,1726,20,2142,178,12526
2026/02/28,20:30,12498,0,2960,3390,0,424,950,2,606,0,0,254,0,1868,12,1866,166,12498
2026/02/28,21:00,12204,0,2842,3418,0,408,904,0,608,0,0,246,0,1846,2,1780,150,12204
2026/02/28,21:30,12060,0,2728,3442,0,442,888,2,610,0,0,236,0,1736,6,1834,136,12060
2026/02/28,22:00,11722,0,2892,3556,0,436,816,2,610,0,0,230,0,1504,12,1528,136,11722
2026/02/28,22:30,11402,0,3216,3502,0,438,762,2,606,0,0,234,0,1140,4,1368,130,11402
2026/02/28,23:00,11418,0,3492,3504,0,432,722,2,610,0,0,226,0,1088,2,1224,116,11418
2026/02/28,23:30,11200,0,3640,3464,0,434,708,2,606,0,0,228,0,790,0,1216,112,11200
