単位[MW平均],,,供給力,,,,,,,,,,,,,,,,,,
DATE,TIME,エリア需要,原子力,火力(LNG),火力(石炭),火力(石油),火力(その他),火力出力制御量,水力,地熱,バイオマス,バイオマス出力制御量,太陽光発電実績,太陽光出力制御量,風力発電実績,風力出力制御量,揚水,蓄電池,連系線,その他,合計
2026/05/01,00:00,9718,0,3762,1756,0,114,0,1524,2,590,0,0,0,254,0,4,2,1610,100,9718
2026/05/01,00:30,9498,0,3714,1758,0,118,0,1516,2,582,0,0,0,244,0,-170,0,1634,100,9498
2026/05/01,01:00,9350,0,3632,1756,0,120,0,1554,2,566,0,0,0,212,0,-322,2,1728,100,9350
2026/05/01,01:30,9310,0,3730,1756,0,116,0,1530,0,548,0,0,0,218,0,-448,0,1764,96,9310
2026/05/01,02:00,9396,0,3624,1794,0,114,0,1538,2,514,0,0,0,212,0,-436,0,1906,128,9396
2026/05/01,02:30,9592,0,4032,1806,0,118,0,1558,2,520,0,0,0,222,0,-440,2,1636,136,9592
2026/05/01,03:00,9916,0,4154,1808,0,114,0,1614,2,514,0,0,0,216,0,-248,8,1594,140,9916
2026/05/01,03:30,9930,0,4132,1808,0,112,0,1632,2,518,0,0,0,222,0,-208,6,1564,142,9930
2026/05/01,04:00,10048,0,4276,1808,0,116,0,1630,2,514,0,0,0,200,0,-204,6,1548,152,10048
2026/05/01,04:30,10092,0,4114,1810,0,116,0,1650,2,514,0,0,0,244,0,-204,4,1692,150,10092
2026/05/01,05:00,10272,0,4462,1806,0,116,0,1642,0,512,0,8,0,236,0,-50,0,1390,150,10272
2026/05/01,05:30,10056,0,4120,1806,0,114,0,1662,2,518,0,14,0,182,0,48,2,1438,150,10056
2026/05/01,06:00,10220,0,4320,1806,0,112,0,1680,2,512,0,28,0,202,0,-94,2,1498,152,10220
2026/05/01,06:30,10444,0,4554,1806,0,106,0,1686,2,514,0,82,0,174,0,54,12,1300,154,10444
2026/05/01,07:00,10690,0,4698,1806,0,106,0,1714,2,504,0,176,0,180,0,194,2,1150,158,10690
2026/05/01,07:30,11106,0,4836,1808,0,102,0,1730,2,512,0,308,0,170,0,184,2,1292,160,11106
2026/05/01,08:00,11548,0,4872,1806,0,102,0,1714,0,510,0,492,0,138,0,590,4,1142,178,11548
2026/05/01,08:30,11996,0,4616,1806,0,98,0,1718,2,516,0,836,0,126,0,872,4,1228,174,11996
2026/05/01,09:00,12364,0,4552,1808,0,102,0,1676,2,508,0,1274,0,94,0,864,4,1296,184,12364
2026/05/01,09:30,12320,0,4640,1810,0,106,0,1674,2,516,0,1612,0,72,0,706,2,996,184,12320
2026/05/01,10:00,12046,0,3948,1800,0,116,0,1678,2,506,0,2200,0,116,0,352,2,1140,186,12046
2026/05/01,10:30,12422,0,3344,1802,0,110,0,1698,2,516,0,2958,0,154,0,38,4,1612,184,12422
2026/05/01,11:00,12292,0,3256,1808,0,112,0,1702,2,508,0,3290,0,150,0,-200,8,1468,188,12292
2026/05/01,11:30,12204,0,2708,1804,0,108,0,1698,0,512,0,3956,0,136,0,-206,4,1290,194,12204
2026/05/01,12:00,11716,0,1890,1794,0,100,0,1674,2,498,7,4854,0,154,0,-584,0,1134,200,11716
2026/05/01,12:30,11602,0,1954,1800,0,100,0,1680,2,518,0,5382,0,158,0,-1284,2,1088,202,11602
2026/05/01,13:00,12152,0,2788,1806,0,100,0,1686,2,506,0,5848,0,172,0,-1652,4,690,202,12152
2026/05/01,13:30,11912,0,2522,1806,0,100,0,1698,2,512,0,5796,0,162,0,-1484,2,590,206,11912
2026/05/01,14:00,11946,0,2362,1806,0,98,0,1694,2,506,0,5332,0,184,0,-1524,4,1274,208,11946
2026/05/01,14:30,11948,0,2568,1808,0,100,0,1732,2,512,0,5220,0,192,0,-1074,0,672,216,11948
2026/05/01,15:00,11668,0,3188,1808,0,96,0,1798,0,508,0,4388,0,198,0,-912,6,378,212,11668
2026/05/01,15:30,11698,0,3296,1806,0,94,0,1828,2,516,0,3680,0,218,0,-474,2,522,208,11698
2026/05/01,16:00,11556,0,3766,1806,0,94,0,1862,2,508,0,2794,0,204,0,-134,8,422,224,11556
2026/05/01,16:30,11440,0,4278,1804,0,96,0,1838,2,520,0,1782,0,224,0,68,18,574,236,11440
2026/05/01,17:00,11302,0,4294,1806,0,102,0,1962,2,506,0,832,0,240,0,300,16,1004,238,11302
2026/05/01,17:30,11460,0,4458,1808,0,106,0,2064,2,510,0,310,0,232,0,464,22,1242,242,11460
2026/05/01,18:00,11570,0,4456,1800,0,112,0,2100,2,510,0,52,0,232,0,778,28,1256,244,11570
2026/05/01,18:30,11718,0,4450,1794,0,120,0,2106,0,518,0,8,0,238,0,930,22,1290,242,11718
2026/05/01,19:00,11618,0,4154,1810,0,118,0,2112,2,512,0,0,0,252,0,988,16,1406,248,11618
2026/05/01,19:30,11560,0,4264,1864,0,118,0,2130,2,518,0,0,0,250,0,964,16,1182,252,11560
2026/05/01,20:00,11220,0,4016,1874,0,118,0,2122,2,512,0,0,0,256,0,818,14,1238,250,11220
2026/05/01,20:30,11070,0,4016,1878,0,118,0,2138,2,516,0,0,0,260,0,742,6,1144,250,11070
2026/05/01,21:00,10856,0,3908,1878,0,118,0,2126,2,510,0,0,0,272,0,852,10,928,252,10856
2026/05/01,21:30,10652,0,3936,1878,0,120,0,2126,2,520,0,0,0,246,0,724,10,844,246,10652
2026/05/01,22:00,10388,0,3554,1878,0,118,0,2124,0,514,0,0,0,228,0,580,10,1132,250,10388
2026/05/01,22:30,10056,0,3430,1878,0,120,0,2084,2,518,0,0,0,230,0,546,6,998,244,10056
2026/05/01,23:00,10058,0,3454,1872,0,120,0,2080,2,512,0,0,0,230,0,450,8,1094,236,10058
2026/05/01,23:30,9756,0,3260,1878,0,122,0,2026,2,516,0,0,0,212,0,424,0,1076,240,9756
2026/05/02,00:00,9434,0,3222,1878,0,122,0,1866,2,510,0,0,0,230,0,370,0,996,238,9434
2026/05/02,00:30,9152,0,3220,1878,0,122,0,1866,2,520,0,0,0,226,0,574,2,500,242,9152
2026/05/02,01:00,8904,0,2584,1876,0,122,0,1864,2,510,0,0,0,222,0,480,2,1004,238,8904
2026/05/02,01:30,8864,0,2348,1876,0,124,0,1874,0,518,0,0,0,224,0,528,4,1132,236,8864
2026/05/02,02:00,8960,0,2262,1874,0,122,0,1836,2,512,0,0,0,206,0,460,2,1448,236,8960
2026/05/02,02:30,9146,0,2324,1880,0,124,0,1816,2,518,0,0,0,192,0,490,0,1566,234,9146
2026/05/02,03:00,9384,0,2238,1876,0,122,0,1806,2,514,0,0,0,196,0,564,2,1832,232,9384
2026/05/02,03:30,9444,0,2454,1876,0,124,0,1790,2,520,0,0,0,198,0,694,4,1558,224,9444
2026/05/02,04:00,9500,0,2344,1822,0,128,0,1800,2,514,0,0,0,226,0,876,0,1558,230,9500
2026/05/02,04:30,9556,0,2820,1652,0,122,0,1806,2,514,0,0,0,234,0,960,4,1218,224,9556
2026/05/02,05:00,9602,0,2934,1534,0,126,0,1830,2,510,0,44,0,230,0,972,4,1200,216,9602
2026/05/02,05:30,9154,0,2810,1368,0,124,0,1834,0,512,0,466,0,224,0,292,2,1310,212,9154
2026/05/02,06:00,9286,0,2732,1210,0,124,0,1826,2,510,0,1420,0,202,0,-114,2,1150,222,9286
2026/05/02,06:30,9102,0,2272,1046,0,118,0,1784,2,510,0,2688,0,194,0,-1098,0,1366,220,9102
2026/05/02,07:00,9312,0,2358,940,0,110,0,1802,2,510,0,4104,0,186,0,-1528,2,604,222,9312
2026/05/02,07:30,9424,0,2284,864,0,108,0,1788,2,512,0,5406,0,164,0,-2186,0,262,220,9424
2026/05/02,08:00,9790,0,2296,852,0,102,0,1800,2,508,0,6504,267,152,0,-2648,2,-2,222,9790
2026/05/02,08:30,9910,0,2186,798,0,94,0,1764,2,512,0,7578,306,152,0,-2892,6,-508,218,9910
2026/05/02,09:00,10078,0,2012,796,0,90,11,1758,2,492,9,8366,336,148,0,-3354,0,-456,224,10078
2026/05/02,09:30,10080,0,2236,800,0,92,11,1752,2,492,16,8256,1028,140,3,-3696,4,-226,228,10080
2026/05/02,10:00,10248,0,2316,798,0,88,11,1836,2,490,16,8510,1121,156,5,-3762,2,-410,222,10248
2026/05/02,10:30,10076,0,2338,800,0,86,11,1886,0,488,16,8186,1627,158,8,-3742,6,-350,220,10076
2026/05/02,11:00,10172,0,2466,828,0,88,11,1896,2,490,16,8132,1748,146,8,-3742,4,-358,220,10172
2026/05/02,11:30,10054,0,2374,840,0,84,11,1790,2,492,16,8220,1696,116,8,-3712,4,-378,222,10054
2026/05/02,12:00,10154,0,2534,880,0,88,11,1788,2,490,16,8228,1676,124,4,-3748,4,-458,222,10154
2026/05/02,12:30,9968,0,2444,864,0,88,11,1790,2,486,15,8302,1428,126,4,-3708,4,-648,218,9968
2026/05/02,13:00,10250,0,2102,780,0,84,11,1900,0,488,14,8926,492,132,0,-3478,0,-904,220,10250
2026/05/02,13:30,9970,0,2272,812,0,90,11,1884,2,490,14,8252,325,124,0,-3644,6,-534,216,9970
2026/05/02,14:00,9978,0,2550,1012,0,90,0,1924,2,498,0,7286,285,116,0,-3674,6,-48,216,9978
2026/05/02,14:30,9856,0,2576,1072,0,100,0,1922,2,508,0,6256,252,122,0,-3406,10,480,214,9856
2026/05/02,15:00,9788,0,2630,1114,0,100,0,1950,2,508,0,4996,204,118,0,-2406,6,556,214,9788
2026/05/02,15:30,9664,0,2916,1114,0,100,0,1994,0,512,0,3542,144,100,0,-1610,4,776,216,9664
2026/05/02,16:00,9700,0,3100,1114,0,102,0,2030,2,508,0,2306,0,82,0,-276,2,516,214,9700
2026/05/02,16:30,9564,0,3240,1182,0,108,0,2066,2,514,0,1382,0,70,0,178,6,604,212,9564
2026/05/02,17:00,9900,0,3916,1346,0,122,0,2098,2,504,0,658,0,56,0,300,6,680,212,9900
2026/05/02,17:30,10150,0,3958,1472,0,122,0,2108,2,512,0,254,0,40,0,1096,12,360,214,10150
2026/05/02,18:00,10412,0,3764,1490,0,118,0,2160,2,502,0,42,0,40,0,1526,14,550,204,10412
2026/05/02,18:30,10550,0,3384,1492,0,122,0,2166,2,512,0,0,0,44,0,2176,14,430,208,10550
2026/05/02,19:00,10576,0,3136,1496,0,124,0,2170,2,508,0,0,0,40,0,2490,28,378,204,10576
2026/05/02,19:30,10312,0,2852,1494,0,122,0,2162,0,520,0,0,0,40,0,2416,22,480,204,10312
2026/05/02,20:00,10322,0,2704,1498,0,122,0,2166,2,508,0,0,0,32,0,2410,20,656,204,10322
2026/05/02,20:30,10152,0,2714,1496,0,122,0,2154,2,514,0,0,0,36,0,2150,24,738,202,10152
2026/05/02,21:00,9836,0,2708,1660,0,126,0,2140,2,508,0,0,0,28,0,1852,18,588,206,9836
2026/05/02,21:30,9702,0,2724,1866,0,124,0,2138,2,514,0,0,0,24,0,1480,10,618,202,9702
2026/05/02,22:00,9310,0,2660,1840,0,124,0,2118,2,514,0,0,0,16,0,1152,4,674,206,9310
2026/05/02,22:30,9280,0,2630,1618,0,138,0,2104,2,518,0,0,0,18,0,1346,4,694,208,9280
2026/05/02,23:00,9218,0,2684,1516,0,140,0,2096,2,510,0,0,0,16,0,1526,2,518,208,9218
2026/05/02,23:30,8922,0,2576,1490,0,140,0,2084,2,516,0,0,0,20,0,1440,2,446,206,8922
2026/05/03,00:00,8786,0,2678,1498,0,124,0,2052,2,514,0,0,0,12,0,1208,2,488,208,8786
2026/05/03,00:30,8300,0,2834,1658,0,124,0,2028,2,514,0,0,0,14,0,140,4,778,204,8300
2026/05/03,01:00,8372,0,2826,1856,0,118,0,2066,2,512,0,0,0,6,0,62,0,720,204,8372
2026/05/03,01:30,8234,0,2562,1876,0,120,0,2070,2,514,0,0,0,6,0,172,4,704,204,8234
2026/05/03,02:00,8402,0,2758,1878,0,124,0,2078,0,510,0,0,0,4,0,176,4,662,208,8402
2026/05/03,02:30,8552,0,2786,1882,0,124,0,2062,2,516,0,0,0,6,0,170,2,798,204,8552
2026/05/03,03:00,8624,0,2878,1882,0,124,0,2074,2,510,0,0,0,6,0,176,6,758,208,8624
2026/05/03,03:30,8904,0,3068,1876,0,126,0,2064,2,516,0,0,0,8,0,176,4,858,206,8904
2026/05/03,04:00,8910,0,3080,1874,0,124,0,2040,2,502,0,0,0,12,0,326,4,734,212,8910
2026/05/03,04:30,9038,0,3086,1876,0,124,0,2032,2,508,0,0,0,10,0,398,12,770,220,9038
2026/05/03,05:00,8930,0,2984,1878,0,126,0,2044,2,506,0,26,0,8,0,424,8,708,216,8930
2026/05/03,05:30,8610,0,2730,1872,0,124,0,2026,0,512,0,196,0,14,0,130,4,790,212,8610
2026/05/03,06:00,8340,0,2136,1832,0,120,0,1976,2,504,0,620,0,16,0,-58,0,1034,158,8340
2026/05/03,06:30,8274,0,2390,1724,0,112,0,1960,2,506,0,1376,0,10,0,-776,6,808,156,8274
2026/05/03,07:00,8432,0,3084,1542,0,110,0,1956,2,500,0,1732,0,14,0,-1308,4,640,156,8432
2026/05/03,07:30,8638,0,2718,1508,0,106,0,1944,2,506,0,2416,0,28,0,-1388,4,636,158,8638
2026/05/03,08:00,8876,0,2692,1484,0,108,0,1954,2,498,0,2996,0,32,0,-1736,2,684,160,8876
2026/05/03,08:30,9148,0,3174,1450,0,110,0,1926,2,504,0,3094,0,30,0,-1742,6,434,160,9148
2026/05/03,09:00,9276,0,2844,1442,0,112,0,1914,2,500,0,3416,0,28,0,-1002,4,-144,160,9276
2026/05/03,09:30,9310,0,2838,1442,0,110,0,1808,0,496,0,4034,0,26,0,-950,8,-660,158,9310
2026/05/03,10:00,9402,0,2254,1482,0,110,0,1798,2,496,0,4840,0,54,0,-982,4,-818,162,9402
2026/05/03,10:30,9362,0,2700,1488,0,108,0,1802,2,500,0,4850,0,42,0,-980,4,-1314,160,9362
2026/05/03,11:00,9318,0,2652,1488,0,112,0,1792,2,496,0,4426,0,60,0,-976,6,-902,162,9318
2026/05/03,11:30,9694,0,2714,1496,0,120,0,1768,2,502,0,4470,0,68,0,-978,10,-638,160,9694
2026/05/03,12:00,9538,0,3004,1496,0,122,0,1758,2,498,0,3324,0,98,0,-608,8,-326,162,9538
2026/05/03,12:30,9590,0,3178,1498,0,124,0,1762,0,502,0,2332,0,104,0,-192,8,116,158,9590
2026/05/03,13:00,9524,0,2858,1496,0,124,0,1774,2,494,0,2118,0,112,0,268,8,114,156,9524
2026/05/03,13:30,9492,0,2216,1496,0,122,0,1774,2,498,0,2262,0,120,0,-318,4,1158,158,9492
2026/05/03,14:00,9442,0,2536,1706,0,124,0,1778,2,492,0,1618,0,132,0,-718,4,1614,154,9442
2026/05/03,14:30,9434,0,2560,1868,0,122,0,1782,2,502,0,1142,0,134,0,-712,6,1872,156,9434
2026/05/03,15:00,9542,0,2998,1876,0,124,0,1814,2,494,0,666,0,122,0,46,10,1234,156,9542
2026/05/03,15:30,9580,0,3422,1874,0,124,0,1822,2,500,0,458,0,112,0,500,12,600,154,9580
2026/05/03,16:00,9840,0,3866,1878,0,122,0,1842,2,498,0,274,0,114,0,672,8,408,156,9840
2026/05/03,16:30,10034,0,4298,1874,0,122,0,1854,0,506,0,174,0,108,0,848,4,88,158,10034
2026/05/03,17:00,10328,0,4472,1878,0,122,0,1980,2,498,0,70,0,108,0,760,4,276,158,10328
2026/05/03,17:30,10434,0,4520,1874,0,124,0,2016,2,506,0,24,0,100,0,724,14,368,162,10434
2026/05/03,18:00,10656,0,4584,1874,0,134,0,2102,2,498,0,10,0,100,0,836,18,342,156,10656
2026/05/03,18:30,10578,0,4456,1880,0,138,0,2128,2,502,0,0,0,102,0,738,16,462,154,10578
2026/05/03,19:00,10522,0,4386,1876,0,134,0,2138,2,502,0,0,0,104,0,724,18,470,168,10522
2026/05/03,19:30,10454,0,4346,1876,0,118,0,2118,2,514,0,0,0,110,0,784,16,398,172,10454
2026/05/03,20:00,10368,0,4282,1878,0,122,0,2152,2,504,0,0,0,110,0,698,10,416,194,10368
2026/05/03,20:30,10100,0,3846,1876,0,122,0,2152,2,512,0,0,0,110,0,844,12,432,192,10100
2026/05/03,21:00,9986,0,3418,1868,0,122,0,2172,2,508,0,0,0,106,0,1042,8,536,204,9986
2026/05/03,21:30,9740,0,3456,1738,0,120,0,2152,0,510,0,0,0,114,0,1040,8,398,204,9740
2026/05/03,22:00,9656,0,3300,1534,0,122,0,2112,2,506,0,0,0,112,0,1040,2,710,216,9656
2026/05/03,22:30,9330,0,3020,1502,0,122,0,2076,2,514,0,0,0,124,0,1026,2,722,220,9330
2026/05/03,23:00,9372,0,2920,1510,0,122,0,2046,2,508,0,0,0,122,0,1142,2,774,224,9372
2026/05/03,23:30,9134,0,2692,1508,0,122,0,2036,2,512,0,0,0,116,0,1152,2,752,240,9134
2026/05/04,00:00,8874,0,2750,1508,0,120,0,2030,2,508,0,0,0,118,0,762,0,828,248,8874
2026/05/04,00:30,8598,0,2526,1506,0,126,0,2034,2,508,0,0,0,116,0,776,0,788,216,8598
2026/05/04,01:00,8396,0,2294,1488,0,124,0,2044,2,504,0,0,0,118,0,890,2,708,222,8396
2026/05/04,01:30,8376,0,2260,1374,0,120,0,2020,2,504,0,0,0,152,0,984,2,736,222,8376
2026/05/04,02:00,8588,0,2354,1148,0,120,0,2006,0,502,0,0,0,156,0,1070,0,1022,210,8588
2026/05/04,02:30,8648,0,2274,1124,0,120,0,1970,2,512,0,0,0,164,0,1088,0,1208,186,8648
2026/05/04,03:00,8828,0,2240,1124,0,122,0,1946,2,504,0,0,0,164,0,1206,0,1346,174,8828
2026/05/04,03:30,9054,0,2458,1118,0,120,0,1904,2,512,0,0,0,148,0,1264,0,1370,158,9054
2026/05/04,04:00,8986,0,2716,1126,0,122,0,1910,2,506,0,0,0,152,0,1294,2,1026,130,8986
2026/05/04,04:30,9076,0,2638,1126,0,124,0,1886,2,514,0,0,0,158,0,1486,2,1018,122,9076
2026/05/04,05:00,8932,0,2932,1136,0,122,0,1836,0,508,0,8,0,168,0,1312,8,816,86,8932
2026/05/04,05:30,8780,0,2828,1250,0,124,0,1806,2,512,0,46,0,160,0,1104,4,868,76,8780
2026/05/04,06:00,8546,0,2880,1414,0,124,0,1770,2,510,0,190,0,176,0,694,6,708,72,8546
2026/05/04,06:30,8510,0,2396,1382,0,124,0,1724,2,512,0,486,0,146,0,100,2,1568,68,8510
2026/05/04,07:00,8566,0,2800,1252,0,110,0,1648,2,506,0,1148,0,148,0,-188,4,1074,62,8566
2026/05/04,07:30,8802,0,2646,1228,0,110,0,1624,2,512,0,1888,0,164,0,-186,4,746,64,8802
2026/05/04,08:00,9014,0,2518,992,0,108,0,1598,2,508,0,3050,79,148,18,-412,4,436,62,9014
2026/05/04,08:30,9450,0,2466,762,0,106,0,1556,0,490,0,4714,138,126,18,-1196,2,360,64,9450
2026/05/04,09:00,9656,0,2468,744,0,104,11,1562,2,484,21,5208,151,148,19,-1602,8,468,62,9656
2026/05/04,09:30,9810,0,2330,776,0,108,11,1566,2,488,21,5680,164,160,20,-2030,10,652,68,9810
2026/05/04,10:00,10140,0,2108,922,0,98,11,1546,2,478,21,6616,214,170,20,-2916,0,1048,68,10140
2026/05/04,10:30,9936,0,2240,788,0,92,11,1538,2,486,20,7258,235,166,21,-3286,8,576,68,9936
2026/05/04,11:00,10046,0,2676,922,0,92,11,1532,2,482,21,7416,485,178,22,-3580,8,252,66,10046
2026/05/04,11:30,9964,0,2306,1084,0,90,11,1524,2,484,21,7722,238,164,23,-3506,4,22,68,9964
2026/05/04,12:00,9826,0,2454,892,0,92,11,1526,0,484,21,7344,211,156,24,-3508,8,312,66,9826
2026/05/04,12:30,9512,0,2514,1042,0,92,11,1502,2,484,21,6888,209,156,26,-3176,2,-58,64,9512
2026/05/04,13:00,9566,0,2746,1112,0,92,11,1526,2,484,21,5958,167,156,25,-3028,10,446,62,9566
2026/05/04,13:30,9432,0,2530,1108,0,92,11,1534,2,482,21,5094,131,156,27,-2202,0,574,62,9432
2026/05/04,14:00,9622,0,2724,1114,0,98,11,1534,2,486,21,4842,143,150,27,-2030,8,628,66,9622
2026/05/04,14:30,9442,0,2330,1106,0,96,11,1574,2,498,15,4818,144,152,27,-1556,4,348,70,9442
2026/05/04,15:00,9464,0,2652,1116,0,98,11,1586,2,500,16,4152,126,168,26,-1408,8,518,72,9464
2026/05/04,15:30,9440,0,2940,1112,0,98,11,1610,0,500,16,3038,96,176,25,-572,8,460,70,9440
2026/05/04,16:00,9472,0,3086,1120,0,106,0,1612,2,510,0,2244,0,218,0,68,6,426,74,9472
2026/05/04,16:30,9634,0,3582,1228,0,118,0,1618,2,518,0,1096,0,210,0,628,14,544,76,9634
2026/05/04,17:00,9758,0,3576,1440,0,126,0,1694,2,512,0,580,0,222,0,1038,18,472,78,9758
2026/05/04,17:30,10028,0,3534,1492,0,126,0,1770,2,522,0,298,0,210,0,1454,22,522,76,10028
2026/05/04,18:00,10210,0,3558,1508,0,124,0,1856,2,514,0,56,0,220,0,1660,22,610,80,10210
2026/05/04,18:30,10556,0,3818,1496,0,124,0,1884,2,520,0,6,0,226,0,1782,24,596,78,10556
2026/05/04,19:00,10582,0,3680,1516,0,126,0,1868,2,516,0,0,0,238,0,1998,22,530,86,10582
2026/05/04,19:30,10372,0,3310,1724,0,126,0,1868,0,520,0,0,0,244,0,1390,14,1094,82,10372
2026/05/04,20:00,10004,0,2746,1882,0,124,0,1880,2,520,0,0,0,236,0,1160,14,1356,84,10004
2026/05/04,20:30,10102,0,3232,1868,0,126,0,1872,2,522,0,0,0,244,0,1200,10,944,82,10102
2026/05/04,21:00,9880,0,2504,1884,0,128,0,1878,2,514,0,0,0,234,0,1576,8,1070,82,9880
2026/05/04,21:30,9454,0,2398,1866,0,124,0,1894,2,520,0,0,0,220,0,1646,4,702,78,9454
2026/05/04,22:00,9360,0,2210,1880,0,124,0,1920,2,516,0,0,0,210,0,1654,6,760,78,9360
2026/05/04,22:30,9064,0,2222,1872,0,124,0,1944,2,518,0,0,0,220,0,1284,6,790,82,9064
2026/05/04,23:00,9028,0,2196,1884,0,126,0,1968,0,514,0,0,0,230,0,1098,4,930,78,9028
2026/05/04,23:30,8820,0,2188,1840,0,124,0,1964,2,520,0,0,0,232,0,1010,4,858,78,8820
2026/05/05,00:00,8638,0,2632,1830,0,128,0,1912,2,514,0,0,0,226,0,836,4,476,78,8638
2026/05/05,00:30,8408,0,2198,1820,0,126,0,1902,2,516,0,0,0,216,0,532,0,1014,82,8408
2026/05/05,01:00,8364,0,2342,1832,0,126,0,1940,2,512,0,0,0,212,0,524,0,794,80,8364
2026/05/05,01:30,8128,0,1948,1760,0,126,0,1944,2,518,0,0,0,208,0,550,0,992,80,8128
2026/05/05,02:00,8332,0,2438,1836,0,124,0,1946,0,518,0,0,0,212,0,602,4,570,82,8332
2026/05/05,02:30,8790,0,2706,1822,0,126,0,1938,2,522,0,0,0,194,0,580,0,820,80,8790
2026/05/05,03:00,8926,0,2780,1836,0,124,0,1962,2,518,0,0,0,188,0,542,2,888,84,8926
2026/05/05,03:30,9122,0,2672,1822,0,126,0,1944,2,522,0,0,0,198,0,688,2,1062,84,9122
2026/05/05,04:00,9272,0,2788,1832,0,122,0,1928,2,520,0,0,0,182,0,914,6,890,88,9272
2026/05/05,04:30,9392,0,2762,1770,0,128,0,1916,2,524,0,0,0,156,0,964,6,1070,94,9392
2026/05/05,05:00,9254,0,2786,1586,0,124,0,1932,2,522,0,54,0,116,0,958,4,1078,92,9254
2026/05/05,05:30,9060,0,2618,1476,0,122,0,1900,2,522,0,544,0,94,0,402,2,1288,90,9060
2026/05/05,06:00,8980,0,2170,1286,0,112,0,1852,2,518,0,1484,0,70,0,-522,4,1932,72,8980
2026/05/05,06:30,9010,0,1940,1118,0,108,0,1842,0,520,0,2786,0,74,0,-1236,0,1800,58,9010
2026/05/05,07:00,9090,0,2080,946,0,104,0,1770,2,516,0,4200,0,52,0,-2276,2,1634,60,9090
2026/05/05,07:30,9336,0,2262,948,0,104,0,1764,2,522,0,5424,0,34,0,-2460,4,674,58,9336
2026/05/05,08:00,9648,0,1968,904,0,102,0,1790,2,508,0,6338,573,6,11,-2448,0,400,78,9648
2026/05/05,08:30,9888,0,1898,758,0,92,0,1806,2,508,6,7324,663,4,10,-2932,0,334,94,9888
2026/05/05,09:00,10080,0,1980,770,0,84,11,1834,2,494,17,7720,1105,2,10,-3324,2,422,94,10080
2026/05/05,09:30,10160,0,2280,768,0,84,11,1852,2,502,16,7886,1644,6,11,-3286,2,-30,94,10160
2026/05/05,10:00,10180,0,2372,810,0,84,11,1864,2,494,16,7578,2293,2,10,-3308,0,186,96,10180
2026/05/05,10:30,9974,0,2270,816,0,86,11,1868,2,498,16,7330,2824,4,10,-3282,0,286,96,9974
2026/05/05,11:00,10050,0,2272,850,0,88,11,1878,2,498,16,7364,2765,2,10,-3290,0,288,98,10050
2026/05/05,11:30,9870,0,2078,852,0,86,11,1868,2,502,16,7604,2555,2,9,-3280,2,50,104,9870
2026/05/05,12:00,9964,0,2174,882,0,86,11,1878,0,498,16,7548,2556,4,12,-3392,0,182,104,9964
2026/05/05,12:30,9616,0,1918,870,0,88,11,1864,2,500,16,7444,2459,8,16,-3378,0,196,104,9616
2026/05/05,13:00,9808,0,1956,884,0,86,11,1878,2,498,16,7580,2029,12,18,-3388,2,194,104,9808
2026/05/05,13:30,9682,0,1936,824,0,88,11,1866,2,494,16,7546,1648,16,20,-3404,2,202,110,9682
2026/05/05,14:00,9784,0,1938,738,0,88,11,1886,2,498,16,7996,718,22,19,-3496,0,2,110,9784
2026/05/05,14:30,9772,0,2254,830,0,96,0,1884,2,508,0,7440,664,34,21,-3426,4,28,118,9772
2026/05/05,15:00,9544,0,2504,1038,0,100,0,1890,0,512,0,6520,584,42,22,-3340,4,158,116,9544
2026/05/05,15:30,9670,0,2488,1110,0,106,0,1892,2,514,0,5454,497,42,23,-2494,8,432,116,9670
2026/05/05,16:00,9702,0,2712,1140,0,106,0,1916,2,506,0,4442,0,66,0,-1440,10,124,118,9702
2026/05/05,16:30,9856,0,2724,1134,0,114,0,1960,2,516,0,3054,0,84,0,-50,12,188,118,9856
2026/05/05,17:00,9854,0,2876,1214,0,120,0,2008,2,508,0,1728,0,78,0,960,4,238,118,9854
2026/05/05,17:30,10096,0,2848,1364,0,124,0,2048,2,512,0,728,0,74,0,1770,16,496,114,10096
2026/05/05,18:00,10068,0,2764,1440,0,124,0,2150,0,504,0,112,0,78,0,2120,14,648,114,10068
2026/05/05,18:30,10554,0,2856,1618,0,124,0,2178,2,514,0,4,0,94,0,2408,20,626,110,10554
2026/05/05,19:00,10556,0,2722,1690,0,122,0,2198,2,510,0,0,0,84,0,2472,16,624,116,10556
2026/05/05,19:30,10478,0,2996,1686,0,122,0,2182,2,510,0,0,0,88,0,2150,18,612,112,10478
2026/05/05,20:00,10344,0,2942,1762,0,122,0,2200,2,502,0,0,0,84,0,1996,20,600,114,10344
2026/05/05,20:30,10292,0,3034,1874,0,124,0,2206,2,496,0,0,0,98,0,1728,20,594,116,10292
2026/05/05,21:00,10244,0,3006,2052,0,124,0,2182,2,492,0,0,0,102,0,1566,18,586,114,10244
2026/05/05,21:30,9868,0,2934,2062,0,122,0,2176,2,484,0,0,0,110,0,1366,10,486,116,9868
2026/05/05,22:00,9788,0,2936,2076,0,126,0,2174,0,480,0,0,0,104,0,1042,8,728,114,9788
2026/05/05,22:30,9396,0,2906,2060,0,122,0,2170,2,478,0,0,0,86,0,772,6,680,114,9396
2026/05/05,23:00,9448,0,3112,2108,0,122,0,2114,2,474,0,0,0,70,0,432,6,890,118,9448
2026/05/05,23:30,9048,0,2796,2104,0,126,0,2134,2,468,0,0,0,66,0,422,6,804,120,9048
2026/05/06,00:00,8944,0,2448,2108,0,124,0,2096,2,462,0,0,0,58,0,256,2,1262,126,8944
2026/05/06,00:30,8628,0,2740,2110,0,126,0,2080,2,468,0,0,0,48,0,36,4,884,130,8628
2026/05/06,01:00,8550,0,2746,2126,0,126,0,2088,2,462,0,0,0,42,0,38,2,784,134,8550
2026/05/06,01:30,8608,0,2810,2100,0,126,0,2076,2,468,0,0,0,44,0,108,4,736,134,8608
2026/05/06,02:00,8596,0,2894,2114,0,124,0,2088,2,462,0,0,0,34,0,126,4,628,120,8596
2026/05/06,02:30,8850,0,3078,2100,0,124,0,2084,0,470,0,0,0,30,0,220,8,638,98,8850
2026/05/06,03:00,9010,0,2920,2112,0,120,0,2086,2,464,0,0,0,38,0,252,6,914,96,9010
2026/05/06,03:30,9180,0,3028,2094,0,122,0,2080,2,468,0,0,0,32,0,252,2,996,104,9180
2026/05/06,04:00,9272,0,2960,1990,0,124,0,2094,2,466,0,0,0,44,0,260,2,1224,106,9272
2026/05/06,04:30,9354,0,3028,1870,0,122,0,2062,2,470,0,0,0,30,0,250,4,1410,106,9354
2026/05/06,05:00,9414,0,3016,1880,0,124,0,2074,2,462,0,20,0,38,0,246,2,1444,106,9414
2026/05/06,05:30,9194,0,2582,1872,0,126,0,2050,2,472,0,138,0,46,0,184,0,1620,102,9194
2026/05/06,06:00,9230,0,2334,1882,0,122,0,2052,0,462,0,358,0,28,0,-178,2,2062,106,9230
2026/05/06,06:30,9404,0,2160,1868,0,118,0,2044,2,470,0,676,0,34,0,-200,0,2132,100,9404
2026/05/06,07:00,9900,0,2438,1884,0,120,0,2044,2,460,0,1004,0,38,0,-196,2,2000,104,9900
2026/05/06,07:30,10274,0,2856,1872,0,122,0,2022,2,470,0,1348,0,38,0,136,2,1306,100,10274
2026/05/06,08:00,11104,0,2712,1886,0,126,0,2038,2,466,0,1928,0,32,0,224,4,1584,102,11104
2026/05/06,08:30,11708,0,2994,1866,0,124,0,1964,2,470,0,2334,0,24,0,226,6,1598,100,11708
2026/05/06,09:00,12208,0,2962,1886,0,124,0,1898,2,458,0,2418,0,20,0,400,6,1932,102,12208
2026/05/06,09:30,12416,0,2800,1872,0,122,0,1900,0,468,0,2840,0,18,0,484,4,1804,104,12416
2026/05/06,10:00,12344,0,2984,1880,0,122,0,1902,2,458,0,3058,0,24,0,734,4,1060,116,12344
2026/05/06,10:30,12336,0,3106,1872,0,120,0,1896,2,466,0,2674,0,22,0,860,4,1182,132,12336
2026/05/06,11:00,12418,0,3100,1884,0,120,0,1884,2,462,0,2676,0,12,0,920,10,1220,128,12418
2026/05/06,11:30,12586,0,3194,1872,0,122,0,1898,2,468,0,2670,0,8,0,1424,12,786,130,12586
2026/05/06,12:00,12182,0,3304,1882,0,120,0,1836,2,458,0,2526,0,6,0,1230,4,684,130,12182
2026/05/06,12:30,12040,0,3610,1870,0,124,0,1794,2,462,0,2238,0,2,0,1142,8,658,130,12040
2026/05/06,13:00,12456,0,3880,1834,0,122,0,1860,0,460,0,2450,0,6,0,1032,6,680,126,12456
2026/05/06,13:30,12482,0,4508,1820,0,124,0,1898,2,466,0,2518,0,4,0,336,4,670,132,12482
2026/05/06,14:00,12690,0,5280,1832,0,122,0,1972,2,464,0,2370,0,10,0,16,6,488,128,12690
2026/05/06,14:30,12410,0,5232,1820,0,124,0,1972,2,466,0,2124,0,16,0,8,6,512,128,12410
2026/05/06,15:00,12438,0,5080,1834,0,124,0,2046,2,462,0,2002,0,14,0,112,6,672,84,12438
2026/05/06,15:30,12390,0,5080,1820,0,122,0,2094,2,470,0,1694,0,12,0,96,2,924,74,12390
2026/05/06,16:00,12384,0,5274,1834,0,124,0,2112,0,456,0,1382,0,14,0,66,4,1050,68,12384
2026/05/06,16:30,12450,0,5832,1818,0,126,0,2156,2,466,0,780,0,14,0,400,6,780,70,12450
2026/05/06,17:00,12508,0,5796,1934,0,124,0,2174,2,458,0,330,0,12,0,474,2,1132,70,12508
2026/05/06,17:30,12660,0,5438,1986,0,126,0,2196,2,466,0,140,0,10,0,430,10,1788,68,12660
2026/05/06,18:00,12792,0,6186,2004,0,136,0,2198,2,456,0,26,0,12,0,476,14,1212,70,12792
2026/05/06,18:30,12988,0,6046,2056,0,142,0,2186,2,464,0,4,0,18,0,434,14,1556,66,12988
2026/05/06,19:00,12810,0,5868,2076,0,142,0,2204,2,460,0,0,0,16,0,242,12,1718,70,12810
2026/05/06,19:30,12646,0,6088,2060,0,128,0,2200,0,464,0,0,0,24,0,142,20,1448,72,12646
2026/05/06,20:00,12386,0,5956,2076,0,126,0,2204,2,462,0,0,0,16,0,604,16,852,72,12386
2026/05/06,20:30,12286,0,5336,2060,0,128,0,2196,2,466,0,0,0,12,0,478,18,1520,70,12286
2026/05/06,21:00,12158,0,4940,2076,0,124,0,2206,2,458,0,0,0,12,0,276,12,1982,70,12158
2026/05/06,21:30,11922,0,5048,2064,0,126,0,2190,2,464,0,0,0,14,0,98,8,1836,72,11922
2026/05/06,22:00,11674,0,4804,2076,0,128,0,2198,2,458,0,0,0,12,0,4,6,1914,72,11674
2026/05/06,22:30,11384,0,4702,2076,0,140,0,2196,2,468,0,0,0,12,0,250,8,1454,76,11384
2026/05/06,23:00,11286,0,3976,2114,0,140,0,2190,0,462,0,0,0,10,0,310,10,1994,80,11286
2026/05/06,23:30,10906,0,3458,2102,0,130,0,2192,2,462,0,0,0,6,0,284,2,2192,76,10906
2026/05/07,00:00,10664,0,3828,2102,0,126,0,2046,2,458,0,0,0,6,0,370,0,1652,74,10664
2026/05/07,00:30,10202,0,3646,2118,0,128,0,1968,2,460,0,0,0,2,0,266,2,1540,70,10202
2026/05/07,01:00,10114,0,3606,2114,0,128,0,1950,2,464,0,0,0,4,0,140,4,1628,74,10114
2026/05/07,01:30,9980,0,3574,2100,0,128,0,1962,2,462,0,0,0,2,0,140,2,1534,74,9980
2026/05/07,02:00,10112,0,3516,2112,0,128,0,1956,2,460,0,0,0,2,0,140,2,1720,74,10112
2026/05/07,02:30,10162,0,3404,2096,0,126,0,1960,0,466,0,0,0,4,0,110,2,1916,78,10162
2026/05/07,03:00,10286,0,3458,2116,0,128,0,1978,2,462,0,0,0,2,0,138,2,1924,76,10286
2026/05/07,03:30,10502,0,3466,2098,0,128,0,1982,2,470,0,0,0,6,0,136,2,2138,74,10502
2026/05/07,04:00,10696,0,3658,2110,0,122,0,2002,2,458,0,0,0,2,0,138,2,2124,78,10696
2026/05/07,04:30,10588,0,3518,2100,0,120,0,2024,2,462,0,0,0,2,0,130,2,2146,82,10588
2026/05/07,05:00,10734,0,3380,2112,0,118,0,2002,2,460,0,36,0,4,0,50,2,2484,84,10734
2026/05/07,05:30,10556,0,2678,2080,0,120,0,1974,2,464,0,376,0,6,0,-30,0,2798,88,10556
2026/05/07,06:00,10622,0,2740,2050,0,122,0,1934,0,456,0,1058,0,8,0,-570,2,2736,86,10622
2026/05/07,06:30,11096,0,2746,2100,0,126,0,1872,2,460,0,2034,0,6,0,-868,2,2558,58,11096
2026/05/07,07:00,11414,0,2638,2110,0,126,0,1792,2,446,0,2950,0,4,0,-1234,2,2524,54,11414
2026/05/07,07:30,12072,0,3008,2100,0,126,0,1752,0,450,0,4064,0,4,0,-1124,2,1638,52,12072
2026/05/07,08:00,12898,0,3076,2110,0,130,0,1740,2,438,0,5476,0,2,0,-1374,0,1244,54,12898
2026/05/07,08:30,13954,0,3054,2100,0,130,0,1748,2,440,0,6672,0,2,0,-1386,2,1134,56,13954
2026/05/07,09:00,14618,0,3212,2116,0,126,0,1738,0,434,0,7286,0,2,0,-1212,2,852,62,14618
2026/05/07,09:30,14890,0,2672,2098,0,114,0,1746,2,446,0,7780,0,2,0,-952,0,926,56,14890
2026/05/07,10:00,14890,0,2312,2016,0,108,0,1724,0,438,0,8124,0,2,0,-1574,0,1684,56,14890
2026/05/07,10:30,15104,0,2724,2046,0,116,0,1702,2,450,0,8532,0,4,0,-1984,0,1452,60,15104
2026/05/07,11:00,15066,0,2616,2110,0,122,0,1720,0,452,0,8674,0,6,0,-2002,2,1308,58,15066
2026/05/07,11:30,15230,0,2290,1952,0,122,0,1682,2,460,0,9044,0,6,0,-2086,0,1698,60,15230
2026/05/07,12:00,14572,0,2604,1786,0,112,0,1664,0,454,0,9106,0,4,0,-2934,4,1710,62,14572
2026/05/07,12:30,14578,0,2676,1820,0,110,0,1680,2,456,0,9054,0,8,0,-2978,2,1688,60,14578
2026/05/07,13:00,15234,0,3238,2008,0,114,0,1724,0,456,0,8754,0,6,0,-1876,6,746,58,15234
2026/05/07,13:30,15616,0,3214,2096,0,120,0,1772,2,458,0,8408,0,6,0,-852,4,336,52,15616
2026/05/07,14:00,15434,0,3156,2108,0,120,0,1884,0,452,0,7714,0,6,0,-288,2,222,58,15434
2026/05/07,14:30,15382,0,3360,2094,0,112,0,1924,0,460,0,7200,0,4,0,-46,8,210,56,15382
2026/05/07,15:00,15158,0,3584,2108,0,110,0,1920,2,456,0,6374,0,8,0,196,6,336,58,15158
2026/05/07,15:30,15266,0,4010,2098,0,122,0,1912,2,460,0,5356,0,8,0,340,4,892,62,15266
2026/05/07,16:00,15170,0,5030,2112,0,124,0,1952,0,456,0,4126,0,6,0,512,2,790,60,15170
2026/05/07,16:30,14950,0,5332,2092,0,128,0,2004,2,454,0,2744,0,12,0,1338,14,770,60,14950
2026/05/07,17:00,14576,0,5456,2112,0,142,0,2080,2,458,0,1488,0,12,0,1600,18,1146,62,14576
2026/05/07,17:30,14292,0,5938,2094,0,144,0,2078,2,462,0,518,0,20,0,1800,28,1122,86,14292
2026/05/07,18:00,14314,0,6040,2112,0,144,0,2098,0,458,0,52,0,26,0,1558,24,1712,90,14314
2026/05/07,18:30,14246,0,6182,2096,0,146,0,2134,2,458,0,2,0,30,0,1140,14,1954,88,14246
2026/05/07,19:00,14100,0,6284,2106,0,144,0,2164,0,460,0,0,0,34,0,946,14,1856,92,14100
2026/05/07,19:30,13680,0,6036,2098,0,144,0,2174,2,462,0,0,0,30,0,992,20,1632,90,13680
2026/05/07,20:00,13470,0,6192,2104,0,142,0,2186,2,462,0,0,0,22,0,856,20,1390,94,13470
2026/05/07,20:30,13308,0,6372,2098,0,142,0,2174,2,466,0,0,0,16,0,898,16,1042,82,13308
2026/05/07,21:00,13018,0,5334,2112,0,144,0,2112,2,458,0,0,0,16,0,712,10,2056,62,13018
2026/05/07,21:30,12754,0,5306,2094,0,128,0,2024,2,464,0,0,0,8,0,708,6,1956,58,12754
2026/05/07,22:00,12536,0,4660,2112,0,124,0,1990,0,458,0,0,0,8,0,678,8,2434,64,12536
2026/05/07,22:30,12182,0,5134,2092,0,132,0,1970,2,466,0,0,0,6,0,712,8,1596,64,12182
2026/05/07,23:00,12138,0,5312,2112,0,136,0,1972,2,460,0,0,0,4,0,548,4,1532,56,12138
2026/05/07,23:30,11906,0,5344,2100,0,134,0,1922,0,466,0,0,0,10,0,466,2,1402,60,11906
2026/05/08,00:00,11470,0,5226,2106,0,122,0,1818,2,458,0,0,0,6,0,262,0,1414,56,11470
2026/05/08,00:30,11078,0,4892,2094,0,122,0,1802,2,466,0,0,0,6,0,240,0,1400,54,11078
2026/05/08,01:00,10996,0,4710,2112,0,122,0,1814,2,458,0,0,0,12,0,242,2,1470,52,10996
2026/05/08,01:30,10888,0,4586,2096,0,126,0,1794,0,462,0,0,0,6,0,274,2,1490,52,10888
2026/05/08,02:00,10848,0,4480,2108,0,122,0,1784,2,460,0,0,0,8,0,180,0,1656,48,10848
2026/05/08,02:30,11000,0,4644,2098,0,132,0,1776,2,462,0,0,0,2,0,172,2,1660,50,11000
2026/05/08,03:00,11090,0,4776,2108,0,134,0,1792,2,460,0,0,0,6,0,200,2,1560,50,11090
2026/05/08,03:30,11250,0,4758,2094,0,134,0,1788,2,464,0,0,0,8,0,160,2,1784,56,11250
2026/05/08,04:00,11288,0,4796,2112,0,130,0,1866,2,454,0,0,0,10,0,158,2,1704,54,11288
2026/05/08,04:30,11390,0,5128,2094,0,132,0,1878,0,464,0,0,0,20,0,158,2,1454,60,11390
2026/05/08,05:00,11288,0,4918,2112,0,132,0,1864,2,454,0,40,0,8,0,176,6,1522,54,11288
2026/05/08,05:30,11154,0,4110,2090,0,134,0,1786,2,460,0,256,0,8,0,-8,0,2234,82,11154
2026/05/08,06:00,11110,0,4172,2106,0,120,0,1762,2,454,0,812,0,2,0,-122,0,1710,92,11110
2026/05/08,06:30,11352,0,4040,2036,0,116,0,1706,2,460,0,1632,0,4,0,-60,0,1324,92,11352
2026/05/08,07:00,12082,0,4362,2082,0,110,0,1812,0,454,0,2280,0,0,0,-196,2,1068,108,12082
2026/05/08,07:30,12512,0,4660,2096,0,118,0,1802,2,462,0,2380,0,2,0,-268,6,1140,112,12512
2026/05/08,08:00,13780,0,4608,2114,0,114,0,1788,2,452,0,3078,0,2,0,-228,10,1758,82,13780
2026/05/08,08:30,14668,0,4696,2100,0,114,0,1804,2,460,0,3386,0,2,0,256,2,1762,84,14668
2026/05/08,09:00,15196,0,5146,2108,0,100,0,1766,2,456,0,3866,0,2,0,176,0,1490,84,15196
2026/05/08,09:30,15590,0,5748,2098,0,96,0,1762,0,460,0,4480,0,4,0,78,0,778,86,15590
2026/05/08,10:00,15516,0,5842,2114,0,98,0,1768,2,456,0,3972,0,18,0,184,8,948,106,15516
2026/05/08,10:30,15594,0,5804,2094,0,108,0,1644,0,460,0,4156,0,18,0,76,6,1126,102,15594
2026/05/08,11:00,15764,0,5850,2112,0,108,0,1618,2,452,0,4422,0,14,0,94,2,978,112,15764
2026/05/08,11:30,15738,0,5510,2094,0,110,0,1624,0,460,0,4696,0,28,0,0,2,1100,114,15738
2026/05/08,12:00,14612,0,4958,2106,0,114,0,1616,2,456,0,4248,0,22,0,-290,0,1270,110,14612
2026/05/08,12:30,14692,0,5096,2098,0,122,0,1624,0,460,0,3908,0,34,0,-140,4,1378,108,14692
2026/05/08,13:00,15440,0,5960,2114,0,130,0,1664,2,442,0,3136,0,70,0,58,16,1746,102,15440
2026/05/08,13:30,15564,0,5892,2092,0,134,0,1728,0,450,0,2878,0,82,0,240,12,1952,104,15564
2026/05/08,14:00,15516,0,6014,2114,0,132,0,1966,2,452,0,2748,0,80,0,320,12,1550,126,15516
2026/05/08,14:30,15312,0,6060,2092,0,132,0,2042,0,460,0,2714,0,86,0,322,6,1278,120,15312
2026/05/08,15:00,14894,0,5626,2112,0,134,0,2078,2,460,0,2416,0,68,0,330,6,1512,150,14894
2026/05/08,15:30,15198,0,5836,2094,0,134,0,2096,0,466,0,2568,0,68,0,288,10,1484,154,15198
2026/05/08,16:00,15052,0,6146,2112,0,134,0,2122,2,464,0,1724,0,98,0,520,4,1526,200,15052
2026/05/08,16:30,14700,0,6144,2098,0,138,0,2118,2,462,0,1350,0,118,0,794,8,1256,212,14700
2026/05/08,17:00,14132,0,6138,2112,0,136,0,2208,0,466,0,964,0,128,0,874,6,888,212,14132
2026/05/08,17:30,13950,0,6432,2094,0,138,0,2166,2,466,0,482,0,108,0,954,28,868,212,13950
2026/05/08,18:00,13902,0,5488,2112,0,136,0,2142,0,464,0,82,0,122,0,860,16,2268,212,13902
2026/05/08,18:30,13810,0,5572,2090,0,136,0,2134,2,472,0,10,0,140,0,578,24,2438,214,13810
2026/05/08,19:00,13662,0,5848,2114,0,140,0,2172,2,462,0,0,0,138,0,568,18,1976,224,13662
2026/05/08,19:30,13420,0,5758,2092,0,134,0,2128,2,472,0,0,0,146,0,616,18,1832,222,13420
2026/05/08,20:00,13162,0,5578,2112,0,136,0,2106,2,464,0,0,0,164,0,628,10,1740,222,13162
2026/05/08,20:30,12994,0,5482,2094,0,140,0,2074,2,472,0,0,0,196,0,544,12,1758,220,12994
2026/05/08,21:00,12748,0,5458,2112,0,144,0,2008,2,462,0,0,0,204,0,404,12,1732,210,12748
2026/05/08,21:30,12482,0,4940,2094,0,130,0,1984,0,466,0,0,0,186,0,344,4,2142,192,12482
2026/05/08,22:00,12438,0,4836,2114,0,126,0,1976,2,462,0,0,0,190,0,326,4,2230,172,12438
2026/05/08,22:30,12160,0,4340,2092,0,126,0,1958,2,466,0,0,0,200,0,312,2,2490,172,12160
2026/05/08,23:00,12072,0,4024,2106,0,124,0,1946,2,462,0,0,0,220,0,264,4,2748,172,12072
2026/05/08,23:30,11740,0,3988,2104,0,122,0,1948,2,468,0,0,0,232,0,230,0,2480,166,11740
2026/05/09,00:00,11470,0,4736,2104,0,122,0,1806,2,470,0,0,0,250,0,508,12,1290,170,11470
2026/05/09,00:30,11166,0,4162,2098,0,126,0,1764,2,472,0,0,0,266,0,394,12,1700,170,11166
2026/05/09,01:00,10884,0,3716,2110,0,124,0,1774,2,462,0,0,0,274,0,402,10,1838,172,10884
2026/05/09,01:30,10754,0,3552,2094,0,124,0,1770,2,466,0,0,0,284,0,506,4,1778,174,10754
2026/05/09,02:00,10812,0,3400,2112,0,126,0,1850,0,456,0,0,0,286,0,498,2,1878,204,10812
2026/05/09,02:30,10762,0,3338,2094,0,126,0,1848,2,458,0,0,0,280,0,532,0,1878,206,10762
2026/05/09,03:00,10940,0,3666,2104,0,126,0,1840,2,454,0,0,0,288,0,518,4,1736,202,10940
2026/05/09,03:30,11024,0,3654,2102,0,136,0,1850,2,456,0,0,0,286,0,516,6,1808,208,11024
2026/05/09,04:00,11140,0,4006,2114,0,136,0,1830,2,446,0,0,0,280,0,546,4,1568,208,11140
2026/05/09,04:30,11036,0,3610,2094,0,136,0,1838,2,448,0,0,0,228,0,492,14,1956,218,11036
2026/05/09,05:00,10858,0,3798,2104,0,128,0,1734,0,440,0,70,0,226,0,486,14,1648,210,10858
2026/05/09,05:30,10448,0,3418,1888,0,130,0,1674,2,444,0,490,0,224,0,328,2,1642,206,10448
2026/05/09,06:00,10372,0,3220,1600,0,122,0,1714,2,434,0,1544,0,210,0,78,2,1284,162,10372
2026/05/09,06:30,10122,0,3028,1440,0,116,0,1638,2,436,0,2618,0,208,0,-326,2,792,168,10122
2026/05/09,07:00,10166,0,2808,1334,0,110,0,1630,2,414,0,3724,0,206,0,-778,0,584,132,10166
2026/05/09,07:30,10472,0,3114,1176,0,116,0,1594,2,416,0,4832,0,202,0,-1236,6,116,134,10472
2026/05/09,08:00,10750,0,2736,1042,0,118,0,1532,2,400,0,5758,0,204,0,-1794,2,616,134,10750
2026/05/09,08:30,11282,0,2774,972,0,116,0,1510,0,398,0,6916,0,206,0,-2136,6,390,130,11282
2026/05/09,09:00,11602,0,2626,960,0,114,0,1490,2,394,0,7898,0,216,0,-2626,4,404,120,11602
2026/05/09,09:30,11704,0,3060,1024,0,112,0,1450,2,388,0,8538,0,222,0,-3206,4,-14,124,11704
2026/05/09,10:00,11760,0,2644,988,0,104,0,1440,2,384,0,9010,2,224,0,-3432,2,274,120,11760
2026/05/09,10:30,11822,0,2444,928,0,88,11,1432,2,390,8,9552,2,230,0,-3500,2,136,118,11822
2026/05/09,11:00,11806,0,2638,936,0,94,11,1436,2,386,8,9772,3,228,0,-3490,2,-318,120,11806
2026/05/09,11:30,11692,0,2794,944,0,88,11,1438,2,384,14,9766,4,224,0,-3474,4,-594,116,11692
2026/05/09,12:00,11452,0,2430,952,0,88,11,1426,2,382,15,9700,4,224,0,-3490,2,-384,120,11452
2026/05/09,12:30,11366,0,2626,948,0,90,11,1430,2,380,14,9518,4,232,0,-3462,4,-518,116,11366
2026/05/09,13:00,11252,0,2816,988,0,90,11,1432,2,388,8,9024,2,232,0,-3472,4,-376,124,11252
2026/05/09,13:30,11284,0,2840,984,0,98,0,1428,0,400,0,8750,2,222,0,-3388,2,-184,132,11284
2026/05/09,14:00,11176,0,2874,980,0,108,0,1436,2,396,0,8386,0,214,0,-3098,4,-260,134,11176
2026/05/09,14:30,11050,0,3140,1024,0,110,0,1434,2,400,0,7630,0,204,0,-2600,2,-426,130,11050
2026/05/09,15:00,10876,0,3160,1030,0,112,0,1444,2,398,0,6680,0,186,0,-2244,4,-32,136,10876
2026/05/09,15:30,11104,0,3026,1032,0,116,0,1478,2,404,0,5436,0,166,0,-1532,4,826,146,11104
2026/05/09,16:00,10930,0,3520,1222,0,114,0,1564,2,396,0,4302,0,150,0,-178,2,-334,170,10930
2026/05/09,16:30,10900,0,3768,1336,0,122,0,1646,0,400,0,2940,0,146,0,854,4,-484,168,10900
2026/05/09,17:00,10860,0,3890,1342,0,130,0,1676,2,398,0,1782,0,138,0,1534,8,-216,176,10860
2026/05/09,17:30,10946,0,4576,1342,0,130,0,1750,2,406,0,876,0,120,0,1984,12,-454,202,10946
2026/05/09,18:00,11046,0,4738,1344,0,128,0,1938,2,396,0,198,0,114,0,1920,26,24,218,11046
2026/05/09,18:30,11340,0,4638,1380,0,142,0,1974,2,400,0,14,0,106,0,1754,32,678,220,11340
2026/05/09,19:00,11424,0,4696,1548,0,144,0,1954,2,382,0,0,0,84,0,1902,30,454,228,11424
2026/05/09,19:30,11386,0,4716,1692,0,124,0,1962,2,382,0,0,0,84,0,2148,28,20,228,11386
2026/05/09,20:00,11100,0,4524,1716,0,126,0,1904,0,376,0,0,0,104,0,1874,24,224,228,11100
2026/05/09,20:30,10996,0,4314,1730,0,122,0,1880,2,380,0,0,0,130,0,1784,22,404,228,10996
2026/05/09,21:00,10860,0,3518,1726,0,126,0,1856,2,368,0,0,0,128,0,1828,12,1064,232,10860
2026/05/09,21:30,10602,0,3962,1740,0,128,0,1848,2,370,0,0,0,116,0,1734,4,468,230,10602
2026/05/09,22:00,10466,0,4050,1954,0,134,0,1902,2,358,0,0,0,112,0,1318,14,414,208,10466
2026/05/09,22:30,10124,0,4196,2098,0,134,0,1904,2,348,0,0,0,102,0,690,14,438,198,10124
2026/05/09,23:00,10120,0,3752,2104,0,138,0,1912,2,338,0,0,0,90,0,746,14,842,182,10120
2026/05/09,23:30,9896,0,3706,2102,0,134,0,1906,0,344,0,0,0,80,0,628,6,818,172,9896
2026/05/10,00:00,9516,0,3404,2108,0,122,0,1760,2,350,0,0,0,78,0,766,0,764,162,9516
2026/05/10,00:30,9330,0,2974,2102,0,120,0,1696,2,358,0,0,0,66,0,1122,2,726,162,9330
2026/05/10,01:00,9164,0,2784,2090,0,118,0,1720,2,340,0,0,0,56,0,1044,2,848,160,9164
2026/05/10,01:30,9158,0,2772,2102,0,120,0,1706,2,326,0,0,0,52,0,1008,2,908,160,9158
2026/05/10,02:00,9266,0,3034,2106,0,122,0,1710,0,330,0,0,0,52,0,980,4,752,176,9266
2026/05/10,02:30,9396,0,3280,2104,0,118,0,1704,2,334,0,0,0,48,0,968,2,672,164,9396
2026/05/10,03:00,9782,0,3376,2106,0,120,0,1712,2,336,0,0,0,48,0,1018,6,888,170,9782
2026/05/10,03:30,9958,0,3422,2104,0,120,0,1714,2,332,0,0,0,50,0,1004,12,1032,166,9958
2026/05/10,04:00,9994,0,3694,2052,0,118,0,1714,2,338,0,0,0,46,0,1068,14,782,166,9994
2026/05/10,04:30,10126,0,3628,1924,0,118,0,1708,2,336,0,8,0,44,0,1176,22,1000,160,10126
2026/05/10,05:00,9976,0,3492,1766,0,120,0,1626,2,338,0,70,0,36,0,1382,16,976,152,9976
2026/05/10,05:30,9644,0,3120,1654,0,120,0,1608,0,330,0,662,0,36,0,712,2,1246,154,9644
2026/05/10,06:00,9600,0,2310,1470,0,120,0,1474,2,338,0,1728,0,30,0,-296,2,2294,128,9600
2026/05/10,06:30,9410,0,2160,1316,0,114,0,1404,2,334,0,3056,0,52,0,-886,0,1728,130,9410
2026/05/10,07:00,9428,0,1936,1156,0,106,0,1360,2,334,0,4458,0,36,0,-2028,2,1936,130,9428
2026/05/10,07:30,9438,0,2236,1058,0,106,0,1354,2,332,0,5732,0,22,0,-2568,4,1032,128,9438
2026/05/10,08:00,9666,0,2352,1128,0,104,0,1354,2,324,0,6736,392,12,3,-2398,8,-80,124,9666
2026/05/10,08:30,9900,0,2000,1014,0,102,0,1354,2,330,0,7652,441,14,3,-2570,2,-124,124,9900
2026/05/10,09:00,10206,0,2124,940,0,102,0,1350,2,318,0,8392,481,12,3,-3116,6,-50,126,10206
2026/05/10,09:30,10320,0,2080,942,0,94,0,1354,2,320,6,8906,506,4,3,-3308,4,-198,120,10320
2026/05/10,10:00,10368,0,2422,946,0,84,11,1354,2,312,15,8782,1069,8,3,-3508,0,-148,114,10368
2026/05/10,10:30,10370,0,2634,942,0,86,11,1350,2,310,15,8536,1559,6,2,-3480,2,-114,96,10370
2026/05/10,11:00,10424,0,2548,950,0,84,11,1356,0,310,15,8496,1655,6,2,-3482,0,60,96,10424
2026/05/10,11:30,10482,0,2446,940,0,86,11,1350,2,314,14,8634,1558,12,2,-3468,2,72,92,10482
2026/05/10,12:00,10448,0,2488,948,0,86,11,1352,2,312,15,8556,1526,10,2,-3476,2,74,94,10448
2026/05/10,12:30,10280,0,2406,940,0,84,11,1352,2,308,14,8756,1062,10,2,-3466,2,-210,96,10280
2026/05/10,13:00,10416,0,2420,944,0,84,11,1364,2,310,15,8910,644,12,3,-3480,2,-244,92,10416
2026/05/10,13:30,10356,0,2398,938,0,86,11,1358,2,312,15,8668,486,14,3,-3446,2,-68,92,10356
2026/05/10,14:00,10192,0,2526,950,0,88,0,1362,0,314,7,8164,457,18,3,-3338,2,12,94,10192
2026/05/10,14:30,10040,0,2570,936,0,100,0,1352,2,328,0,7348,412,30,4,-2566,2,-156,94,10040
2026/05/10,15:00,10208,0,2492,944,0,102,0,1360,2,326,0,6494,366,34,4,-2014,2,372,94,10208
2026/05/10,15:30,10154,0,2514,948,0,104,0,1352,2,332,0,5486,311,26,5,-1542,8,828,96,10154
2026/05/10,16:00,10258,0,2926,1130,0,112,0,1486,2,328,0,4438,0,28,0,-1050,6,712,140,10258
2026/05/10,16:30,10344,0,3212,1286,0,120,0,1532,2,332,0,3046,0,34,0,-102,6,714,162,10344
2026/05/10,17:00,10502,0,3646,1330,0,126,0,1670,0,326,0,1746,0,24,0,654,12,786,182,10502
2026/05/10,17:30,10692,0,4318,1342,0,124,0,1776,2,332,0,708,0,20,0,2022,10,-156,194,10692
2026/05/10,18:00,10822,0,4386,1362,0,124,0,1818,2,326,0,114,0,18,0,2210,16,238,208,10822
2026/05/10,18:30,11144,0,4368,1570,0,124,0,1858,2,332,0,6,0,24,0,2158,16,480,206,11144
2026/05/10,19:00,11260,0,4156,1710,0,126,0,1892,2,328,0,0,0,22,0,2238,12,560,214,11260
2026/05/10,19:30,11116,0,4006,1728,0,122,0,1894,2,334,0,0,0,24,0,2306,18,468,214,11116
2026/05/10,20:00,10966,0,3986,1720,0,124,0,1872,2,328,0,0,0,24,0,2004,18,676,212,10966
2026/05/10,20:30,10780,0,3870,1768,0,124,0,1852,0,332,0,0,0,28,0,1772,12,806,216,10780
2026/05/10,21:00,10670,0,3930,1954,0,124,0,1848,2,334,0,0,0,26,0,1334,12,904,202,10670
2026/05/10,21:30,10444,0,3834,2084,0,126,0,1830,2,330,0,0,0,38,0,1276,4,716,204,10444
2026/05/10,22:00,10214,0,3788,2102,0,124,0,1828,2,332,0,0,0,42,0,1022,2,796,176,10214
2026/05/10,22:30,9956,0,3496,2104,0,124,0,1852,2,330,0,0,0,44,0,872,2,958,172,9956
2026/05/10,23:00,9886,0,3546,2106,0,124,0,1790,2,334,0,0,0,36,0,698,2,1084,164,9886
2026/05/10,23:30,9670,0,3648,2108,0,126,0,1790,2,332,0,0,0,38,0,430,2,1046,148,9670
2026/05/11,00:00,9400,0,3490,2104,0,142,0,1702,2,330,0,0,0,34,0,170,2,1302,122,9400
2026/05/11,00:30,9042,0,3106,2098,0,144,0,1658,0,336,0,0,0,44,0,80,2,1452,122,9042
2026/05/11,01:00,8928,0,2868,2106,0,142,0,1656,2,328,0,0,0,38,0,76,0,1590,122,8928
2026/05/11,01:30,8876,0,2946,2100,0,144,0,1642,2,338,0,0,0,40,0,74,0,1472,118,8876
2026/05/11,02:00,9024,0,2658,2106,0,142,0,1668,2,334,0,0,0,38,0,80,2,1872,122,9024
2026/05/11,02:30,9182,0,2800,2100,0,142,0,1654,2,336,0,0,0,44,0,70,0,1912,122,9182
2026/05/11,03:00,9654,0,3300,2108,0,146,0,1654,2,338,0,0,0,30,0,78,0,1874,124,9654
2026/05/11,03:30,9780,0,3334,2106,0,142,0,1650,2,338,0,0,0,38,0,126,2,1918,124,9780
2026/05/11,04:00,9992,0,3330,2106,0,142,0,1692,0,336,0,0,0,30,0,218,4,2030,104,9992
2026/05/11,04:30,10072,0,3298,2104,0,144,0,1686,2,336,0,6,0,26,0,220,4,2136,110,10072
2026/05/11,05:00,10126,0,2986,2106,0,138,0,1680,2,334,0,68,0,20,0,190,4,2488,110,10126
2026/05/11,05:30,10338,0,2824,2102,0,138,0,1652,2,338,0,544,0,16,0,-22,0,2642,102,10338
2026/05/11,06:00,10472,0,2700,2090,0,110,0,1566,2,334,0,1382,0,10,0,-422,4,2612,84,10472
2026/05/11,06:30,10928,0,2550,1998,0,96,0,1554,2,336,0,2442,0,12,0,-458,0,2314,82,10928
2026/05/11,07:00,11592,0,1998,1894,0,88,0,1500,2,330,0,3692,0,10,0,-898,4,2894,78,11592
2026/05/11,07:30,12326,0,2282,1982,0,80,0,1472,2,336,0,4954,0,10,0,-178,2,1300,84,12326
2026/05/11,08:00,13326,0,2402,2032,0,74,0,1370,2,328,0,5996,0,6,0,-368,2,1374,108,13326
2026/05/11,08:30,14370,0,2722,2100,0,62,0,1362,2,334,0,6808,0,12,0,-616,4,1468,112,14370
2026/05/11,09:00,15026,0,2478,2108,0,48,0,1372,2,322,0,7636,0,12,0,-492,4,1422,114,15026
2026/05/11,09:30,15586,0,2638,2100,0,48,0,1354,0,328,0,8380,0,14,0,-902,2,1512,112,15586
2026/05/11,10:00,15514,0,2608,2106,0,46,0,1362,2,318,0,8628,0,14,0,-644,2,958,114,15514
2026/05/11,10:30,15716,0,2470,2098,0,48,0,1350,2,322,0,8924,0,16,0,-718,2,1088,114,15716
2026/05/11,11:00,15752,0,2750,2106,0,46,0,1358,2,320,0,9234,1,14,0,-944,4,752,110,15752
2026/05/11,11:30,15548,0,2712,2098,0,44,0,1354,2,320,0,9058,1,20,0,-1116,2,982,72,15548
2026/05/11,12:00,14542,0,2322,2102,0,46,0,1364,2,318,0,8660,2,30,0,-1794,2,1422,68,14542
2026/05/11,12:30,14590,0,2710,2106,0,44,0,1304,0,312,0,8458,2,40,0,-1518,4,1062,68,14590
2026/05/11,13:00,15322,0,2902,2102,0,46,0,1362,2,300,0,8022,0,38,0,-900,6,1374,68,15322
2026/05/11,13:30,15560,0,2774,2102,0,44,0,1428,2,308,0,7556,0,46,0,-240,0,1468,72,15560
2026/05/11,14:00,15392,0,2930,2106,0,44,0,1464,0,314,0,6960,0,48,0,-208,4,1656,74,15392
2026/05/11,14:30,15508,0,3304,2100,0,50,0,1530,2,320,0,6386,0,66,0,22,2,1636,90,15508
2026/05/11,15:00,15158,0,3904,2106,0,46,0,1618,2,322,0,5564,0,86,0,38,0,1352,120,15158
2026/05/11,15:30,15202,0,4666,2098,0,64,0,1670,2,318,0,4500,0,86,0,126,2,1546,124,15202
2026/05/11,16:00,15270,0,5336,2106,0,74,0,1708,2,322,0,3474,0,84,0,336,6,1658,164,15270
2026/05/11,16:30,14940,0,5626,2104,0,78,0,1850,2,328,0,2538,0,92,0,1234,14,908,166,14940
2026/05/11,17:00,14520,0,5594,2102,0,80,0,2036,0,326,0,1440,0,94,0,1830,12,832,174,14520
2026/05/11,17:30,14230,0,5632,2102,0,80,0,2058,2,328,0,590,0,82,0,2052,32,1100,172,14230
2026/05/11,18:00,14204,0,5518,2106,0,80,0,2098,2,330,0,104,0,78,0,2054,24,1634,176,14204
2026/05/11,18:30,14244,0,5324,2104,0,80,0,2092,2,334,0,8,0,76,0,1716,40,2292,176,14244
2026/05/11,19:00,14020,0,5460,2102,0,80,0,2120,2,326,0,0,0,64,0,1732,32,1924,178,14020
2026/05/11,19:30,13678,0,5030,2106,0,86,0,2094,2,338,0,0,0,66,0,816,18,2942,180,13678
2026/05/11,20:00,13464,0,5022,2052,0,82,0,2032,2,326,0,0,0,62,0,724,20,2970,172,13464
2026/05/11,20:30,13290,0,5306,1916,0,84,0,2004,0,332,0,0,0,60,0,462,14,2932,180,13290
2026/05/11,21:00,13000,0,5372,1916,0,84,0,1966,2,324,0,0,0,56,0,352,10,2744,174,13000
2026/05/11,21:30,12842,0,5360,1916,0,84,0,1956,2,330,0,0,0,32,0,166,6,2818,172,12842
2026/05/11,22:00,12620,0,5304,1912,0,78,0,1828,2,326,0,0,0,26,0,14,4,2998,128,12620
2026/05/11,22:30,12362,0,5198,1918,0,78,0,1816,2,328,0,0,0,24,0,220,4,2652,122,12362
2026/05/11,23:00,12354,0,5326,1914,0,78,0,1760,2,326,0,0,0,24,0,224,6,2566,128,12354
2026/05/11,23:30,12072,0,5458,1920,0,76,0,1734,2,334,0,0,0,22,0,250,6,2142,128,12072
2026/05/12,00:00,11616,0,5348,1920,0,74,0,1618,2,324,0,0,0,20,0,406,4,1772,128,11616
2026/05/12,00:30,11314,0,5066,1912,0,74,0,1594,2,318,0,0,0,22,0,126,2,2064,134,11314
2026/05/12,01:00,11154,0,4528,1912,0,70,0,1594,2,316,0,0,0,12,0,48,4,2528,140,11154
2026/05/12,01:30,10964,0,4428,1918,0,72,0,1594,2,314,0,0,0,10,0,52,6,2428,140,10964
2026/05/12,02:00,10994,0,4482,1918,0,70,0,1582,2,308,0,0,0,8,0,60,4,2436,124,10994
2026/05/12,02:30,11042,0,4422,1922,0,68,0,1586,0,316,0,0,0,8,0,54,2,2562,102,11042
2026/05/12,03:00,11260,0,4428,2030,0,72,0,1644,2,306,0,0,0,10,0,52,6,2606,104,11260
2026/05/12,03:30,11296,0,4546,2098,0,72,0,1640,2,314,0,0,0,6,0,54,10,2452,102,11296
2026/05/12,04:00,11460,0,4706,2104,0,70,0,1640,2,308,0,0,0,8,0,10,10,2494,108,11460
2026/05/12,04:30,11494,0,4544,2106,0,74,0,1650,2,312,0,0,0,0,0,2,6,2692,106,11494
2026/05/12,05:00,11352,0,4182,2106,0,66,0,1626,2,302,0,68,0,0,0,146,16,2736,102,11352
2026/05/12,05:30,11224,0,3384,2100,0,64,0,1598,2,314,0,512,0,2,0,28,4,3118,98,11224
2026/05/12,06:00,11302,0,2836,2102,0,46,0,1502,0,308,0,1318,0,0,0,2,2,3086,100,11302
2026/05/12,06:30,11672,0,2518,2102,0,40,0,1488,2,312,0,2384,0,2,0,4,2,2726,92,11672
2026/05/12,07:00,12182,0,2382,2108,0,42,0,1354,2,308,0,3544,0,0,0,4,2,2338,98,12182
2026/05/12,07:30,12708,0,2266,2104,0,42,0,1296,2,314,0,4856,0,2,0,-22,4,1770,74,12708
2026/05/12,08:00,13724,0,3046,2106,0,46,0,1304,2,304,0,5758,0,2,0,-208,2,1286,76,13724
2026/05/12,08:30,14664,0,3150,2104,0,46,0,1298,2,316,0,6518,0,2,0,144,4,1008,72,14664
2026/05/12,09:00,15634,0,2956,2100,0,44,0,1238,2,302,0,7326,0,4,0,314,2,1270,76,15634
2026/05/12,09:30,15832,0,2682,2102,0,42,0,1236,0,302,0,7550,0,4,0,248,2,1594,70,15832
2026/05/12,10:00,15958,0,2514,2106,0,46,0,1210,2,302,0,8038,0,6,0,108,2,1550,74,15958
2026/05/12,10:30,15832,0,2392,2104,0,42,0,1224,2,304,0,8214,0,12,0,-242,2,1706,72,15832
2026/05/12,11:00,15748,0,2768,2106,0,48,0,1208,2,302,0,8326,1,14,0,-574,4,1470,74,15748
2026/05/12,11:30,15782,0,2502,2104,0,64,0,1212,2,304,0,8662,1,18,0,-838,2,1674,76,15782
2026/05/12,12:00,14800,0,2602,2102,0,66,0,1184,2,304,0,8450,0,32,0,-1488,2,1468,76,14800
2026/05/12,12:30,14750,0,2616,2106,0,68,0,1182,2,310,0,8192,0,28,0,-1628,0,1802,72,14750
2026/05/12,13:00,15566,0,3362,2104,0,76,0,1238,0,304,0,7966,0,30,0,-906,6,1310,76,15566
2026/05/12,13:30,15704,0,2640,2102,0,88,0,1234,2,304,0,7590,0,28,0,-138,0,1782,72,15704
2026/05/12,14:00,15804,0,3284,2102,0,96,0,1286,2,304,0,6972,0,24,0,-166,4,1818,78,15804
2026/05/12,14:30,15718,0,2744,2106,0,114,0,1342,2,306,0,6428,0,24,0,360,2,2186,104,15718
2026/05/12,15:00,15348,0,3092,2104,0,126,0,1376,2,310,0,5426,0,22,0,382,6,2374,128,15348
2026/05/12,15:30,15366,0,3452,2102,0,126,0,1546,2,308,0,4242,0,28,0,548,8,2868,136,15366
2026/05/12,16:00,15258,0,4120,2106,0,132,0,1686,0,308,0,3128,0,26,0,1382,12,2206,152,15258
2026/05/12,16:30,14956,0,4396,2102,0,146,0,1728,2,310,0,2102,0,24,0,1896,8,2094,148,14956
2026/05/12,17:00,14504,0,4706,2106,0,154,0,1896,2,306,0,1128,0,20,0,2012,12,2002,160,14504
2026/05/12,17:30,14380,0,5010,2100,0,164,0,1950,2,314,0,448,0,22,0,2220,22,1966,162,14380
2026/05/12,18:00,14188,0,5282,2102,0,172,0,1964,2,308,0,66,0,24,0,2190,24,1862,192,14188
2026/05/12,18:30,14130,0,5188,2104,0,172,0,1964,2,294,0,8,0,30,0,2462,24,1704,178,14130
2026/05/12,19:00,14056,0,5362,2104,0,174,0,2004,2,290,0,0,0,34,0,2256,14,1628,188,14056
2026/05/12,19:30,13624,0,5572,2100,0,176,0,1978,0,308,0,0,0,26,0,2132,12,1136,184,13624
2026/05/12,20:00,13454,0,5644,2106,0,174,0,1920,2,304,0,0,0,28,0,1570,10,1514,182,13454
2026/05/12,20:30,13226,0,5540,2104,0,174,0,1914,2,310,0,0,0,26,0,1532,10,1436,178,13226
2026/05/12,21:00,13058,0,5418,2106,0,176,0,1854,2,306,0,0,0,26,0,1082,6,1924,158,13058
2026/05/12,21:30,12844,0,5490,2106,0,176,0,1836,2,310,0,0,0,28,0,1064,2,1684,146,12844
2026/05/12,22:00,12754,0,5260,2106,0,172,0,1774,2,304,0,0,0,22,0,880,2,2114,118,12754
2026/05/12,22:30,12448,0,5512,2104,0,172,0,1766,2,314,0,0,0,16,0,1080,4,1364,114,12448
2026/05/12,23:00,12464,0,5520,2104,0,174,0,1690,0,302,0,0,0,16,0,1068,2,1486,102,12464
2026/05/12,23:30,12086,0,5502,2102,0,172,0,1668,2,310,0,0,0,10,0,974,0,1244,102,12086
2026/05/13,00:00,11848,0,5034,2108,0,174,0,1546,2,304,0,0,0,8,0,656,0,1910,106,11848
2026/05/13,00:30,11412,0,4328,2100,0,172,0,1528,2,314,0,0,0,6,0,414,2,2434,112,11412
2026/05/13,01:00,11246,0,4136,2106,0,174,0,1526,2,308,0,0,0,6,0,126,0,2752,110,11246
2026/05/13,01:30,11142,0,4136,2108,0,176,0,1528,2,308,0,0,0,4,0,34,0,2738,108,11142
2026/05/13,02:00,11136,0,4148,2100,0,174,0,1528,2,304,0,0,0,2,0,36,0,2730,112,11136
2026/05/13,02:30,11242,0,4494,2114,0,176,0,1528,0,312,0,0,0,6,0,32,4,2466,110,11242
2026/05/13,03:00,11410,0,4604,2106,0,172,0,1562,2,304,0,0,0,4,0,44,4,2496,112,11410
2026/05/13,03:30,11544,0,4674,2100,0,174,0,1558,2,312,0,0,0,4,0,86,16,2506,112,11544
2026/05/13,04:00,11688,0,4580,2104,0,176,0,1648,2,306,0,0,0,4,0,64,4,2682,118,11688
2026/05/13,04:30,11664,0,4648,2104,0,170,0,1638,2,312,0,8,0,0,0,70,4,2590,118,11664
2026/05/13,05:00,11610,0,4460,2106,0,166,0,1548,2,306,0,90,0,0,0,80,14,2708,130,11610
2026/05/13,05:30,11362,0,3888,2108,0,160,0,1554,2,308,0,590,0,0,0,72,0,2550,130,11362
2026/05/13,06:00,11496,0,3536,2106,0,144,0,1524,0,306,0,1406,0,2,0,30,0,2322,120,11496
2026/05/13,06:30,11798,0,2804,2100,0,144,0,1554,2,306,0,2478,0,6,0,-18,2,2330,90,11798
2026/05/13,07:00,12334,0,2468,2104,0,140,0,1404,2,296,0,3766,0,6,0,-332,0,2390,90,12334
2026/05/13,07:30,12826,0,2828,2108,0,148,0,1344,2,294,0,4922,0,4,0,-546,0,1636,86,12826
2026/05/13,08:00,13778,0,2932,2106,0,158,0,1306,2,290,0,6064,0,2,0,-720,2,1544,92,13778
2026/05/13,08:30,14856,0,3164,2108,0,166,0,1282,2,290,0,7242,0,2,0,-646,2,1154,90,14856
2026/05/13,09:00,15662,0,3584,2106,0,164,0,1264,2,276,0,8062,0,4,0,-460,2,568,90,15662
2026/05/13,09:30,15940,0,3344,2104,0,162,0,1266,0,264,0,8672,0,2,0,-238,2,272,90,15940
2026/05/13,10:00,15876,0,2886,2104,0,158,0,1186,2,264,0,9016,0,4,0,-424,0,592,88,15876
2026/05/13,10:30,16010,0,2930,2102,0,158,0,1184,2,268,0,9300,0,4,0,-486,4,454,90,16010
2026/05/13,11:00,16186,0,2960,2104,0,156,0,1182,2,264,0,9314,0,4,0,-158,2,260,96,16186
2026/05/13,11:30,15942,0,2882,2102,0,148,0,1174,2,260,0,9054,0,6,0,-322,4,538,94,15942
2026/05/13,12:00,15194,0,2782,2106,0,148,0,1188,2,248,0,8712,0,6,0,-1106,4,1010,94,15194
2026/05/13,12:30,15026,0,3404,2102,0,146,0,1196,0,252,0,8292,0,4,0,-1218,6,748,94,15026
2026/05/13,13:00,15956,0,3776,2108,0,146,0,1202,2,252,0,8028,0,4,0,-136,2,476,96,15956
2026/05/13,13:30,16090,0,4330,2106,0,146,0,1188,2,260,0,7310,0,2,0,4,2,614,126,16090
2026/05/13,14:00,16234,0,4784,2106,0,162,0,1422,2,258,0,6504,0,6,0,4,14,848,124,16234
2026/05/13,14:30,16294,0,5320,2100,0,176,0,1484,2,254,0,5354,0,12,0,2,12,1448,130,16294
2026/05/13,15:00,15720,0,5848,2106,0,176,0,1620,2,254,0,3864,0,14,0,4,8,1694,130,15720
2026/05/13,15:30,15750,0,6048,2104,0,174,0,1760,2,272,0,2780,0,14,0,2,8,2458,128,15750
2026/05/13,16:00,15634,0,6414,2102,0,178,0,1866,0,270,0,1766,0,16,0,64,10,2820,128,15634
2026/05/13,16:30,15236,0,6144,2102,0,174,0,1876,2,270,0,1068,0,6,0,318,8,3136,132,15236
2026/05/13,17:00,14698,0,6268,2108,0,176,0,1892,2,270,0,600,0,8,0,256,8,2964,146,14698
2026/05/13,17:30,14512,0,6480,2104,0,174,0,1904,2,268,0,352,0,8,0,222,16,2828,154,14512
2026/05/13,18:00,14444,0,6528,2108,0,178,0,1974,2,276,0,130,0,14,0,286,14,2758,176,14444
2026/05/13,18:30,14356,0,6482,2102,0,178,0,1946,2,276,0,10,0,46,0,290,12,2832,180,14356
2026/05/13,19:00,14142,0,6332,2106,0,182,0,1982,2,272,0,0,0,44,0,284,10,2738,190,14142
2026/05/13,19:30,13816,0,5830,2102,0,184,0,1952,0,274,0,0,0,36,0,280,10,2960,188,13816
2026/05/13,20:00,13558,0,6104,2106,0,192,0,1876,2,274,0,0,0,20,0,280,8,2504,192,13558
2026/05/13,20:30,13298,0,5854,2096,0,192,0,1864,2,276,0,0,0,14,0,244,6,2566,184,13298
2026/05/13,21:00,13264,0,5788,2112,0,196,0,1858,2,270,0,0,0,10,0,200,6,2634,188,13264
2026/05/13,21:30,13026,0,5290,2098,0,198,0,1856,2,278,0,0,0,2,0,148,0,2966,188,13026
2026/05/13,22:00,12838,0,5246,2114,0,190,0,1728,2,272,0,0,0,4,0,114,0,2978,190,12838
2026/05/13,22:30,12586,0,5262,2096,0,192,0,1714,2,270,0,0,0,4,0,104,4,2752,186,12586
2026/05/13,23:00,12546,0,5296,2110,0,190,0,1774,0,274,0,0,0,4,0,46,4,2656,192,12546
2026/05/13,23:30,12258,0,5270,2102,0,192,0,1780,2,276,0,0,0,4,0,30,2,2410,190,12258
2026/05/14,00:00,11878,0,5240,2106,0,182,0,1746,2,270,0,0,0,4,0,134,4,1998,192,11878
2026/05/14,00:30,11478,0,4134,2096,0,180,0,1720,2,276,0,0,0,4,0,172,2,2704,188,11478
2026/05/14,01:00,11280,0,3470,2114,0,176,0,1678,2,272,0,0,0,4,0,180,6,3194,184,11280
2026/05/14,01:30,11262,0,3384,2098,0,180,0,1670,2,278,0,0,0,4,0,112,6,3348,180,11262
2026/05/14,02:00,11230,0,3382,2112,0,176,0,1684,2,268,0,0,0,4,0,40,4,3376,182,11230
2026/05/14,02:30,11400,0,3420,2094,0,178,0,1670,0,276,0,0,0,4,0,40,6,3532,180,11400
2026/05/14,03:00,11588,0,3644,2112,0,178,0,1676,2,272,0,0,0,4,0,72,2,3432,194,11588
2026/05/14,03:30,11666,0,3724,2098,0,178,0,1730,2,276,0,0,0,8,0,192,16,3254,188,11666
2026/05/14,04:00,11796,0,3690,2110,0,174,0,1704,2,274,0,0,0,12,0,292,14,3344,180,11796
2026/05/14,04:30,11874,0,3750,2098,0,176,0,1688,2,278,0,8,0,4,0,324,20,3356,170,11874
2026/05/14,05:00,11852,0,3670,2114,0,166,0,1658,2,270,0,74,0,8,0,292,6,3416,176,11852
2026/05/14,05:30,11660,0,3098,2100,0,164,0,1620,2,276,0,584,0,8,0,92,0,3546,170,11660
2026/05/14,06:00,11888,0,2728,2112,0,156,0,1638,0,270,0,1502,0,4,0,-140,2,3446,170,11888
2026/05/14,06:30,11974,0,2378,2092,0,158,0,1560,2,270,0,2702,0,4,0,-986,2,3626,166,11974
2026/05/14,07:00,12732,0,3024,2112,0,146,0,1474,2,272,0,4060,0,4,0,-1560,2,3036,160,12732
2026/05/14,07:30,13192,0,2668,2098,0,148,0,1424,2,272,0,5416,0,12,0,-1484,2,2490,144,13192
2026/05/14,08:00,14322,0,3008,2112,0,150,0,1404,2,272,0,6686,0,8,0,-1646,4,2156,166,14322
2026/05/14,08:30,15218,0,2792,2098,0,152,0,1394,2,274,0,7738,0,8,0,-1458,2,2056,160,15218
2026/05/14,09:00,15960,0,2918,2112,0,146,0,1446,2,270,0,8500,0,6,0,-1456,8,1844,164,15960
2026/05/14,09:30,16236,0,3092,2092,0,148,0,1460,0,270,0,9088,0,4,0,-1560,2,1480,160,16236
2026/05/14,10:00,16400,0,3438,2112,0,148,0,1430,2,268,0,9482,0,4,0,-1498,2,888,124,16400
2026/05/14,10:30,16312,0,3466,2096,0,148,0,1340,2,272,0,9756,0,6,0,-1300,2,400,124,16312
2026/05/14,11:00,16552,0,3668,2106,0,146,0,1302,2,266,0,9766,0,4,0,-1126,4,296,118,16552
2026/05/14,11:30,16320,0,3110,2098,0,144,0,1284,2,274,0,9706,0,6,0,-1094,2,666,122,16320
2026/05/14,12:00,15674,0,2922,2112,0,146,0,1246,2,270,0,9550,0,4,0,-1994,4,1322,90,15674
2026/05/14,12:30,15490,0,3388,2096,0,146,0,1238,2,274,0,9112,0,8,0,-1980,2,1120,84,15490
2026/05/14,13:00,16372,0,4268,2110,0,148,0,1254,0,270,0,8518,0,6,0,-754,14,448,90,16372
2026/05/14,13:30,16684,0,4184,2094,0,146,0,1318,2,270,0,7806,0,6,0,-106,6,872,86,16684
2026/05/14,14:00,16418,0,4366,1976,0,150,0,1518,2,268,0,6638,0,6,0,140,8,1234,112,16418
2026/05/14,14:30,16260,0,4676,1686,0,162,0,1486,2,274,0,5700,0,14,0,616,14,1514,116,16260
2026/05/14,15:00,15932,0,4682,1558,0,166,0,1654,2,272,0,4452,0,16,0,1348,8,1658,116,15932
2026/05/14,15:30,15978,0,5190,1530,0,180,0,1756,2,280,0,3640,0,14,0,1932,6,1336,112,15978
2026/05/14,16:00,15870,0,5480,1542,0,178,0,1842,0,276,0,2956,0,18,0,1722,8,1726,122,15870
2026/05/14,16:30,15578,0,5772,1530,0,176,0,1878,2,274,0,2298,0,12,0,1724,10,1778,124,15578
2026/05/14,17:00,15028,0,5952,1542,0,176,0,1940,2,278,0,1486,0,8,0,1884,8,1628,124,15028
2026/05/14,17:30,14790,0,6286,1526,0,176,0,1988,2,280,0,718,0,8,0,1846,20,1816,124,14790
2026/05/14,18:00,14684,0,6232,1538,0,180,0,2028,2,276,0,170,0,2,0,1400,18,2712,126,14684
2026/05/14,18:30,14710,0,5980,1532,0,182,0,2046,2,276,0,16,0,12,0,882,14,3642,126,14710
2026/05/14,19:00,14454,0,5788,1542,0,178,0,2064,2,270,0,0,0,4,0,746,8,3726,126,14454
2026/05/14,19:30,14110,0,5948,1528,0,184,0,2042,0,278,0,0,0,4,0,530,12,3456,128,14110
2026/05/14,20:00,13892,0,5972,1540,0,180,0,1936,2,272,0,0,0,2,0,266,8,3590,124,13892
2026/05/14,20:30,13634,0,5900,1532,0,180,0,1884,2,276,0,0,0,4,0,202,8,3526,120,13634
2026/05/14,21:00,13454,0,5848,1540,0,180,0,1864,2,272,0,0,0,4,0,168,6,3448,122,13454
2026/05/14,21:30,13184,0,5756,1528,0,180,0,1866,2,276,0,0,0,4,0,126,0,3328,118,13184
2026/05/14,22:00,13016,0,5742,1544,0,176,0,1828,2,268,0,0,0,4,0,38,2,3290,122,13016
2026/05/14,22:30,12890,0,5626,1530,0,178,0,1824,2,274,0,0,0,4,0,12,2,3314,124,12890
2026/05/14,23:00,12700,0,5448,1538,0,174,0,1762,0,276,0,0,0,6,0,4,2,3368,122,12700
2026/05/14,23:30,12444,0,5266,1534,0,172,0,1772,2,276,0,0,0,6,0,2,0,3290,124,12444
2026/05/15,00:00,12004,0,5158,1540,0,176,0,1704,2,264,0,0,0,4,0,28,0,3000,128,12004
2026/05/15,00:30,11694,0,4720,1522,0,158,0,1686,2,244,0,0,0,6,0,28,0,3208,120,11694
2026/05/15,01:00,11548,0,4630,1546,0,158,0,1672,2,230,0,0,0,4,0,28,2,3150,126,11548
2026/05/15,01:30,11314,0,4214,1528,0,156,0,1678,2,234,0,0,0,8,0,28,0,3346,120,11314
2026/05/15,02:00,11366,0,4260,1542,0,158,0,1672,0,228,0,0,0,6,0,28,0,3346,126,11366
2026/05/15,02:30,11424,0,4280,1532,0,156,0,1682,2,228,0,0,0,6,0,28,2,3386,122,11424
2026/05/15,03:00,11750,0,4418,1540,0,172,0,1700,2,230,0,0,0,6,0,30,2,3502,148,11750
2026/05/15,03:30,11756,0,4548,1528,0,176,0,1710,2,236,0,0,0,10,0,28,12,3348,158,11756
2026/05/15,04:00,11834,0,4566,1542,0,170,0,1706,2,230,0,0,0,4,0,30,14,3426,144,11834
2026/05/15,04:30,11868,0,4586,1530,0,166,0,1696,2,232,0,8,0,2,0,26,10,3468,142,11868
2026/05/15,05:00,11786,0,4350,1540,0,148,0,1636,2,230,0,86,0,0,0,30,10,3626,128,11786
2026/05/15,05:30,11726,0,4226,1532,0,144,0,1580,0,232,0,540,0,2,0,32,4,3326,108,11726
2026/05/15,06:00,11668,0,4048,1544,0,146,0,1510,2,228,0,1330,0,0,0,40,4,2710,106,11668
2026/05/15,06:30,12184,0,3768,1530,0,142,0,1512,2,236,0,2396,0,2,0,62,2,2426,106,12184
2026/05/15,07:00,12654,0,3650,1540,0,144,0,1414,2,224,0,3496,0,4,0,-254,0,2364,70,12654
2026/05/15,07:30,13152,0,3524,1532,0,142,0,1304,2,234,0,4678,0,4,0,-120,4,1778,70,13152
2026/05/15,08:00,14104,0,3366,1542,0,140,0,1272,2,230,0,5882,0,2,0,0,0,1564,104,14104
2026/05/15,08:30,15190,0,3726,1526,0,140,0,1266,2,240,0,6918,0,8,0,-96,4,1352,104,15190
2026/05/15,09:00,15892,0,3956,1540,0,136,0,1274,2,224,0,7798,0,2,0,-46,4,896,106,15892
2026/05/15,09:30,15976,0,3824,1528,0,138,0,1266,0,234,0,8142,0,4,0,38,2,692,108,15976
2026/05/15,10:00,16178,0,3258,1542,0,142,0,1280,2,230,0,8638,0,4,0,32,4,970,76,16178
2026/05/15,10:30,16306,0,2926,1530,0,144,0,1278,2,226,0,9032,0,6,0,8,2,1076,76,16306
2026/05/15,11:00,16330,0,2502,1542,0,152,0,1270,2,222,0,9366,0,6,0,-298,4,1486,76,16330
2026/05/15,11:30,16346,0,3038,1526,0,152,0,1260,2,228,0,9518,0,12,0,-614,6,1146,72,16346
2026/05/15,12:00,15520,0,2750,1534,0,152,0,1242,2,224,0,9540,0,14,0,-936,2,922,74,15520
2026/05/15,12:30,15364,0,2826,1494,0,154,0,1226,0,226,0,9400,0,18,0,-1642,2,1588,72,15364
2026/05/15,13:00,16304,0,3278,1524,0,152,0,1234,2,226,0,9192,0,18,0,-806,4,1404,76,16304
2026/05/15,13:30,16322,0,3520,1534,0,154,0,1250,2,228,0,8734,0,24,0,-256,2,1054,76,16322
2026/05/15,14:00,16460,0,3752,1542,0,154,0,1328,2,224,0,8304,0,32,0,-480,2,1516,84,16460
2026/05/15,14:30,16178,0,3972,1528,0,150,0,1338,2,226,0,7420,0,30,0,-508,8,1916,96,16178
2026/05/15,15:00,15980,0,4720,1542,0,152,0,1466,0,222,0,6430,0,30,0,-466,6,1748,130,15980
2026/05/15,15:30,15868,0,4642,1530,0,152,0,1522,2,226,0,5134,0,30,0,-358,6,2854,128,15868
2026/05/15,16:00,15916,0,5190,1542,0,156,0,1646,2,224,0,3860,0,28,0,358,8,2734,168,15916
2026/05/15,16:30,15314,0,5420,1528,0,168,0,1706,0,228,0,2612,0,34,0,932,16,2500,170,15314
2026/05/15,17:00,14810,0,5344,1658,0,172,0,1826,2,226,0,1514,0,34,0,1210,16,2634,174,14810
2026/05/15,17:30,14524,0,5586,1716,0,174,0,1876,2,230,0,656,0,42,0,1562,18,2486,176,14524
2026/05/15,18:00,14356,0,5688,1732,0,172,0,1952,2,228,0,152,0,56,0,1776,30,2394,174,14356
2026/05/15,18:30,14386,0,5828,1722,0,172,0,1972,2,232,0,10,0,78,0,1458,34,2706,172,14386
2026/05/15,19:00,14270,0,5946,1744,0,174,0,2042,2,224,0,0,0,68,0,1418,20,2452,180,14270
2026/05/15,19:30,13928,0,5788,1886,0,176,0,2016,0,236,0,0,0,66,0,1354,24,2210,172,13928
2026/05/15,20:00,13716,0,5462,1922,0,174,0,1992,2,228,0,0,0,62,0,316,16,3386,156,13716
2026/05/15,20:30,13408,0,5384,1908,0,174,0,1906,2,228,0,0,0,52,0,372,8,3226,148,13408
2026/05/15,21:00,13150,0,4520,1926,0,178,0,1852,2,224,0,0,0,42,0,650,14,3592,150,13150
2026/05/15,21:30,12874,0,4382,1940,0,178,0,1786,2,230,0,0,0,34,0,422,0,3754,146,12874
2026/05/15,22:00,12886,0,4446,2076,0,176,0,1620,2,220,0,0,0,34,0,338,0,3848,126,12886
2026/05/15,22:30,12672,0,4750,2098,0,176,0,1620,2,228,0,0,0,38,0,330,18,3294,118,12672
2026/05/15,23:00,12500,0,4468,2114,0,178,0,1682,0,226,0,0,0,28,0,332,6,3346,120,12500
2026/05/15,23:30,12176,0,4590,2102,0,174,0,1668,2,228,0,0,0,22,0,296,2,2976,116,12176
2026/05/16,00:00,11844,0,5456,2104,0,176,0,1550,2,224,0,0,0,14,0,358,4,1800,156,11844
2026/05/16,00:30,11546,0,5082,2100,0,180,0,1522,2,234,0,0,0,12,0,354,2,1898,160,11546
2026/05/16,01:00,11134,0,4242,2112,0,176,0,1516,2,224,0,0,0,8,0,100,4,2586,164,11134
2026/05/16,01:30,10968,0,3998,2096,0,178,0,1514,0,228,0,0,0,6,0,18,2,2766,162,10968
2026/05/16,02:00,10992,0,3854,2110,0,174,0,1520,2,226,0,0,0,6,0,8,2,2942,148,10992
2026/05/16,02:30,11024,0,3884,2104,0,176,0,1520,2,230,0,0,0,4,0,70,0,2896,138,11024
2026/05/16,03:00,11168,0,4082,2110,0,178,0,1530,2,220,0,0,0,4,0,76,8,2822,136,11168
2026/05/16,03:30,11242,0,4366,2106,0,178,0,1542,2,210,0,0,0,6,0,102,10,2586,134,11242
2026/05/16,04:00,11180,0,4074,2106,0,180,0,1542,2,190,0,0,0,4,0,140,12,2814,116,11180
2026/05/16,04:30,11158,0,4286,2096,0,178,0,1526,2,188,0,10,0,2,0,142,20,2598,110,11158
2026/05/16,05:00,10718,0,3614,2116,0,178,0,1452,2,180,0,106,0,0,0,48,10,2916,96,10718
2026/05/16,05:30,10546,0,3196,2098,0,162,0,1418,0,186,0,652,0,0,0,12,6,2720,96,10546
2026/05/16,06:00,10336,0,2760,2112,0,160,0,1354,2,182,0,1568,0,0,0,-208,6,2308,92,10336
2026/05/16,06:30,10326,0,2066,2068,0,160,0,1326,2,184,0,2746,0,0,0,208,2,1490,74,10326
2026/05/16,07:00,10426,0,2072,1984,0,154,0,1298,2,184,0,3954,0,2,0,-588,6,1288,70,10426
2026/05/16,07:30,10742,0,1930,1908,0,146,0,1274,2,184,0,5254,0,2,0,-994,4,958,74,10742
2026/05/16,08:00,11134,0,2076,1738,0,146,0,1272,2,182,0,6364,0,0,0,-1340,12,570,112,11134
2026/05/16,08:30,11516,0,2150,1712,0,146,0,1258,2,184,0,7248,0,2,0,-1890,6,590,108,11516
2026/05/16,09:00,11866,0,2242,1722,0,146,0,1256,0,174,0,7996,0,4,0,-1982,10,182,116,11866
2026/05/16,09:30,12122,0,2132,1686,0,144,0,1262,2,178,0,8784,0,2,0,-1976,6,-210,112,12122
2026/05/16,10:00,12234,0,2200,1726,0,140,0,1236,2,178,0,9208,2,4,0,-1990,4,-564,90,12234
2026/05/16,10:30,12198,0,2154,1716,0,142,0,1244,2,186,0,9490,2,2,0,-1970,6,-850,76,12198
2026/05/16,11:00,12338,0,2302,1724,0,146,0,1234,2,186,0,9662,4,4,0,-1992,6,-1010,74,12338
2026/05/16,11:30,12316,0,2130,1638,0,144,0,1240,2,182,0,9748,4,6,0,-1976,4,-874,72,12316
2026/05/16,12:00,12122,0,2282,1526,0,142,0,1270,0,184,0,9554,4,4,0,-1844,4,-1072,72,12122
2026/05/16,12:30,11942,0,1986,1458,0,144,0,1298,2,178,0,9376,3,10,0,-1628,4,-960,74,11942
2026/05/16,13:00,12128,0,2094,1430,0,142,0,1314,2,184,0,9208,2,10,0,-1640,4,-692,72,12128
2026/05/16,13:30,12034,0,2032,1510,0,146,0,1390,2,184,0,8798,2,8,0,-1630,2,-482,74,12034
2026/05/16,14:00,12106,0,2310,1542,0,148,0,1416,2,184,0,8142,0,14,0,-1658,0,-66,72,12106
2026/05/16,14:30,11894,0,2506,1538,0,148,0,1426,2,186,0,7382,0,22,0,-1270,4,-120,70,11894
2026/05/16,15:00,11832,0,2582,1576,0,148,0,1474,0,184,0,6428,0,18,0,-820,8,158,76,11832
2026/05/16,15:30,11892,0,2842,1544,0,158,0,1448,2,186,0,5350,0,22,0,-578,2,844,72,11892
2026/05/16,16:00,11888,0,3482,1744,0,158,0,1504,2,182,0,4106,0,14,0,200,2,406,88,11888
2026/05/16,16:30,11614,0,3690,1898,0,158,0,1534,2,186,0,2798,0,12,0,810,6,432,88,11614
2026/05/16,17:00,11812,0,4390,1926,0,158,0,1670,2,184,0,1602,0,14,0,1094,6,606,160,11812
2026/05/16,17:30,11528,0,4606,1916,0,176,0,1718,2,180,0,724,0,10,0,1134,26,876,160,11528
2026/05/16,18:00,11596,0,5060,1922,0,172,0,1762,2,182,0,168,0,6,0,1202,36,916,168,11596
2026/05/16,18:30,11840,0,5164,1986,0,178,0,1786,0,188,0,12,0,14,0,1520,38,784,170,11840
2026/05/16,19:00,11798,0,5164,2104,0,176,0,1826,2,184,0,0,0,6,0,1630,30,500,176,11798
2026/05/16,19:30,11528,0,4762,2096,0,174,0,1806,2,186,0,0,0,6,0,1394,14,914,174,11528
2026/05/16,20:00,11362,0,4892,2112,0,174,0,1766,2,186,0,0,0,6,0,1502,26,520,176,11362
2026/05/16,20:30,10998,0,4810,2098,0,176,0,1652,2,184,0,0,0,8,0,1356,14,526,172,10998
2026/05/16,21:00,10784,0,4644,2108,0,176,0,1634,2,186,0,0,0,8,0,1310,18,536,162,10784
2026/05/16,21:30,10614,0,4446,2100,0,156,0,1604,2,186,0,0,0,16,0,1146,6,802,150,10614
2026/05/16,22:00,10408,0,4042,2112,0,156,0,1550,0,186,0,0,0,14,0,774,0,1452,122,10408
2026/05/16,22:30,10122,0,4320,2094,0,170,0,1574,2,186,0,0,0,24,0,856,16,764,116,10122
2026/05/16,23:00,10002,0,4220,2114,0,172,0,1572,2,180,0,0,0,28,0,908,24,664,118,10002
2026/05/16,23:30,9732,0,4006,2104,0,174,0,1572,2,184,0,0,0,38,0,498,10,1026,118,9732
2026/05/17,00:00,9496,0,3748,2102,0,174,0,1500,2,184,0,0,0,44,0,262,2,1338,140,9496
2026/05/17,00:30,9314,0,3614,2096,0,176,0,1480,2,184,0,0,0,58,0,-212,0,1766,150,9314
2026/05/17,01:00,9140,0,3088,2110,0,174,0,1514,2,188,0,0,0,74,0,-350,0,2192,148,9140
2026/05/17,01:30,9210,0,3204,2098,0,174,0,1504,0,186,0,0,0,68,0,-342,2,2172,144,9210
2026/05/17,02:00,9226,0,2932,2112,0,172,0,1506,2,186,0,0,0,78,0,-382,0,2472,148,9226
2026/05/17,02:30,9424,0,3158,2092,0,176,0,1490,2,190,0,0,0,94,0,-382,0,2458,146,9424
2026/05/17,03:00,9646,0,3440,2110,0,176,0,1520,2,182,0,0,0,88,0,-300,12,2284,132,9646
2026/05/17,03:30,9764,0,3538,2098,0,176,0,1516,2,190,0,0,0,86,0,90,16,1918,134,9764
2026/05/17,04:00,9896,0,3172,1958,0,176,0,1494,2,182,0,0,0,90,0,92,6,2590,134,9896
2026/05/17,04:30,9726,0,3354,1744,0,174,0,1488,2,182,0,12,0,102,0,88,0,2442,138,9726
2026/05/17,05:00,9652,0,3340,1628,0,176,0,1458,0,178,0,114,0,104,0,90,8,2420,136,9652
2026/05/17,05:30,9432,0,3666,1380,0,174,0,1396,2,184,0,700,0,102,0,86,6,1618,118,9432
2026/05/17,06:00,9406,0,3280,1298,0,158,0,1352,2,182,0,1736,0,110,0,-196,4,1400,80,9406
2026/05/17,06:30,9234,0,2542,974,0,146,0,1304,2,184,0,3004,0,104,0,-564,2,1458,78,9234
2026/05/17,07:00,9486,0,2094,968,0,132,0,1242,2,180,0,4400,0,100,0,-1566,2,1850,82,9486
2026/05/17,07:30,9562,0,2124,996,0,112,0,1232,2,186,0,5748,0,92,0,-2196,4,1176,86,9562
2026/05/17,08:00,9964,0,2420,1070,0,106,0,1230,2,182,0,6936,0,70,0,-2480,4,334,90,9964
2026/05/17,08:30,10218,0,2274,1132,0,92,0,1196,2,188,0,7924,0,64,0,-2584,2,-162,90,10218
2026/05/17,09:00,10574,0,2414,970,0,86,0,1132,0,192,0,8680,0,62,0,-2830,6,-228,90,10574
2026/05/17,09:30,10826,0,2282,930,0,86,0,1116,2,204,0,9236,1,60,0,-2922,4,-266,94,10826
2026/05/17,10:00,10944,0,2184,932,0,86,0,1124,2,208,0,9636,1,62,0,-2944,4,-406,56,10944
2026/05/17,10:30,11070,0,2218,930,0,84,49,1096,2,206,3,9842,1,62,0,-2934,4,-494,54,11070
2026/05/17,11:00,11214,0,2130,936,0,94,0,1116,2,206,0,9986,1,46,0,-2944,4,-442,80,11214
2026/05/17,11:30,11172,0,2128,924,0,122,0,1108,2,214,0,9986,1,38,0,-2924,4,-510,80,11172
2026/05/17,12:00,11280,0,2232,936,0,140,0,1120,0,210,0,9928,1,34,0,-2918,6,-492,84,11280
2026/05/17,12:30,11252,0,2312,924,0,136,0,1132,2,224,0,9716,1,26,0,-2782,2,-528,88,11252
2026/05/17,13:00,11132,0,2160,936,0,138,0,1222,2,224,0,9456,3,20,0,-2578,2,-534,84,11132
2026/05/17,13:30,11156,0,2314,922,0,138,0,1252,2,226,0,9036,2,16,0,-2552,8,-288,82,11156
2026/05/17,14:00,11082,0,2458,936,0,138,0,1298,2,220,0,8488,0,20,0,-2382,6,-182,80,11082
2026/05/17,14:30,11032,0,2628,928,0,136,0,1340,2,222,0,7710,0,16,0,-2100,2,64,84,11032
2026/05/17,15:00,10926,0,3052,928,0,142,0,1394,0,216,0,6766,0,12,0,-2100,6,420,90,10926
2026/05/17,15:30,11132,0,3650,1058,0,146,0,1424,2,216,0,5642,0,6,0,-1904,2,804,86,11132
2026/05/17,16:00,11206,0,4184,1320,0,156,0,1522,2,212,0,4370,0,6,0,-766,0,110,90,11206
2026/05/17,16:30,11236,0,4310,1334,0,160,0,1554,2,216,0,3038,0,6,0,-186,0,698,104,11236
2026/05/17,17:00,11298,0,4704,1350,0,154,0,1678,2,212,0,1780,0,4,0,358,4,892,160,11298
2026/05/17,17:30,11494,0,5052,1334,0,156,0,1746,2,222,0,776,0,4,0,1040,10,990,162,11494
2026/05/17,18:00,11452,0,4382,1390,0,168,0,1818,0,224,0,166,0,0,0,748,10,2380,166,11452
2026/05/17,18:30,11628,0,4352,1618,0,170,0,1832,2,222,0,16,0,12,0,646,14,2576,168,11628
2026/05/17,19:00,11712,0,4488,1726,0,170,0,1878,2,228,0,0,0,18,0,468,12,2544,178,11712
2026/05/17,19:30,11536,0,5002,1712,0,172,0,1862,0,228,0,0,0,12,0,448,14,1910,176,11536
2026/05/17,20:00,11360,0,4574,1736,0,156,0,1760,2,224,0,0,0,12,0,374,10,2334,178,11360
2026/05/17,20:30,11184,0,4376,1714,0,156,0,1688,2,228,0,0,0,6,0,356,10,2470,178,11184
2026/05/17,21:00,11022,0,4196,1898,0,156,0,1630,2,222,0,0,0,2,0,344,6,2402,164,11022
2026/05/17,21:30,10654,0,4088,2084,0,156,0,1608,2,220,0,0,0,2,0,208,2,2118,166,10654
2026/05/17,22:00,10300,0,4258,2108,0,158,0,1588,2,220,0,0,0,2,0,104,2,1726,132,10300
2026/05/17,22:30,10186,0,4812,2098,0,168,0,1580,2,222,0,0,0,2,0,84,4,1090,124,10186
2026/05/17,23:00,10140,0,4570,2106,0,172,0,1582,0,220,0,0,0,4,0,84,6,1272,124,10140
2026/05/17,23:30,9768,0,4290,2104,0,172,0,1566,2,222,0,0,0,2,0,10,2,1278,120,9768
2026/05/18,00:00,9540,0,4496,2106,0,154,0,1450,2,216,0,0,0,2,0,30,2,964,118,9540
2026/05/18,00:30,9256,0,4132,2096,0,160,0,1446,2,224,0,0,0,4,0,40,2,1028,122,9256
2026/05/18,01:00,9076,0,3834,2106,0,156,0,1432,2,220,0,0,0,2,0,42,0,1162,120,9076
2026/05/18,01:30,8964,0,3846,2100,0,156,0,1454,0,228,0,0,0,4,0,40,2,1000,134,8964
2026/05/18,02:00,9180,0,4124,2112,0,154,0,1444,2,220,0,0,0,2,0,36,0,932,154,9180
2026/05/18,02:30,9186,0,3836,2096,0,154,0,1440,2,226,0,0,0,4,0,30,2,1270,126,9186
2026/05/18,03:00,9672,0,4192,2116,0,158,0,1490,2,224,0,0,0,2,0,318,6,1056,108,9672
2026/05/18,03:30,9636,0,4016,2098,0,156,0,1484,2,226,0,0,0,2,0,538,14,1002,98,9636
2026/05/18,04:00,10076,0,3998,2108,0,154,0,1464,2,222,0,0,0,6,0,594,4,1420,104,10076
2026/05/18,04:30,10048,0,4068,2098,0,156,0,1446,2,226,0,10,0,2,0,604,8,1332,96,10048
2026/05/18,05:00,10208,0,3894,2108,0,158,0,1406,0,218,0,122,0,6,0,490,0,1704,102,10208
2026/05/18,05:30,10272,0,3762,2098,0,158,0,1394,2,222,0,714,0,2,0,268,4,1550,98,10272
2026/05/18,06:00,10586,0,3638,2114,0,156,0,1294,2,220,0,1664,0,2,0,20,2,1406,68,10586
2026/05/18,06:30,10942,0,3002,2096,0,154,0,1272,2,226,0,2888,0,0,0,-118,2,1352,66,10942
2026/05/18,07:00,11756,0,2906,2112,0,152,0,1270,2,216,0,4206,0,2,0,-252,2,1074,66,11756
2026/05/18,07:30,12508,0,2634,2098,0,156,0,1276,2,226,0,5486,0,0,0,-262,4,828,60,12508
2026/05/18,08:00,13744,0,2926,2102,0,152,0,1212,2,220,0,6654,0,2,0,-580,2,986,66,13744
2026/05/18,08:30,14880,0,2858,2106,0,156,0,1216,0,222,0,7630,0,2,0,-344,2,964,68,14880
2026/05/18,09:00,15676,0,3062,2100,0,154,0,1202,2,214,0,8412,0,2,0,-344,4,792,76,15676
2026/05/18,09:30,16212,0,3088,2104,0,152,0,1180,2,218,0,9000,0,2,0,-248,4,638,72,16212
2026/05/18,10:00,16344,0,3028,2106,0,154,0,1156,2,210,0,9408,2,4,0,-246,2,484,36,16344
2026/05/18,10:30,16612,0,3020,2100,0,152,0,1124,2,218,0,9674,2,4,0,-164,2,450,30,16612
2026/05/18,11:00,16770,0,2958,2106,0,152,0,1100,2,216,0,9824,3,8,0,-32,2,376,58,16770
2026/05/18,11:30,16688,0,3062,2098,0,152,0,1084,0,226,0,9836,3,10,0,-348,6,502,60,16688
2026/05/18,12:00,16138,0,2970,1908,0,154,0,1080,2,220,0,9794,4,18,0,-962,2,892,60,16138
2026/05/18,12:30,15980,0,3104,1868,0,154,0,1082,2,224,0,9580,4,30,0,-914,2,786,62,15980
2026/05/18,13:00,16912,0,3676,2056,0,152,0,1076,2,224,0,9306,2,32,0,-330,4,652,62,16912
2026/05/18,13:30,17178,0,3934,2100,0,154,0,1104,2,228,0,8900,1,40,0,2,0,654,60,17178
2026/05/18,14:00,17256,0,4396,2106,0,150,0,1156,2,228,0,8328,0,42,0,4,0,780,64,17256
2026/05/18,14:30,17070,0,4618,2098,0,154,0,1206,0,230,0,7580,0,58,0,2,0,1064,60,17070
2026/05/18,15:00,16934,0,5802,2104,0,166,0,1268,2,230,0,6666,0,64,0,4,4,530,94,16934
2026/05/18,15:30,17044,0,6494,2102,0,170,0,1478,0,232,0,5538,0,58,0,274,8,592,98,17044
2026/05/18,16:00,16958,0,6670,2106,0,168,0,1490,2,228,0,4278,0,62,0,334,4,1514,102,16958
2026/05/18,16:30,16630,0,7160,2104,0,172,0,1620,2,234,0,2974,0,46,0,948,10,1258,102,16630
2026/05/18,17:00,15906,0,7072,2102,0,172,0,1662,2,236,0,1750,0,42,0,1014,10,1700,144,15906
2026/05/18,17:30,15546,0,7300,2106,0,170,0,1818,2,236,0,768,0,28,0,1258,22,1694,144,15546
2026/05/18,18:00,15234,0,7224,2100,0,170,0,1830,2,236,0,182,0,30,0,1332,16,1966,146,15234
2026/05/18,18:30,15242,0,7298,2102,0,168,0,1866,0,242,0,18,0,36,0,1130,16,2220,146,15242
2026/05/18,19:00,14840,0,7342,2106,0,172,0,1874,2,238,0,0,0,34,0,948,14,1954,156,14840
2026/05/18,19:30,14544,0,6924,2104,0,170,0,1880,2,238,0,0,0,28,0,434,12,2598,154,14544
2026/05/18,20:00,14108,0,6472,2100,0,168,0,1858,2,234,0,0,0,20,0,210,10,2876,158,14108
2026/05/18,20:30,13896,0,6648,2104,0,164,0,1786,2,242,0,0,0,18,0,78,12,2686,156,13896
2026/05/18,21:00,13612,0,6248,2106,0,168,0,1662,2,232,0,0,0,22,0,76,6,2946,144,13612
2026/05/18,21:30,13392,0,5720,2098,0,168,0,1626,2,238,0,0,0,36,0,76,0,3292,136,13392
2026/05/18,22:00,13286,0,6080,2106,0,166,0,1492,0,234,0,0,0,32,0,76,6,2986,108,13286
2026/05/18,22:30,13066,0,5876,2102,0,166,0,1462,2,240,0,0,0,42,0,48,2,3018,108,13066
2026/05/18,23:00,12868,0,5616,2100,0,168,0,1424,2,234,0,0,0,34,0,4,4,3180,102,12868
2026/05/18,23:30,12608,0,5374,2100,0,156,0,1422,2,236,0,0,0,26,0,2,2,3190,98,12608
2026/05/19,00:00,12124,0,6226,2106,0,158,0,1352,2,238,0,0,0,20,0,140,0,1784,98,12124
2026/05/19,00:30,11594,0,5128,2104,0,166,0,1336,2,236,0,0,0,10,0,168,8,2326,110,11594
2026/05/19,01:00,11490,0,5016,2102,0,168,0,1332,2,234,0,0,0,4,0,4,0,2500,128,11490
2026/05/19,01:30,11258,0,4584,2102,0,170,0,1332,0,238,0,0,0,8,0,20,0,2678,126,11258
2026/05/19,02:00,11368,0,4604,2102,0,168,0,1388,2,236,0,0,0,10,0,42,0,2686,130,11368
2026/05/19,02:30,11360,0,4286,2106,0,168,0,1402,2,238,0,0,0,6,0,52,10,2976,114,11360
2026/05/19,03:00,11564,0,4548,2102,0,172,0,1390,2,232,0,0,0,10,0,80,10,2906,112,11564
2026/05/19,03:30,11584,0,4692,2100,0,170,0,1366,2,238,0,0,0,12,0,76,4,2814,110,11584
2026/05/19,04:00,11768,0,4752,2106,0,164,0,1406,2,232,0,0,0,18,0,166,8,2800,114,11768
2026/05/19,04:30,11812,0,4650,2098,0,158,0,1410,0,236,0,10,0,8,0,144,6,2982,110,11812
2026/05/19,05:00,11700,0,4198,2100,0,158,0,1376,2,236,0,128,0,10,0,76,0,3302,114,11700
2026/05/19,05:30,11728,0,3940,2102,0,144,0,1340,2,232,0,698,0,10,0,76,0,3072,112,11728
2026/05/19,06:00,11758,0,3470,2108,0,144,0,1274,2,234,0,1608,0,8,0,76,2,2764,68,11758
2026/05/19,06:30,12096,0,2946,2106,0,144,0,1254,2,230,0,2798,0,8,0,4,0,2544,60,12096
2026/05/19,07:00,12774,0,2758,2106,0,144,0,1254,2,206,0,4066,0,14,0,4,4,2152,64,12774
2026/05/19,07:30,13376,0,3198,2104,0,144,0,1236,2,212,0,5322,0,12,0,-2,4,1080,64,13376
2026/05/19,08:00,14622,0,3510,2100,0,142,0,1182,2,212,0,6428,0,8,0,-96,8,1064,62,14622
2026/05/19,08:30,15738,0,3432,2104,0,140,0,1232,0,216,0,7392,0,6,0,22,4,1128,62,15738
2026/05/19,09:00,16516,0,3444,2104,0,142,0,1194,2,210,0,8122,0,8,0,76,6,1144,64,16516
2026/05/19,09:30,16940,0,3334,2102,0,152,0,1204,2,224,0,8456,0,6,0,182,2,1208,68,16940
2026/05/19,10:00,17104,0,3136,2102,0,152,0,1136,2,228,0,8886,0,4,0,116,4,1304,34,17104
2026/05/19,10:30,17138,0,3426,2102,0,152,0,1078,2,232,0,9080,0,4,0,130,2,898,32,17138
2026/05/19,11:00,17412,0,3732,2106,0,152,0,1066,2,228,0,9306,1,8,0,144,6,634,28,17412
2026/05/19,11:30,17294,0,3762,2104,0,158,0,1084,0,238,0,9238,1,6,0,68,6,598,32,17294
2026/05/19,12:00,16600,0,3170,2074,0,162,0,1040,2,236,0,9106,1,16,0,-628,2,1388,32,16600
2026/05/19,12:30,16270,0,3568,2102,0,170,0,1038,2,232,0,8842,1,26,0,-1220,4,1474,32,16270
2026/05/19,13:00,17162,0,4136,2106,0,182,0,1054,2,230,0,8640,0,30,0,-668,2,1392,56,17162
2026/05/19,13:30,17440,0,4962,2100,0,186,0,1114,2,236,0,8256,0,36,0,-172,2,658,60,17440
2026/05/19,14:00,17474,0,6028,2106,0,174,0,1182,0,230,0,7802,0,32,0,4,4,-162,74,17474
2026/05/19,14:30,17446,0,6382,2100,0,184,0,1240,2,232,0,7260,0,46,0,2,4,-90,84,17446
2026/05/19,15:00,17004,0,6534,2102,0,168,0,1352,2,234,0,6462,0,60,0,4,4,8,74,17004
2026/05/19,15:30,17316,0,7648,2106,0,164,0,1430,0,236,0,5456,0,60,0,336,8,-214,86,17316
2026/05/19,16:00,17168,0,7648,2104,0,166,0,1608,2,232,0,4242,0,54,0,846,8,154,104,17168
2026/05/19,16:30,16710,0,7898,2102,0,162,0,1722,2,240,0,2972,0,54,0,954,4,500,100,16710
2026/05/19,17:00,16172,0,7276,2106,0,176,0,1880,2,238,0,1834,0,58,0,822,8,1620,152,16172
2026/05/19,17:30,15728,0,7446,2096,0,178,0,1920,2,244,0,834,0,54,0,586,28,2188,152,15728
2026/05/19,18:00,15482,0,8076,2106,0,176,0,1972,0,240,0,190,0,36,0,442,26,2062,156,15482
2026/05/19,18:30,15370,0,7854,2104,0,176,0,1986,2,242,0,18,0,30,0,512,24,2270,152,15370
2026/05/19,19:00,15082,0,7972,2092,0,180,0,1916,2,244,0,0,0,20,0,528,16,1948,164,15082
2026/05/19,19:30,14678,0,8038,2088,0,190,0,1904,2,240,0,0,0,16,0,512,12,1514,162,14678
2026/05/19,20:00,14342,0,8150,2096,0,180,0,1830,2,234,0,0,0,12,0,420,10,1248,160,14342
2026/05/19,20:30,14032,0,7828,2092,0,178,0,1790,2,246,0,0,0,8,0,316,10,1420,142,14032
2026/05/19,21:00,13740,0,7656,2096,0,184,0,1616,2,240,0,0,0,16,0,194,8,1590,138,13740
2026/05/19,21:30,13464,0,7942,2092,0,186,0,1604,0,244,0,0,0,26,0,210,10,1016,134,13464
2026/05/19,22:00,13514,0,7950,2086,0,180,0,1532,2,238,0,0,0,24,0,206,8,1180,108,13514
2026/05/19,22:30,13208,0,7508,2092,0,182,0,1530,2,242,0,0,0,8,0,206,2,1338,98,13208
2026/05/19,23:00,12962,0,6772,2096,0,182,0,1506,2,240,0,0,0,4,0,188,0,1868,104,12962
2026/05/19,23:30,12744,0,6876,2090,0,182,0,1504,2,242,0,0,0,4,0,138,2,1596,108,12744
2026/05/20,00:00,12168,0,7602,2096,0,168,0,1504,2,238,0,0,0,4,0,134,4,298,118,12168
2026/05/20,00:30,11938,0,7908,2090,0,166,0,1500,2,244,0,0,0,4,0,148,4,-250,122,11938
2026/05/20,01:00,11608,0,7504,2092,0,170,0,1468,0,242,0,0,0,4,0,136,10,-142,124,11608
2026/05/20,01:30,11560,0,7554,2094,0,166,0,1442,2,240,0,0,0,4,0,138,0,-208,128,11560
2026/05/20,02:00,11356,0,7192,2096,0,166,0,1444,2,238,0,0,0,2,0,138,0,-20,98,11356
2026/05/20,02:30,11568,0,7662,2092,0,166,0,1460,2,238,0,0,0,4,0,152,0,-278,70,11568
2026/05/20,03:00,11562,0,7728,2092,0,164,0,1466,2,236,0,0,0,10,0,142,2,-378,98,11562
2026/05/20,03:30,11818,0,7708,2092,0,160,0,1470,2,238,0,0,0,8,0,136,14,-112,102,11818
2026/05/20,04:00,11700,0,7254,2096,0,156,0,1458,2,238,0,0,0,6,0,126,4,260,100,11700
2026/05/20,04:30,11874,0,7652,2090,0,154,0,1462,0,242,0,22,0,10,0,130,14,2,96,11874
2026/05/20,05:00,11542,0,6780,2096,0,146,0,1462,2,238,0,184,0,14,0,126,0,400,94,11542
2026/05/20,05:30,11504,0,6234,2094,0,150,0,1450,2,242,0,604,0,16,0,120,2,496,94,11504
2026/05/20,06:00,11534,0,5922,2086,0,154,0,1402,2,240,0,1000,0,8,0,-50,0,676,94,11534
2026/05/20,06:30,11930,0,5834,1966,0,156,0,1360,2,238,0,1822,0,12,0,-298,0,754,84,11930
2026/05/20,07:00,12648,0,5768,1976,0,154,0,1346,2,228,0,2974,0,16,0,-382,0,504,62,12648
2026/05/20,07:30,13324,0,6114,1878,0,146,0,1304,2,234,0,3906,0,8,0,-442,0,110,64,13324
2026/05/20,08:00,14422,0,6080,1916,0,150,0,1218,0,232,0,5008,0,4,0,-576,4,322,64,14422
2026/05/20,08:30,15518,0,6178,1952,0,160,0,1262,2,222,0,6170,0,4,0,-568,0,74,62,15518
2026/05/20,09:00,16556,0,5794,1840,0,158,0,1312,2,206,0,7362,0,2,0,-604,0,420,64,16556
2026/05/20,09:30,17090,0,6494,1924,0,162,0,1346,2,210,0,8112,0,8,0,-530,2,-708,68,17090
2026/05/20,10:00,17260,0,6842,2086,0,164,0,1328,2,216,0,8786,0,2,0,-800,0,-1394,28,17260
2026/05/20,10:30,17552,0,6516,2092,0,168,0,1348,2,230,0,9240,0,2,0,-818,2,-1260,30,17552
2026/05/20,11:00,17618,0,7104,2096,0,176,0,1340,0,228,0,9044,0,8,0,-724,4,-1686,28,17618
2026/05/20,11:30,17472,0,7100,2088,0,166,0,1350,2,232,0,8640,0,8,0,-380,2,-1764,28,17472
2026/05/20,12:00,16910,0,5982,2096,0,164,0,1336,2,228,0,9146,0,10,0,-828,0,-1274,48,16910
2026/05/20,12:30,16634,0,7074,2092,0,160,0,1350,2,224,0,8406,0,8,0,-744,4,-1990,48,16634
2026/05/20,13:00,17582,0,7664,2088,0,182,0,1378,2,216,0,7732,0,8,0,-64,4,-1688,60,17582
2026/05/20,13:30,17802,0,7988,2094,0,174,0,1542,2,216,0,6838,0,6,0,312,6,-1432,56,17802
2026/05/20,14:00,17892,0,7996,2098,0,174,0,1688,2,222,0,5708,0,8,0,410,6,-514,94,17892
2026/05/20,14:30,17698,0,8584,2090,0,174,0,1706,0,232,0,4486,0,10,0,298,8,14,96,17698
2026/05/20,15:00,17430,0,8630,2096,0,172,0,1770,2,228,0,4036,0,4,0,240,16,136,100,17430
2026/05/20,15:30,17442,0,9446,2088,0,176,0,1848,0,234,0,3664,0,8,0,610,16,-746,98,17442
2026/05/20,16:00,17250,0,9618,2096,0,174,0,1904,2,230,0,2794,0,4,0,960,22,-690,136,17250
2026/05/20,16:30,16796,0,9824,2090,0,176,0,1966,2,236,0,1652,0,6,0,1506,20,-816,134,16796
2026/05/20,17:00,16132,0,9424,2098,0,176,0,1954,2,234,0,832,0,2,0,1166,4,90,150,16132
2026/05/20,17:30,15890,0,9512,2094,0,176,0,1978,2,238,0,370,0,6,0,1064,14,290,146,15890
2026/05/20,18:00,15734,0,9672,2096,0,174,0,2066,2,238,0,84,0,6,0,1020,18,204,154,15734
2026/05/20,18:30,15750,0,9648,2088,0,176,0,2018,2,248,0,10,0,10,0,1020,14,366,150,15750
2026/05/20,19:00,15396,0,9080,2098,0,178,0,1898,0,242,0,0,0,14,0,830,18,876,162,15396
2026/05/20,19:30,14910,0,9206,2092,0,176,0,1812,2,246,0,0,0,20,0,514,12,672,158,14910
2026/05/20,20:00,14708,0,9600,2096,0,174,0,1720,2,242,0,0,0,14,0,158,6,536,160,14708
2026/05/20,20:30,14514,0,9682,2092,0,164,0,1680,2,244,0,0,0,14,0,362,10,104,160,14514
2026/05/20,21:00,14122,0,9392,2096,0,162,0,1532,2,242,0,0,0,14,0,728,2,-180,132,14122
2026/05/20,21:30,13990,0,9200,2090,0,162,0,1512,2,248,0,0,0,16,0,816,4,-166,106,13990
2026/05/20,22:00,13844,0,8942,2098,0,162,0,1526,0,240,0,0,0,16,0,808,2,-56,106,13844
2026/05/20,22:30,13512,0,8594,2092,0,162,0,1526,2,246,0,0,0,12,0,738,6,28,106,13512
2026/05/20,23:00,13422,0,8338,2096,0,162,0,1520,2,240,0,0,0,12,0,726,4,214,108,13422
2026/05/20,23:30,13058,0,8346,2090,0,164,0,1508,2,250,0,0,0,20,0,266,2,304,106,13058
2026/05/21,00:00,12668,0,7662,2096,0,164,0,1520,2,242,0,0,0,26,0,4,0,826,126,12668
2026/05/21,00:30,12184,0,7748,2096,0,166,0,1516,2,246,0,0,0,28,0,2,2,244,134,12184
2026/05/21,01:00,12042,0,7358,2096,0,162,0,1518,0,242,0,0,0,30,0,4,2,494,136,12042
2026/05/21,01:30,11788,0,7664,2090,0,164,0,1520,2,246,0,0,0,28,0,2,2,-66,136,11788
2026/05/21,02:00,11676,0,7524,2096,0,164,0,1504,2,242,0,0,0,46,0,6,0,-44,136,11676
2026/05/21,02:30,11840,0,7822,2094,0,166,0,1514,2,248,0,0,0,58,0,38,0,-238,136,11840
2026/05/21,03:00,11970,0,7916,2096,0,164,0,1518,2,240,0,0,0,56,0,40,0,-198,136,11970
2026/05/21,03:30,12062,0,8018,2090,0,164,0,1518,2,244,0,0,0,60,0,40,4,-214,136,12062
2026/05/21,04:00,12032,0,7464,2098,0,162,0,1498,2,240,0,0,0,54,0,40,4,330,140,12032
2026/05/21,04:30,12106,0,7726,2094,0,168,0,1510,0,246,0,10,0,58,0,38,4,124,128,12106
2026/05/21,05:00,12004,0,7510,2092,0,164,0,1532,2,238,0,34,0,64,0,40,0,194,134,12004
2026/05/21,05:30,11976,0,7544,2096,0,164,0,1542,2,246,0,128,0,72,0,38,0,10,134,11976
2026/05/21,06:00,12208,0,7772,2098,0,162,0,1580,2,242,0,258,0,60,0,40,0,-148,142,12208
2026/05/21,06:30,12618,0,7464,2088,0,158,0,1596,2,236,0,424,0,52,0,38,0,418,142,12618
2026/05/21,07:00,13284,0,8544,2098,0,158,0,1642,2,234,0,540,0,46,0,42,0,-170,148,13284
2026/05/21,07:30,14044,0,9266,2094,0,158,0,1666,0,234,0,722,0,42,0,46,4,-340,152,14044
2026/05/21,08:00,15260,0,10048,2096,0,166,0,1700,2,242,0,964,0,44,0,242,4,-404,156,15260
2026/05/21,08:30,16372,0,10750,2090,0,156,0,1722,2,238,0,1058,0,48,0,626,8,-466,140,16372
2026/05/21,09:00,17180,0,11220,2094,0,154,0,1838,0,232,0,1080,0,42,0,1070,2,-686,134,17180
2026/05/21,09:30,17608,0,10796,2098,0,156,0,1970,2,238,0,1264,0,50,0,1176,6,-286,138,17608
2026/05/21,10:00,17500,0,10538,2096,0,158,0,1900,2,228,0,1502,0,54,0,324,8,544,146,17500
2026/05/21,10:30,17426,0,10416,2090,0,158,0,1934,2,226,0,1938,0,42,0,338,4,134,144,17426
2026/05/21,11:00,17466,0,10360,2098,0,156,0,1918,2,226,0,2248,0,48,0,244,4,10,152,17466
2026/05/21,11:30,17524,0,10808,2092,0,160,0,1958,2,242,0,2038,0,48,0,256,4,-248,164,17524
2026/05/21,12:00,16396,0,9714,2096,0,158,0,1978,0,240,0,2018,0,48,0,6,10,-14,142,16396
2026/05/21,12:30,16222,0,9380,2092,0,158,0,2044,2,250,0,2248,0,48,0,2,14,-132,116,16222
2026/05/21,13:00,17180,0,9868,2092,0,160,0,2160,2,246,0,2188,0,50,0,54,10,232,118,17180
2026/05/21,13:30,17552,0,10480,2094,0,158,0,2264,2,248,0,1742,0,56,0,152,6,230,120,17552
2026/05/21,14:00,17462,0,10148,2096,0,158,0,2176,2,250,0,1338,0,38,0,226,22,890,118,17462
2026/05/21,14:30,17478,0,10618,2094,0,162,0,2200,2,254,0,1058,0,38,0,368,18,548,118,17478
2026/05/21,15:00,17140,0,10052,2086,0,158,0,2192,0,254,0,874,0,18,0,492,20,876,118,17140
2026/05/21,15:30,17258,0,10120,2082,0,162,0,2270,2,266,0,986,0,18,0,428,16,788,120,17258
2026/05/21,16:00,16912,0,10586,2086,0,160,0,2260,2,266,0,1042,0,26,0,272,16,76,120,16912
2026/05/21,16:30,16578,0,10182,2082,0,172,0,2188,2,268,0,1368,0,18,0,182,16,-10,110,16578
2026/05/21,17:00,16018,0,10008,2080,0,174,0,2288,2,270,0,916,0,8,0,188,6,-26,104,16018
2026/05/21,17:30,15948,0,9856,2084,0,174,0,2286,2,272,0,418,0,14,0,368,12,362,100,15948
2026/05/21,18:00,15810,0,9510,2086,0,174,0,2208,0,274,0,108,0,12,0,376,10,922,130,15810
2026/05/21,18:30,15720,0,9464,2086,0,176,0,2100,2,266,0,8,0,18,0,192,12,1264,132,15720
2026/05/21,19:00,15448,0,9560,2084,0,176,0,2056,2,266,0,0,0,6,0,96,4,1078,120,15448
2026/05/21,19:30,15084,0,9370,2082,0,160,0,2030,2,268,0,0,0,10,0,50,2,992,118,15084
2026/05/21,20:00,14732,0,8926,2090,0,158,0,1978,2,262,0,0,0,8,0,52,2,1136,118,14732
2026/05/21,20:30,14504,0,8592,2078,0,162,0,1966,2,274,0,0,0,8,0,36,2,1268,116,14504
2026/05/21,21:00,14380,0,8540,2090,0,164,0,1856,0,262,0,0,0,6,0,4,2,1340,116,14380
2026/05/21,21:30,14036,0,7956,2084,0,160,0,1836,2,270,0,0,0,4,0,2,0,1608,114,14036
2026/05/21,22:00,13896,0,7758,2086,0,162,0,1826,2,262,0,0,0,4,0,4,4,1674,114,13896
2026/05/21,22:30,13564,0,7450,2086,0,160,0,1822,0,262,0,0,0,14,0,2,2,1660,106,13564
2026/05/21,23:00,13428,0,7030,2086,0,162,0,1842,2,260,0,0,0,20,0,4,2,1916,104,13428
2026/05/21,23:30,13108,0,6236,2080,0,164,0,1826,2,270,0,0,0,36,0,2,0,2382,110,13108
2026/05/22,00:00,12630,0,6210,2092,0,164,0,1852,2,262,0,0,0,24,0,4,0,1904,116,12630
2026/05/22,00:30,12218,0,5528,2078,0,164,0,1880,2,268,0,0,0,16,0,2,0,2150,130,12218
2026/05/22,01:00,11936,0,5088,2086,0,162,0,1888,0,264,0,0,0,10,0,26,0,2302,110,11936
2026/05/22,01:30,11740,0,5234,2082,0,164,0,1894,2,266,0,0,0,26,0,38,0,1938,96,11740
2026/05/22,02:00,11680,0,5258,2088,0,164,0,1878,2,266,0,0,0,32,0,40,0,1852,100,11680
2026/05/22,02:30,11700,0,5420,2082,0,162,0,1860,2,266,0,0,0,50,0,36,0,1726,96,11700
2026/05/22,03:00,11860,0,5562,2082,0,164,0,1868,2,260,0,0,0,58,0,42,4,1718,100,11860
2026/05/22,03:30,11842,0,5326,2084,0,162,0,1852,2,266,0,0,0,68,0,36,2,1948,96,11842
2026/05/22,04:00,11942,0,5254,2086,0,162,0,1874,2,258,0,0,0,64,0,40,2,2096,104,11942
2026/05/22,04:30,11972,0,5592,2082,0,164,0,1878,0,266,0,6,0,50,0,38,2,1800,94,11972
2026/05/22,05:00,11946,0,5628,2084,0,158,0,1864,2,260,0,60,0,48,0,40,2,1702,98,11946
2026/05/22,05:30,11896,0,5356,2082,0,160,0,1888,0,266,0,304,0,50,0,-66,0,1756,100,11896
2026/05/22,06:00,12048,0,4978,2086,0,156,0,1904,2,250,0,594,0,60,0,-374,2,2294,96,12048
2026/05/22,06:30,12414,0,4946,2086,0,160,0,1908,2,248,0,1080,0,70,0,-502,2,2314,100,12414
2026/05/22,07:00,13034,0,5228,2086,0,160,0,1956,2,242,0,1562,0,74,0,-504,0,2130,98,13034
2026/05/22,07:30,13554,0,5618,2082,0,162,0,1974,2,254,0,2126,0,48,0,-250,4,1440,94,13554
2026/05/22,08:00,14762,0,5736,2082,0,158,0,1970,2,246,0,3252,0,36,0,-38,0,1226,92,14762
2026/05/22,08:30,15832,0,6814,2084,0,170,0,1976,0,256,0,4404,0,36,0,200,14,-210,88,15832
2026/05/22,09:00,16510,0,7192,2086,0,170,0,2020,2,244,0,5036,0,38,0,202,16,-584,88,16510
2026/05/22,09:30,16962,0,7370,2082,0,172,0,2006,2,248,0,5758,0,38,0,398,8,-1210,90,16962
2026/05/22,10:00,16852,0,7476,2086,0,172,0,1958,2,246,0,5946,0,22,0,504,10,-1662,92,16852
2026/05/22,10:30,17098,0,7500,2082,0,170,0,1952,2,254,0,5936,0,18,0,688,14,-1606,88,17098
2026/05/22,11:00,16938,0,6938,2084,0,168,0,1968,2,242,0,5554,0,14,0,1140,2,-1266,92,16938
2026/05/22,11:30,16964,0,5986,2080,0,154,0,1936,0,256,0,6098,0,22,0,212,0,96,124,16964
2026/05/22,12:00,15862,0,4504,2086,0,156,0,1784,2,262,0,6226,0,26,0,-188,2,874,128,15862
2026/05/22,12:30,15840,0,4260,2066,0,156,0,1778,2,262,0,6444,0,42,0,-422,0,1120,132,15840
2026/05/22,13:00,16536,0,6084,2090,0,158,0,1848,2,260,0,5966,0,44,0,-2,0,-46,132,16536
2026/05/22,13:30,16622,0,6012,2082,0,154,0,1924,2,260,0,5232,0,52,0,70,4,704,126,16622
2026/05/22,14:00,16722,0,6412,2086,0,166,0,2022,2,258,0,4482,0,58,0,74,2,1034,126,16722
2026/05/22,14:30,16592,0,7086,2082,0,168,0,2088,2,260,0,3566,0,60,0,156,6,994,124,16592
2026/05/22,15:00,16246,0,7242,2082,0,170,0,2024,0,264,0,2830,0,54,0,628,6,814,132,16246
2026/05/22,15:30,16328,0,7138,2084,0,168,0,2036,2,274,0,2460,0,46,0,700,4,1292,124,16328
2026/05/22,16:00,15948,0,7122,2086,0,170,0,2002,2,276,0,1816,0,38,0,654,2,1650,130,15948
2026/05/22,16:30,15728,0,7446,2082,0,170,0,1996,2,270,0,1354,0,30,0,608,0,1646,124,15728
2026/05/22,17:00,15174,0,7230,2084,0,170,0,1988,2,270,0,828,0,28,0,578,4,1866,126,15174
2026/05/22,17:30,14990,0,7686,2082,0,172,0,1984,2,272,0,372,0,32,0,636,20,1606,126,14990
2026/05/22,18:00,14916,0,7398,2086,0,172,0,2054,0,276,0,98,0,34,0,736,24,1914,124,14916
2026/05/22,18:30,14764,0,7260,2080,0,172,0,2018,2,282,0,10,0,44,0,700,18,2056,122,14764
2026/05/22,19:00,14556,0,7298,2086,0,174,0,1946,2,282,0,0,0,44,0,480,16,2098,130,14556
2026/05/22,19:30,14240,0,7484,2078,0,176,0,1904,0,292,0,0,0,52,0,856,16,1256,126,14240
2026/05/22,20:00,13956,0,7268,2086,0,176,0,1858,2,282,0,0,0,60,0,820,10,1268,126,13956
2026/05/22,20:30,13700,0,7070,2082,0,160,0,1868,2,286,0,0,0,74,0,328,6,1704,120,13700
2026/05/22,21:00,13460,0,7294,2088,0,160,0,1876,2,280,0,0,0,86,0,220,4,1328,122,13460
2026/05/22,21:30,13202,0,7068,2076,0,164,0,1894,2,282,0,0,0,92,0,344,6,1160,114,13202
2026/05/22,22:00,13000,0,6736,2090,0,156,0,1890,2,276,0,0,0,106,0,128,4,1494,118,13000
2026/05/22,22:30,12686,0,6206,2082,0,156,0,1900,0,278,0,0,0,112,0,222,4,1614,112,12686
2026/05/22,23:00,12614,0,6248,2086,0,156,0,1904,2,278,0,0,0,124,0,148,8,1548,112,12614
2026/05/22,23:30,12422,0,6384,2082,0,158,0,1906,2,280,0,0,0,134,0,46,2,1314,114,12422
2026/05/23,00:00,11798,0,6052,2086,0,170,0,1736,2,274,0,0,0,136,0,4,10,1212,116,11798
2026/05/23,00:30,11422,0,5242,2082,0,174,0,1730,2,288,0,0,0,162,0,10,12,1602,118,11422
2026/05/23,01:00,11092,0,4606,2084,0,170,0,1776,0,276,0,0,0,166,0,36,8,1856,114,11092
2026/05/23,01:30,11004,0,4534,2078,0,172,0,1774,2,284,0,0,0,158,0,38,8,1842,114,11004
2026/05/23,02:00,10890,0,4220,2092,0,172,0,1776,2,276,0,0,0,156,0,38,6,2036,116,10890
2026/05/23,02:30,10916,0,4428,2074,0,174,0,1768,2,282,0,0,0,172,0,38,8,1854,116,10916
2026/05/23,03:00,11140,0,4486,2094,0,174,0,1776,2,280,0,0,0,178,0,40,8,1988,114,11140
2026/05/23,03:30,11142,0,4746,2084,0,176,0,1786,2,288,0,0,0,194,0,38,14,1698,116,11142
2026/05/23,04:00,11178,0,4984,2084,0,178,0,1772,2,278,0,0,0,196,0,40,10,1490,144,11178
2026/05/23,04:30,11166,0,4836,2078,0,174,0,1800,0,280,0,8,0,186,0,38,8,1612,146,11166
2026/05/23,05:00,11040,0,4234,2092,0,162,0,1752,2,276,0,20,0,172,0,38,8,2140,144,11040
2026/05/23,05:30,10690,0,3690,2076,0,158,0,1694,2,280,0,90,0,174,0,-134,10,2502,148,10690
2026/05/23,06:00,10482,0,3338,2094,0,160,0,1672,2,280,0,236,0,178,0,-216,6,2578,154,10482
2026/05/23,06:30,10360,0,3044,2076,0,158,0,1666,2,274,0,482,0,180,0,-416,4,2740,150,10360
2026/05/23,07:00,10436,0,2980,2092,0,156,0,1588,2,262,0,722,0,182,0,-906,8,3204,146,10436
2026/05/23,07:30,10498,0,3072,2080,0,144,0,1546,2,272,0,1046,0,182,0,2,8,1998,146,10498
2026/05/23,08:00,10910,0,2740,2088,0,126,0,1546,0,270,0,1456,0,164,0,0,4,2388,128,10910
2026/05/23,08:30,11122,0,2828,2050,0,110,0,1552,2,278,0,1866,0,172,0,-22,4,2148,134,11122
2026/05/23,09:00,11442,0,2600,2036,0,100,0,1464,2,276,0,2228,0,190,0,-662,2,3074,132,11442
2026/05/23,09:30,11384,0,2558,2078,0,106,0,1446,2,286,0,2650,0,194,0,-866,4,2792,134,11384
2026/05/23,10:00,11534,0,2582,2092,0,102,0,1408,2,280,0,2798,0,190,0,-970,4,2910,136,11534
2026/05/23,10:30,11514,0,2702,1952,0,104,0,1404,2,268,0,3052,0,206,0,-1110,6,2796,132,11514
2026/05/23,11:00,11478,0,2702,1976,0,104,49,1390,0,276,4,3288,0,202,0,-1228,6,2630,132,11478
2026/05/23,11:30,11450,0,2406,2078,0,104,49,1388,2,274,3,3170,0,182,0,-1216,4,2926,132,11450
2026/05/23,12:00,11356,0,2896,2094,0,106,49,1398,2,276,4,3076,0,186,0,-1144,6,2328,132,11356
2026/05/23,12:30,11330,0,3104,2074,0,102,49,1384,0,278,3,2900,0,180,0,-722,6,1894,130,11330
2026/05/23,13:00,11286,0,2906,2092,0,110,0,1406,2,280,0,2866,0,186,0,-500,8,1800,130,11286
2026/05/23,13:30,11352,0,3118,2076,0,126,0,1434,2,286,0,2882,0,184,0,-350,8,1456,130,11352
2026/05/23,14:00,11186,0,2950,2094,0,152,0,1494,2,284,0,2316,0,196,0,82,4,1486,126,11186
2026/05/23,14:30,11226,0,3410,2076,0,156,0,1552,2,286,0,1864,0,190,0,388,2,1170,130,11226
2026/05/23,15:00,11154,0,3548,2088,0,152,0,1706,2,282,0,1344,0,178,0,788,4,932,130,11154
2026/05/23,15:30,11218,0,3696,2080,0,154,0,1740,0,286,0,1056,0,180,0,948,0,948,130,11218
2026/05/23,16:00,11212,0,3818,2094,0,158,0,1834,2,284,0,758,0,186,0,1250,4,678,146,11212
2026/05/23,16:30,11264,0,3990,2076,0,156,0,1860,2,294,0,498,0,178,0,1024,10,1010,166,11264
2026/05/23,17:00,11244,0,4106,2092,0,154,0,1880,2,288,0,304,0,184,0,1008,12,1048,166,11244
2026/05/23,17:30,11432,0,4222,2076,0,154,0,1896,2,296,0,160,0,192,0,1326,22,918,168,11432
2026/05/23,18:00,11580,0,4528,2092,0,158,0,1924,2,288,0,38,0,186,0,1114,28,1056,166,11580
2026/05/23,18:30,11652,0,4666,2076,0,158,0,1922,2,296,0,8,0,208,0,958,26,1160,172,11652
2026/05/23,19:00,11626,0,4666,2092,0,156,0,1914,0,288,0,0,0,218,0,944,28,1146,174,11626
2026/05/23,19:30,11532,0,4828,2078,0,156,0,1878,2,300,0,0,0,230,0,934,26,928,172,11532
2026/05/23,20:00,11222,0,4702,2092,0,172,0,1812,2,298,0,0,0,234,0,568,22,1146,174,11222
2026/05/23,20:30,11278,0,4868,2074,0,174,0,1818,2,306,0,0,0,220,0,560,14,1068,174,11278
2026/05/23,21:00,10908,0,4860,2094,0,178,0,1794,2,306,0,0,0,222,0,500,10,778,164,10908
2026/05/23,21:30,10716,0,4886,2078,0,174,0,1796,2,328,0,0,0,216,0,530,4,536,166,10716
2026/05/23,22:00,10442,0,4776,2092,0,176,0,1728,0,322,0,0,0,226,0,372,2,618,130,10442
2026/05/23,22:30,10352,0,4830,2076,0,176,0,1708,2,328,0,0,0,220,0,344,4,534,130,10352
2026/05/23,23:00,10142,0,4606,2094,0,174,0,1674,2,322,0,0,0,214,0,394,12,522,128,10142
2026/05/23,23:30,10016,0,4664,2082,0,178,0,1634,2,326,0,0,0,228,0,376,6,390,130,10016
2026/05/24,00:00,9646,0,4504,2088,0,162,0,1566,2,324,0,0,0,228,0,244,0,380,148,9646
2026/05/24,00:30,9450,0,4178,2080,0,160,0,1560,2,326,0,0,0,236,0,132,0,616,160,9450
2026/05/24,01:00,9118,0,3832,2088,0,162,0,1588,2,314,0,0,0,226,0,138,0,604,164,9118
2026/05/24,01:30,9170,0,3754,2078,0,160,0,1574,0,326,0,0,0,204,0,164,2,748,160,9170
2026/05/24,02:00,9178,0,3590,2094,0,160,0,1582,2,314,0,0,0,186,0,152,0,934,164,9178
2026/05/24,02:30,9314,0,3870,2078,0,176,0,1572,2,322,0,0,0,174,0,160,0,794,166,9314
2026/05/24,03:00,9538,0,3904,2094,0,180,0,1614,2,322,0,0,0,176,0,184,2,890,170,9538
2026/05/24,03:30,9750,0,3992,2082,0,176,0,1630,2,320,0,0,0,168,0,152,14,1048,166,9750
2026/05/24,04:00,9682,0,4020,2086,0,178,0,1624,2,310,0,0,0,164,0,146,12,968,172,9682
2026/05/24,04:30,9842,0,4100,2082,0,178,0,1618,2,322,0,10,0,154,0,230,14,960,172,9842
2026/05/24,05:00,9674,0,3840,2092,0,162,0,1640,0,320,0,72,0,150,0,228,2,994,174,9674
2026/05/24,05:30,9504,0,3478,2076,0,132,0,1622,2,320,0,396,0,142,0,80,0,1084,172,9504
2026/05/24,06:00,9052,0,2846,2082,0,120,0,1668,2,322,0,970,0,136,0,-248,4,1032,118,9052
2026/05/24,06:30,9202,0,3052,2068,0,108,0,1654,2,318,0,1900,0,122,0,-1184,0,1060,102,9202
2026/05/24,07:00,9332,0,3032,2092,0,106,0,1620,2,320,0,2978,0,128,0,-1480,2,432,100,9332
2026/05/24,07:30,9534,0,2910,2032,0,106,0,1580,2,314,0,4028,0,118,0,-1764,4,108,96,9534
2026/05/24,08:00,9880,0,2850,1992,0,100,0,1426,0,310,0,4934,0,120,0,-1994,2,42,98,9880
2026/05/24,08:30,10226,0,2996,1782,0,94,49,1426,2,296,10,5676,0,110,0,-2338,2,82,98,10226
2026/05/24,09:00,10422,0,3016,1804,0,90,49,1412,2,300,10,6370,0,108,0,-2258,2,-522,98,10422
2026/05/24,09:30,10598,0,2620,1836,0,90,49,1402,2,304,13,6776,0,102,0,-2082,4,-552,96,10598
2026/05/24,10:00,10644,0,2502,1886,0,86,49,1406,2,298,13,6942,0,102,0,-2196,6,-488,98,10644
2026/05/24,10:30,10812,0,2546,1870,0,88,49,1392,2,300,13,7162,0,100,0,-2498,2,-248,96,10812
2026/05/24,11:00,10778,0,2636,1878,0,88,49,1382,2,298,13,7158,0,94,0,-2558,2,-288,86,10778
2026/05/24,11:30,10644,0,2800,1880,0,90,49,1362,0,300,13,6922,0,76,0,-2424,6,-434,66,10644
2026/05/24,12:00,10796,0,2744,1890,0,86,49,1370,2,300,13,6956,0,66,0,-1986,4,-690,54,10796
2026/05/24,12:30,10640,0,2550,1868,0,90,49,1362,2,302,13,6790,0,64,0,-2008,6,-442,56,10640
2026/05/24,13:00,10538,0,2734,1896,0,90,49,1394,2,300,13,6264,0,62,0,-2076,8,-194,58,10538
2026/05/24,13:30,10392,0,2562,1882,0,94,49,1400,2,312,3,6058,0,60,0,-2072,12,20,62,10392
2026/05/24,14:00,10492,0,2686,1896,0,102,49,1412,2,308,4,5386,0,62,0,-2238,2,814,60,10492
2026/05/24,14:30,10492,0,2892,1916,0,114,0,1404,0,316,0,4796,0,64,0,-2040,2,966,62,10492
2026/05/24,15:00,10568,0,3142,2060,0,128,0,1422,2,320,0,4152,0,64,0,-1860,6,1068,64,10568
2026/05/24,15:30,10430,0,3040,2074,0,156,0,1434,2,322,0,3644,0,62,0,-1156,8,780,64,10430
2026/05/24,16:00,10756,0,3222,2092,0,156,0,1518,2,320,0,3516,0,52,0,-940,4,732,82,10756
2026/05/24,16:30,10682,0,3562,2074,0,156,0,1660,2,324,0,2596,0,44,0,-518,6,680,96,10682
2026/05/24,17:00,10984,0,4450,2088,0,156,0,1780,2,320,0,1640,0,40,0,30,4,376,98,10984
2026/05/24,17:30,11124,0,4790,2080,0,172,0,1870,2,326,0,722,0,34,0,190,30,804,104,11124
2026/05/24,18:00,11262,0,5094,2092,0,172,0,1918,0,318,0,190,0,44,0,392,22,912,108,11262
2026/05/24,18:30,11544,0,5280,2074,0,174,0,1946,2,326,0,22,0,64,0,444,42,1060,110,11544
2026/05/24,19:00,11592,0,5102,2092,0,172,0,1996,2,326,0,0,0,64,0,530,26,1166,116,11592
2026/05/24,19:30,11496,0,5038,2074,0,174,0,1980,0,328,0,0,0,64,0,428,22,1276,112,11496
2026/05/24,20:00,11236,0,4796,2092,0,174,0,1986,2,326,0,0,0,62,0,514,18,1152,114,11236
2026/05/24,20:30,11088,0,4640,2076,0,174,0,1982,2,326,0,0,0,68,0,530,14,1164,112,11088
2026/05/24,21:00,10810,0,4684,2094,0,172,0,1828,2,322,0,0,0,60,0,536,10,990,112,10810
2026/05/24,21:30,10670,0,4852,2078,0,178,0,1758,2,324,0,0,0,54,0,342,4,964,114,10670
2026/05/24,22:00,10362,0,5026,2092,0,174,0,1710,2,324,0,0,0,48,0,132,2,774,78,10362
2026/05/24,22:30,10014,0,4578,2076,0,178,0,1696,0,340,0,0,0,62,0,164,6,840,74,10014
2026/05/24,23:00,10140,0,4514,2094,0,178,0,1668,2,342,0,0,0,60,0,354,8,848,72,10140
2026/05/24,23:30,9686,0,4162,2086,0,160,0,1658,2,348,0,0,0,64,0,276,4,846,80,9686
2026/05/25,00:00,9586,0,4064,2084,0,162,0,1732,2,340,0,0,0,52,0,228,0,916,6,9586
2026/05/25,00:30,9190,0,3744,2074,0,162,0,1708,2,348,0,0,0,44,0,226,6,870,6,9190
2026/05/25,01:00,9070,0,3590,2094,0,162,0,1718,2,340,0,0,0,38,0,228,4,888,6,9070
2026/05/25,01:30,8948,0,3294,2078,0,162,0,1702,0,346,0,0,0,38,0,224,2,1096,6,8948
2026/05/25,02:00,9144,0,3300,2094,0,162,0,1726,2,338,0,0,0,48,0,270,2,1196,6,9144
2026/05/25,02:30,9168,0,3554,2076,0,166,0,1708,2,344,0,0,0,46,0,270,4,990,8,9168
2026/05/25,03:00,9466,0,3650,2094,0,162,0,1770,2,342,0,0,0,48,0,304,8,1080,6,9466
2026/05/25,03:30,9610,0,3664,2080,0,176,0,1786,2,352,0,0,0,44,0,436,2,1060,8,9610
2026/05/25,04:00,9682,0,3872,2092,0,180,0,1774,2,348,0,0,0,40,0,552,6,810,6,9682
2026/05/25,04:30,9918,0,3952,2074,0,178,0,1786,2,356,0,14,0,36,0,592,4,922,2,9918
2026/05/25,05:00,9974,0,3790,2094,0,180,0,1766,0,352,0,160,0,28,0,590,0,1010,4,9974
2026/05/25,05:30,10042,0,3580,2078,0,164,0,1752,2,366,0,744,0,26,0,398,2,928,2,10042
2026/05/25,06:00,10584,0,3172,2094,0,160,0,1718,2,364,0,1740,0,22,0,90,2,1216,4,10584
2026/05/25,06:30,11004,0,2994,2078,0,160,0,1580,2,376,0,2904,0,16,0,-470,0,1360,4,11004
2026/05/25,07:00,11806,0,3134,2092,0,158,0,1460,2,370,0,4064,0,14,0,-874,2,1382,2,11806
2026/05/25,07:30,12602,0,3298,1980,0,152,0,1452,2,374,0,5408,0,24,0,-1300,2,1206,4,12602
2026/05/25,08:00,13940,0,3568,1840,0,146,0,1434,2,374,0,6606,0,26,0,-1310,6,1246,2,13940
2026/05/25,08:30,15044,0,3284,1814,0,150,0,1438,0,370,0,7350,0,26,0,-398,4,1002,4,15044
2026/05/25,09:00,15910,0,2820,1984,0,148,0,1486,2,368,0,8010,0,30,0,-248,4,1304,2,15910
2026/05/25,09:30,16262,0,2634,2054,0,154,0,1472,2,374,0,8576,0,22,0,-248,2,1216,4,16262
2026/05/25,10:00,16574,0,2804,2088,0,152,0,1446,2,374,0,9096,0,16,0,-248,0,842,2,16574
2026/05/25,10:30,16652,0,2808,2078,0,150,0,1434,2,384,0,9268,0,18,0,-130,0,638,2,16652
2026/05/25,11:00,16706,0,2660,1982,0,150,0,1428,2,378,0,9410,0,10,0,-118,2,798,4,16706
2026/05/25,11:30,16784,0,3002,1980,0,166,0,1432,2,380,0,9554,0,14,0,-246,2,494,4,16784
2026/05/25,12:00,15964,0,2974,1964,0,154,0,1444,0,386,0,9518,0,22,0,-526,2,24,2,15964
2026/05/25,12:30,15886,0,3044,2076,0,156,0,1480,2,386,0,9248,0,20,0,-604,0,76,2,15886
2026/05/25,13:00,16814,0,3584,2090,0,158,0,1536,2,378,0,8834,0,20,0,-132,2,338,4,16814
2026/05/25,13:30,17080,0,3498,2074,0,160,0,1588,2,386,0,8636,0,24,0,2,0,708,2,17080
2026/05/25,14:00,17140,0,3940,2096,0,164,0,1656,2,380,0,8182,0,26,0,4,0,686,4,17140
2026/05/25,14:30,16998,0,4330,2078,0,176,0,1670,0,386,0,7548,0,28,0,108,2,668,4,16998
2026/05/25,15:00,16680,0,4614,2092,0,172,0,1696,2,374,0,6538,0,26,0,224,0,940,2,16680
2026/05/25,15:30,16884,0,5262,2076,0,174,0,1782,0,392,0,5522,0,30,0,238,6,1400,2,16884
2026/05/25,16:00,16654,0,6020,2092,0,184,0,1812,2,386,0,4256,0,22,0,212,4,1662,2,16654
2026/05/25,16:30,16142,0,6926,2074,0,194,0,1852,2,384,0,2926,0,26,0,568,16,1172,2,16142
2026/05/25,17:00,15656,0,7040,2098,0,192,0,1966,2,386,0,1824,0,28,0,1214,12,892,2,15656
2026/05/25,17:30,15344,0,7088,2070,0,184,0,2118,2,390,0,886,0,26,0,1422,14,1140,4,15344
2026/05/25,18:00,15042,0,6964,2094,0,184,0,2150,2,386,0,234,0,30,0,1012,24,1960,2,15042
2026/05/25,18:30,14936,0,6950,2078,0,186,0,2224,2,392,0,16,0,48,0,936,34,2066,4,14936
2026/05/25,19:00,14712,0,7352,2094,0,196,0,2238,0,386,0,0,0,46,0,836,34,1518,12,14712
2026/05/25,19:30,14348,0,6696,2074,0,200,0,2204,2,392,0,0,0,44,0,482,18,2228,8,14348
2026/05/25,20:00,14012,0,6836,2092,0,192,0,2032,2,388,0,0,0,50,0,286,18,2106,10,14012
2026/05/25,20:30,13744,0,6780,2076,0,198,0,2028,2,390,0,0,0,46,0,192,10,2014,8,13744
2026/05/25,21:00,13604,0,6650,2088,0,184,0,1910,2,388,0,0,0,48,0,194,8,2122,10,13604
2026/05/25,21:30,13432,0,6570,2078,0,184,0,1874,2,384,0,0,0,52,0,134,2,2144,8,13432
2026/05/25,22:00,13288,0,6486,2088,0,180,0,1856,0,380,0,0,0,52,0,120,0,2118,8,13288
2026/05/25,22:30,13116,0,6686,2078,0,180,0,1846,2,386,0,0,0,46,0,66,4,1812,10,13116
2026/05/25,23:00,12908,0,6694,2092,0,184,0,1772,2,384,0,0,0,48,0,38,8,1680,6,12908
2026/05/25,23:30,12562,0,6840,2082,0,190,0,1746,2,392,0,0,0,50,0,28,4,1220,8,12562
2026/05/26,00:00,12234,0,6292,2086,0,182,0,1650,2,386,0,0,0,52,0,36,4,1482,62,12234
2026/05/26,00:30,11846,0,5752,2080,0,180,0,1620,2,392,0,0,0,52,0,36,10,1662,60,11846
2026/05/26,01:00,11468,0,5116,2092,0,180,0,1610,2,386,0,0,0,46,0,36,0,1940,60,11468
2026/05/26,01:30,11166,0,5178,2076,0,182,0,1606,0,390,0,0,0,30,0,128,2,1510,64,11166
2026/05/26,02:00,11238,0,4934,2088,0,182,0,1614,2,386,0,0,0,24,0,264,4,1674,66,11238
2026/05/26,02:30,11348,0,5092,2078,0,188,0,1594,2,390,0,0,0,22,0,370,4,1544,64,11348
2026/05/26,03:00,11506,0,5010,2094,0,190,0,1602,2,386,0,0,0,14,0,486,2,1676,44,11506
2026/05/26,03:30,11534,0,5356,2074,0,182,0,1598,2,394,0,0,0,20,0,476,16,1348,68,11534
2026/05/26,04:00,11690,0,5354,2096,0,182,0,1658,2,388,0,0,0,26,0,510,16,1378,80,11690
2026/05/26,04:30,11794,0,5428,2074,0,178,0,1640,2,390,0,14,0,28,0,632,12,1314,82,11794
2026/05/26,05:00,11706,0,5452,2092,0,178,0,1630,0,390,0,170,0,28,0,160,14,1506,86,11706
2026/05/26,05:30,11594,0,5098,2076,0,172,0,1628,2,388,0,622,0,24,0,36,0,1474,74,11594
2026/05/26,06:00,11828,0,4626,2092,0,150,0,1572,2,388,0,1472,0,22,0,36,2,1444,22,11828
2026/05/26,06:30,12216,0,3832,2072,0,148,0,1442,2,388,0,2600,0,34,0,4,0,1676,18,12216
2026/05/26,07:00,12770,0,4022,2094,0,152,0,1396,2,386,0,3774,0,24,0,-138,2,1034,22,12770
2026/05/26,07:30,13340,0,4166,2076,0,156,0,1380,2,388,0,4816,0,32,0,-248,2,550,20,13340
2026/05/26,08:00,14634,0,4744,2094,0,164,0,1368,2,380,0,5678,0,28,0,-102,4,214,60,14634
2026/05/26,08:30,15770,0,5154,2082,0,164,0,1358,0,386,0,6340,0,26,0,-96,0,298,58,15770
2026/05/26,09:00,16496,0,5198,2100,0,178,0,1404,2,372,0,6912,0,32,0,-96,0,332,62,16496
2026/05/26,09:30,16968,0,5210,2084,0,178,0,1420,2,388,0,7430,0,38,0,-98,2,252,62,16968
2026/05/26,10:00,17156,0,5244,2106,0,180,0,1430,2,382,0,7816,0,40,0,-96,2,-12,62,17156
2026/05/26,10:30,17276,0,5260,2088,0,188,0,1466,2,384,0,8168,0,34,0,-98,2,-278,60,17276
2026/05/26,11:00,17380,0,5320,2102,0,176,0,1428,2,380,0,8556,0,32,0,-96,0,-564,44,17380
2026/05/26,11:30,17448,0,5602,2090,0,166,0,1334,0,388,0,8732,0,36,0,-214,4,-692,2,17448
2026/05/26,12:00,16486,0,4828,2086,0,168,0,1392,2,386,0,8498,0,44,0,-786,2,-134,0,16486
2026/05/26,12:30,16518,0,4906,2016,0,172,0,1428,2,392,0,8298,0,44,0,-876,0,136,0,16518
2026/05/26,13:00,17114,0,5432,2100,0,176,0,1486,2,384,0,8034,0,48,0,-580,2,34,-4,17114
2026/05/26,13:30,17626,0,5982,2082,0,200,0,1544,2,388,0,7868,0,56,0,-412,0,-84,0,17626
2026/05/26,14:00,17524,0,6038,2100,0,188,0,1594,0,384,0,7316,0,70,0,-274,2,78,28,17524
2026/05/26,14:30,17458,0,6220,2074,0,186,0,1786,2,388,0,6758,0,80,0,-188,2,118,32,17458
2026/05/26,15:00,17090,0,6122,2100,0,192,0,1798,2,384,0,6068,0,82,0,48,2,216,76,17090
2026/05/26,15:30,17348,0,7130,2086,0,180,0,1824,0,390,0,4976,0,86,0,54,8,538,76,17348
2026/05/26,16:00,17076,0,6852,2102,0,178,0,1868,2,388,0,3986,0,84,0,224,0,1308,84,17076
2026/05/26,16:30,16596,0,7600,2084,0,180,0,1918,2,390,0,2720,0,86,0,366,6,1158,86,16596
2026/05/26,17:00,15956,0,7578,2102,0,178,0,2036,2,388,0,1708,0,78,0,400,8,1392,86,15956
2026/05/26,17:30,15616,0,8142,2086,0,178,0,2132,2,396,0,746,0,86,0,716,30,1016,86,15616
2026/05/26,18:00,15384,0,8302,2100,0,178,0,2170,2,392,0,236,0,82,0,890,38,910,84,15384
2026/05/26,18:30,15322,0,8082,2086,0,184,0,2196,0,394,0,24,0,102,0,828,38,1300,88,15322
2026/05/26,19:00,15080,0,8376,2100,0,192,0,2202,2,390,0,0,0,86,0,882,32,726,92,15080
2026/05/26,19:30,14696,0,8034,2084,0,210,0,2186,2,392,0,0,0,82,0,828,20,766,92,14696
2026/05/26,20:00,14408,0,8046,2100,0,212,0,2156,2,378,0,0,0,68,0,420,20,928,78,14408
2026/05/26,20:30,14128,0,7968,2086,0,226,0,2094,2,382,0,0,0,74,0,194,12,1014,76,14128
2026/05/26,21:00,13794,0,8020,2100,0,234,0,1910,2,368,0,0,0,72,0,152,4,854,78,13794
2026/05/26,21:30,13618,0,7932,2086,0,246,0,1862,2,376,0,0,0,70,0,136,2,832,74,13618
2026/05/26,22:00,13558,0,7776,2100,0,244,0,1762,0,372,0,0,0,38,0,130,2,1084,50,13558
2026/05/26,22:30,13350,0,7682,2086,0,248,0,1742,2,388,0,0,0,40,0,126,4,992,40,13350
2026/05/26,23:00,13098,0,7148,2100,0,244,0,1714,2,386,0,0,0,52,0,120,6,1286,40,13098
2026/05/26,23:30,12932,0,7260,2090,0,248,0,1716,2,392,0,0,0,64,0,60,4,1052,44,12932
2026/05/27,00:00,12398,0,7036,2092,0,248,0,1514,2,388,0,0,0,62,0,16,2,990,48,12398
2026/05/27,00:30,12018,0,7048,2086,0,244,0,1406,2,396,0,0,0,50,0,-126,2,854,56,12018
2026/05/27,01:00,11764,0,7178,2100,0,248,0,1396,2,388,0,0,0,56,0,-162,4,488,66,11764
2026/05/27,01:30,11534,0,6930,2084,0,246,0,1398,0,396,0,0,0,50,0,-168,4,546,48,11534
2026/05/27,02:00,11534,0,7022,2102,0,246,0,1390,2,388,0,0,0,64,0,-166,4,444,38,11534
2026/05/27,02:30,11556,0,6964,2084,0,248,0,1384,2,394,0,0,0,76,0,-164,4,560,4,11556
2026/05/27,03:00,11640,0,7188,2104,0,246,0,1378,2,388,0,0,0,80,0,-16,4,264,2,11640
2026/05/27,03:30,11754,0,7270,2080,0,246,0,1370,2,390,0,0,0,82,0,32,4,276,2,11754
2026/05/27,04:00,11892,0,7282,2102,0,248,0,1444,2,386,0,0,0,76,0,38,2,310,2,11892
2026/05/27,04:30,11822,0,6856,2086,0,244,0,1426,0,384,0,12,0,84,0,32,2,702,-6,11822
2026/05/27,05:00,11840,0,6912,2100,0,244,0,1456,2,386,0,96,0,70,0,26,0,550,-2,11840
2026/05/27,05:30,11584,0,6286,2086,0,248,0,1382,2,390,0,482,0,70,0,-138,0,780,-4,11584
2026/05/27,06:00,11774,0,6022,2100,0,228,0,1288,2,382,0,992,0,74,0,-272,0,956,2,11774
2026/05/27,06:30,12116,0,5164,2082,0,226,0,1264,2,392,0,1640,0,76,0,-270,0,1536,4,12116
2026/05/27,07:00,12804,0,5316,2100,0,226,0,1298,2,384,0,2830,0,72,0,-272,2,842,4,12804
2026/05/27,07:30,13540,0,6100,2086,0,226,0,1286,2,388,0,3950,0,78,0,-230,0,-350,4,13540
2026/05/27,08:00,14748,0,6762,2102,0,242,0,1282,0,380,0,4404,0,70,0,-12,0,-524,42,14748
2026/05/27,08:30,15916,0,6686,2086,0,238,0,1282,2,386,0,4978,0,48,0,2,0,162,46,15916
2026/05/27,09:00,16836,0,7530,2100,0,232,0,1308,2,378,0,5506,0,40,0,18,0,-324,46,16836
2026/05/27,09:30,17008,0,7228,2086,0,232,0,1322,2,386,0,5574,0,40,0,38,0,66,34,17008
2026/05/27,10:00,17050,0,7668,2102,0,228,0,1330,2,382,0,5418,0,52,0,40,2,-204,30,17050
2026/05/27,10:30,17120,0,6934,2084,0,234,0,1348,2,384,0,5390,0,50,0,38,2,634,20,17120
2026/05/27,11:00,17298,0,6894,2100,0,234,0,1352,2,378,0,5858,0,48,0,-104,2,526,8,17298
2026/05/27,11:30,17078,0,7764,2086,0,240,0,1346,0,384,0,5306,0,46,0,-324,0,226,4,17078
2026/05/27,12:00,16212,0,7686,2100,0,244,0,1366,2,378,0,4526,0,46,0,-328,0,184,8,16212
2026/05/27,12:30,16036,0,7390,2088,0,246,0,1388,0,384,0,4052,0,50,0,-328,0,726,40,16036
2026/05/27,13:00,16932,0,8692,2100,0,230,0,1476,2,378,0,3438,0,42,0,-224,2,728,68,16932
2026/05/27,13:30,17102,0,8936,2084,0,228,0,1526,2,378,0,2764,0,62,0,214,4,836,68,17102
2026/05/27,14:00,17016,0,9118,2102,0,230,0,1594,2,378,0,2312,0,84,0,692,4,430,70,17016
2026/05/27,14:30,16936,0,9104,2084,0,228,0,1646,2,386,0,2214,0,92,0,698,8,400,74,16936
2026/05/27,15:00,16572,0,9386,2098,0,228,0,1774,2,374,0,1916,0,56,0,700,4,-36,70,16572
2026/05/27,15:30,16606,0,9732,2092,0,230,0,1860,0,384,0,1700,0,36,0,1250,14,-768,76,16606
2026/05/27,16:00,16448,0,9190,2094,0,230,0,1916,2,374,0,1364,0,42,0,942,10,208,76,16448
2026/05/27,16:30,16114,0,9402,2090,0,228,0,2012,2,384,0,1066,0,52,0,738,14,46,80,16114
2026/05/27,17:00,15452,0,9156,2098,0,246,0,2052,2,380,0,710,0,58,0,484,14,172,80,15452
2026/05/27,17:30,15322,0,9578,2090,0,246,0,2072,2,388,0,390,0,76,0,370,24,8,78,15322
2026/05/27,18:00,15200,0,9904,2098,0,246,0,2078,2,380,0,100,0,86,0,546,26,-346,80,15200
2026/05/27,18:30,15208,0,9658,2092,0,250,0,2080,0,386,0,18,0,116,0,542,30,-42,78,15208
2026/05/27,19:00,15002,0,9232,2096,0,246,0,2092,2,380,0,0,0,128,0,500,14,228,84,15002
2026/05/27,19:30,14638,0,9184,2090,0,248,0,2034,2,388,0,0,0,118,0,518,14,-42,84,14638
2026/05/27,20:00,14422,0,9408,2094,0,248,0,1804,2,386,0,0,0,120,0,672,16,-394,66,14422
2026/05/27,20:30,14136,0,8920,2094,0,248,0,1750,2,388,0,0,0,106,0,826,16,-278,64,14136
2026/05/27,21:00,13974,0,8662,2098,0,250,0,1726,2,382,0,0,0,120,0,868,10,-210,66,13974
2026/05/27,21:30,13700,0,8426,2090,0,248,0,1710,2,392,0,0,0,126,0,650,6,-14,64,13700
2026/05/27,22:00,13478,0,8052,2086,0,244,0,1626,0,384,0,0,0,126,0,418,2,504,36,13478
2026/05/27,22:30,13246,0,7958,2084,0,246,0,1610,2,386,0,0,0,128,0,130,2,668,32,13246
2026/05/27,23:00,13108,0,7908,2084,0,246,0,1532,2,384,0,0,0,144,0,14,4,756,34,13108
2026/05/27,23:30,12768,0,7466,2082,0,244,0,1500,2,392,0,0,0,146,0,2,0,906,28,12768
2026/05/28,00:00,12380,0,7984,2086,0,244,0,1360,2,384,0,0,0,110,0,0,2,184,24,12380
2026/05/28,00:30,11986,0,7756,2086,0,228,0,1320,2,392,0,0,0,118,0,-98,2,154,26,11986
2026/05/28,01:00,11676,0,7294,2084,0,230,0,1298,2,384,0,0,0,116,0,-94,0,336,26,11676
2026/05/28,01:30,11542,0,6946,2082,0,228,0,1276,0,386,0,0,0,122,0,-60,4,532,26,11542
2026/05/28,02:00,11490,0,6964,2086,0,226,0,1268,2,384,0,0,0,130,0,-58,0,462,26,11490
2026/05/28,02:30,11600,0,7060,2084,0,226,0,1252,2,390,0,0,0,110,0,-56,2,502,28,11600
2026/05/28,03:00,11622,0,7348,2086,0,226,0,1240,2,382,0,0,0,114,0,-50,0,240,34,11622
2026/05/28,03:30,11764,0,7654,2084,0,228,0,1224,2,388,0,0,0,112,0,48,2,-14,36,11764
2026/05/28,04:00,11794,0,7854,2090,0,244,0,1234,2,384,0,0,0,120,0,50,4,-224,36,11794
2026/05/28,04:30,11836,0,8018,2078,0,246,0,1238,0,390,0,12,0,124,0,50,4,-368,44,11836
2026/05/28,05:00,11844,0,7928,2088,0,242,0,1216,2,382,0,60,0,114,0,50,2,-282,42,11844
2026/05/28,05:30,11756,0,7034,2082,0,228,0,1200,2,386,0,254,0,112,0,50,0,366,42,11756
2026/05/28,06:00,11828,0,6666,2086,0,228,0,1178,2,386,0,658,0,112,0,50,2,442,18,11828
2026/05/28,06:30,12160,0,6754,2082,0,226,0,1198,2,382,0,1004,0,100,0,6,0,392,14,12160
2026/05/28,07:00,12722,0,6742,2070,0,228,0,1194,2,378,0,1456,0,92,0,-42,0,584,18,12722
2026/05/28,07:30,13468,0,6916,2078,0,224,0,1192,2,386,0,2088,0,96,0,-150,0,620,16,13468
2026/05/28,08:00,14632,0,7450,2074,0,244,0,1394,0,384,0,2726,0,92,0,-148,0,400,16,14632
2026/05/28,08:30,15750,0,7570,2074,0,246,0,1404,2,386,0,3718,0,78,0,-164,0,432,4,15750
2026/05/28,09:00,16692,0,8070,2074,0,242,0,1438,0,378,0,4502,0,54,0,-150,2,48,34,16692
2026/05/28,09:30,17320,0,8386,2076,0,244,0,1446,2,384,0,5054,0,50,0,94,2,-454,36,17320
2026/05/28,10:00,17478,0,8350,2074,0,244,0,1366,2,378,0,5050,0,40,0,368,6,-436,36,17478
2026/05/28,10:30,17538,0,8640,2078,0,244,0,1348,2,366,0,4638,0,26,0,412,6,-254,32,17538
2026/05/28,11:00,17498,0,8960,2078,0,242,0,1292,2,356,0,4324,0,22,0,382,8,-166,-2,17498
2026/05/28,11:30,17366,0,9080,2070,0,244,0,1254,2,362,0,4196,0,14,0,408,8,-268,-4,17366
2026/05/28,12:00,16728,0,8304,2078,0,230,0,1298,0,368,0,4200,0,8,0,76,0,166,0,16728
2026/05/28,12:30,16782,0,8858,2078,0,228,0,1308,2,378,0,3862,0,10,0,12,0,52,-6,16782
2026/05/28,13:00,17420,0,9774,2074,0,242,0,1362,2,378,0,3162,0,6,0,782,16,-374,-4,17420
2026/05/28,13:30,17746,0,9858,2074,0,244,0,1468,2,382,0,2800,0,6,0,1310,12,-436,26,17746
2026/05/28,14:00,17754,0,9592,2076,0,246,0,1702,2,382,0,2748,0,4,0,1412,6,-452,36,17754
2026/05/28,14:30,17654,0,9792,2074,0,246,0,1764,0,382,0,2562,0,8,0,1532,2,-762,54,17654
2026/05/28,15:00,17376,0,9766,2080,0,242,0,1916,2,380,0,2264,0,14,0,1604,16,-1008,100,17376
2026/05/28,15:30,17448,0,9922,2078,0,246,0,2068,2,388,0,1720,0,30,0,1774,22,-908,106,17448
2026/05/28,16:00,17366,0,9942,2074,0,248,0,2096,0,382,0,1244,0,30,0,1726,16,-502,110,17366
2026/05/28,16:30,17086,0,9946,2072,0,248,0,2010,2,390,0,834,0,36,0,1760,12,-334,110,17086
2026/05/28,17:00,16498,0,9972,2070,0,248,0,2022,2,386,0,404,0,28,0,1674,8,-422,106,16498
2026/05/28,17:30,16376,0,9992,2076,0,250,0,2020,2,390,0,210,0,32,0,1568,12,-270,94,16376
2026/05/28,18:00,16158,0,9892,2076,0,250,0,1980,2,388,0,72,0,46,0,1334,18,8,92,16158
2026/05/28,18:30,16050,0,9762,2076,0,254,0,1926,0,392,0,12,0,48,0,1300,16,184,80,16050
2026/05/28,19:00,15608,0,9528,2074,0,248,0,1830,2,390,0,0,0,50,0,1124,16,266,80,15608
2026/05/28,19:30,15320,0,9558,2078,0,254,0,1800,2,386,0,0,0,62,0,820,16,268,76,15320
2026/05/28,20:00,14930,0,9568,2074,0,254,0,1738,2,386,0,0,0,58,0,640,8,128,74,14930
2026/05/28,20:30,14674,0,9466,2074,0,254,0,1738,2,388,0,0,0,60,0,400,10,210,72,14674
2026/05/28,21:00,14460,0,9500,2074,0,254,0,1590,2,384,0,0,0,56,0,264,0,282,54,14460
2026/05/28,21:30,14056,0,9114,2070,0,254,0,1532,0,392,0,0,0,80,0,134,0,442,38,14056
2026/05/28,22:00,13850,0,8860,2080,0,248,0,1368,2,386,0,0,0,86,0,94,0,684,42,13850
2026/05/28,22:30,13588,0,8226,2072,0,248,0,1342,2,394,0,0,0,98,0,84,2,1080,40,13588
2026/05/28,23:00,13442,0,8174,2078,0,248,0,1314,0,388,0,0,0,96,0,92,8,1002,42,13442
2026/05/28,23:30,13112,0,7652,2070,0,246,0,1300,2,392,0,0,0,110,0,16,2,1282,40,13112
2026/05/29,00:00,12760,0,7402,2080,0,248,0,1278,2,390,0,0,0,132,0,18,0,1164,46,12760
2026/05/29,00:30,12242,0,6812,2076,0,250,0,1286,2,394,0,0,0,126,0,14,0,1228,54,12242
2026/05/29,01:00,11958,0,5786,2074,0,246,0,1270,2,394,0,0,0,130,0,18,2,1980,56,11958
2026/05/29,01:30,11884,0,5450,2072,0,246,0,1274,0,396,0,0,0,138,0,14,0,2236,58,11884
2026/05/29,02:00,11702,0,5172,2078,0,248,0,1264,2,392,0,0,0,154,0,18,0,2330,44,11702
2026/05/29,02:30,11812,0,5180,2074,0,248,0,1250,2,394,0,0,0,178,0,16,0,2444,26,11812
2026/05/29,03:00,11856,0,5594,2074,0,250,0,1254,2,388,0,0,0,158,0,26,6,2070,34,11856
2026/05/29,03:30,11948,0,5800,2072,0,248,0,1310,2,396,0,0,0,152,0,34,10,1892,32,11948
2026/05/29,04:00,12012,0,5610,2076,0,248,0,1334,2,392,0,0,0,164,0,34,8,2078,66,12012
2026/05/29,04:30,12008,0,5812,2074,0,250,0,1324,0,398,0,18,0,170,0,32,10,1860,60,12008
2026/05/29,05:00,11922,0,5726,2078,0,248,0,1330,2,392,0,128,0,186,0,36,4,1732,60,11922
2026/05/29,05:30,11898,0,4908,2070,0,250,0,1282,2,394,0,650,0,192,0,28,0,2062,60,11898
2026/05/29,06:00,12044,0,4332,2074,0,250,0,1172,2,390,0,1546,0,180,0,30,4,2038,26,12044
2026/05/29,06:30,12500,0,4030,2072,0,230,0,1176,2,388,0,2628,0,166,0,-88,0,1874,22,12500
2026/05/29,07:00,12946,0,3468,2082,0,230,0,1152,2,390,0,3864,0,162,0,-232,2,1818,8,12946
2026/05/29,07:30,13606,0,3674,2076,0,232,0,1146,2,398,0,5072,0,162,0,-300,2,1134,8,13606
2026/05/29,08:00,14720,0,4298,2074,0,234,0,1146,0,388,0,5990,0,166,0,-346,0,760,10,14720
2026/05/29,08:30,15928,0,4284,2076,0,234,0,1150,2,380,0,7050,0,152,0,14,0,576,10,15928
2026/05/29,09:00,16614,0,4696,2074,0,232,0,1142,0,384,0,7782,0,158,0,10,6,120,10,16614
2026/05/29,09:30,17000,0,4490,2076,0,234,0,1156,2,394,0,8370,0,156,0,2,2,110,8,17000
2026/05/29,10:00,17042,0,3736,2062,0,234,0,1170,2,392,0,8840,0,156,0,-40,2,478,10,17042
2026/05/29,10:30,17094,0,3756,2064,0,232,0,1188,2,396,0,9042,0,138,0,-354,2,620,8,17094
2026/05/29,11:00,17308,0,3676,1996,0,234,0,1102,2,390,0,9456,0,166,0,-522,4,794,10,17308
2026/05/29,11:30,17320,0,4132,2028,0,234,0,1084,2,390,0,9700,0,154,0,-1142,4,726,8,17320
2026/05/29,12:00,16390,0,3722,1940,0,232,0,1084,2,396,0,9714,1,170,0,-1550,2,668,10,16390
2026/05/29,12:30,16198,0,3940,1866,0,230,0,1108,0,398,0,9604,1,178,0,-1556,8,416,6,16198
2026/05/29,13:00,16948,0,4496,2040,0,234,0,1270,2,396,0,9424,0,188,0,-1240,4,124,10,16948
2026/05/29,13:30,17078,0,4468,2054,0,234,0,1318,2,396,0,9002,0,194,0,-1034,4,430,10,17078
2026/05/29,14:00,17064,0,4462,1890,0,234,0,1350,2,394,0,8560,0,202,0,-766,2,722,12,17064
2026/05/29,14:30,16874,0,4820,1790,0,234,0,1358,2,392,0,7862,0,210,0,-762,0,920,48,16874
2026/05/29,15:00,16588,0,5228,1812,0,232,0,1384,2,394,0,7074,0,224,0,-698,2,848,86,16588
2026/05/29,15:30,16574,0,5694,1962,0,246,0,1432,0,402,0,5976,0,220,0,-212,12,758,84,16574
2026/05/29,16:00,16386,0,5916,2062,0,248,0,1526,0,392,0,4758,0,234,0,30,6,1122,92,16386
2026/05/29,16:30,15958,0,6498,2068,0,252,0,1656,0,398,0,3364,0,228,0,232,6,1164,92,15958
2026/05/29,17:00,15414,0,6726,2076,0,252,0,1918,0,396,0,2098,0,226,0,144,4,1488,86,15414
2026/05/29,17:30,15148,0,7140,2072,0,252,0,2028,0,402,0,992,0,216,0,230,12,1716,88,15148
2026/05/29,18:00,14758,0,7410,2074,0,250,0,2096,0,398,0,256,0,214,0,594,22,1358,86,14758
2026/05/29,18:30,14588,0,7310,2072,0,256,0,2048,0,398,0,32,0,218,0,568,28,1572,86,14588
2026/05/29,19:00,14394,0,7300,2074,0,256,0,1940,0,398,0,0,0,200,0,526,30,1572,98,14394
2026/05/29,19:30,14100,0,6908,2074,0,256,0,1848,0,404,0,0,0,194,0,458,16,1844,98,14100
2026/05/29,20:00,13756,0,6930,2070,0,256,0,1674,0,398,0,0,0,180,0,262,10,1894,82,13756
2026/05/29,20:30,13480,0,6546,2074,0,256,0,1606,0,404,0,0,0,174,0,258,8,2074,80,13480
2026/05/29,21:00,13284,0,6378,2078,0,256,0,1462,0,394,0,0,0,160,0,216,6,2268,66,13284
2026/05/29,21:30,13028,0,6200,2078,0,258,0,1300,0,404,0,0,0,162,0,196,0,2360,70,13028
2026/05/29,22:00,12828,0,5734,2086,0,246,0,1240,0,394,0,0,0,164,0,136,0,2784,44,12828
2026/05/29,22:30,12590,0,6182,2082,0,248,0,1238,0,396,0,0,0,164,0,26,2,2214,38,12590
2026/05/29,23:00,12478,0,5998,2086,0,246,0,1204,0,390,0,0,0,168,0,4,2,2344,36,12478
2026/05/29,23:30,12156,0,5776,2080,0,244,0,1190,2,394,0,0,0,176,0,2,2,2254,36,12156
2026/05/30,00:00,11758,0,6380,2082,0,246,0,1248,2,408,0,0,0,174,0,4,6,1168,40,11758
2026/05/30,00:30,11416,0,5400,2084,0,248,0,1332,0,416,0,0,0,166,0,44,0,1654,72,11416
2026/05/30,01:00,11238,0,4934,2086,0,248,0,1298,2,420,0,0,0,164,0,76,2,1936,72,11238
2026/05/30,01:30,11018,0,5078,2084,0,246,0,1278,2,430,0,0,0,168,0,114,2,1542,74,11018
2026/05/30,02:00,10936,0,5152,2086,0,250,0,1300,2,440,0,0,0,162,0,212,4,1254,74,10936
2026/05/30,02:30,11112,0,5162,2080,0,248,0,1304,2,442,0,0,0,142,0,218,8,1432,74,11112
2026/05/30,03:00,11110,0,4904,2078,0,246,0,1294,0,392,0,0,0,132,0,206,8,1766,84,11110
2026/05/30,03:30,11272,0,4964,2086,0,248,0,1294,2,396,0,0,0,122,0,224,10,1838,88,11272
2026/05/30,04:00,11112,0,5086,2086,0,246,0,1334,2,388,0,0,0,106,0,276,14,1482,92,11112
2026/05/30,04:30,11182,0,5326,2082,0,248,0,1334,2,394,0,16,0,94,0,298,16,1286,86,11182
2026/05/30,05:00,10904,0,5206,2082,0,246,0,1288,2,394,0,174,0,72,0,246,14,1128,52,10904
2026/05/30,05:30,10802,0,4498,2056,0,248,0,1232,2,394,0,842,0,56,0,112,2,1330,30,10802
2026/05/30,06:00,10518,0,3910,2004,0,232,0,1154,0,392,0,1876,0,52,0,64,8,804,22,10518
2026/05/30,06:30,10384,0,3096,1756,0,230,0,1020,2,398,0,3146,0,44,0,-224,0,892,24,10384
2026/05/30,07:00,10390,0,2534,1458,0,228,0,898,2,392,0,4382,0,34,0,-960,2,1394,26,10390
2026/05/30,07:30,10614,0,2912,1182,0,218,0,884,2,398,0,5704,0,16,0,-1236,6,504,24,10614
2026/05/30,08:00,11002,0,2796,1014,0,222,0,828,2,388,0,6842,0,12,0,-1342,4,212,24,11002
2026/05/30,08:30,11500,0,2528,942,0,218,0,844,2,396,0,7898,0,10,0,-1678,2,318,20,11500
2026/05/30,09:00,12020,0,2714,924,0,218,0,828,2,386,0,8650,0,12,0,-1820,2,80,24,12020
2026/05/30,09:30,12212,0,2540,932,0,218,0,832,2,396,0,9214,0,8,0,-2172,0,222,20,12212
2026/05/30,10:00,12402,0,2702,928,0,216,0,826,0,388,0,9580,1,10,0,-2010,2,-260,20,12402
2026/05/30,10:30,12544,0,2694,930,0,216,0,834,2,394,0,9828,1,4,0,-1918,0,-460,20,12544
2026/05/30,11:00,12678,0,2624,932,0,216,0,818,2,388,0,10022,0,6,0,-1920,4,-436,22,12678
2026/05/30,11:30,12698,0,2642,930,0,216,0,818,2,388,0,10014,0,6,0,-2052,6,-294,22,12698
2026/05/30,12:00,12510,0,2656,928,0,218,0,812,2,386,0,9960,0,10,0,-2328,6,-160,20,12510
2026/05/30,12:30,12394,0,2622,930,0,220,0,812,0,384,0,9804,0,10,0,-2184,4,-230,22,12394
2026/05/30,13:00,12548,0,2824,928,0,216,0,862,2,388,0,9560,0,12,0,-1770,4,-496,18,12548
2026/05/30,13:30,12630,0,2796,928,0,216,0,918,2,382,0,9136,0,14,0,-1656,2,-128,20,12630
2026/05/30,14:00,12488,0,2986,928,0,218,0,976,0,386,0,8594,0,12,0,-1398,2,-234,18,12488
2026/05/30,14:30,12526,0,3076,930,0,222,0,1070,2,390,0,7794,0,20,0,-994,4,-6,18,12526
2026/05/30,15:00,12492,0,3214,1064,0,230,0,1166,2,386,0,6838,0,14,0,-882,4,438,18,12492
2026/05/30,15:30,12456,0,3700,1262,0,230,0,1200,2,388,0,5774,0,18,0,-272,4,132,18,12456
2026/05/30,16:00,12506,0,4390,1334,0,232,0,1362,2,386,0,4612,0,14,0,4,6,142,22,12506
2026/05/30,16:30,12590,0,4958,1338,0,234,0,1424,0,386,0,3306,0,16,0,318,6,548,56,12590
2026/05/30,17:00,12290,0,4944,1340,0,230,0,1510,2,384,0,2094,0,14,0,334,6,1342,90,12290
2026/05/30,17:30,12488,0,6356,1356,0,246,0,1630,2,388,0,970,0,14,0,922,30,478,96,12488
2026/05/30,18:00,12264,0,6038,1546,0,246,0,1832,2,382,0,290,0,12,0,1062,26,730,98,12264
2026/05/30,18:30,12458,0,5828,1702,0,254,0,1846,2,394,0,24,0,26,0,1104,30,1150,98,12458
2026/05/30,19:00,12386,0,6248,1716,0,248,0,1844,0,386,0,0,0,10,0,782,28,1020,104,12386
2026/05/30,19:30,12264,0,5846,1724,0,250,0,1838,2,392,0,0,0,6,0,850,24,1226,106,12264
2026/05/30,20:00,11902,0,5258,1720,0,250,0,1770,2,388,0,0,0,6,0,926,18,1456,108,11902
2026/05/30,20:30,11912,0,5424,1812,0,254,0,1720,2,396,0,0,0,8,0,956,16,1228,96,11912
2026/05/30,21:00,11464,0,4910,2022,0,250,0,1648,2,386,0,0,0,6,0,896,8,1244,92,11464
2026/05/30,21:30,11166,0,4680,2074,0,252,0,1564,2,380,0,0,0,8,0,754,8,1352,92,11166
2026/05/30,22:00,10860,0,4776,2088,0,246,0,1394,0,380,0,0,0,4,0,812,10,1078,72,10860
2026/05/30,22:30,10570,0,4824,2084,0,250,0,1284,2,382,0,0,0,10,0,758,12,900,64,10570
2026/05/30,23:00,10648,0,4802,2086,0,248,0,1208,2,384,0,0,0,8,0,976,10,862,62,10648
2026/05/30,23:30,10256,0,4462,2084,0,246,0,1208,2,390,0,0,0,14,0,890,8,890,62,10256
2026/05/31,00:00,9996,0,4364,2082,0,230,0,1200,2,386,0,0,0,18,0,700,0,960,54,9996
2026/05/31,00:30,9548,0,3712,2086,0,226,0,1192,2,392,0,0,0,8,0,900,2,976,52,9548
2026/05/31,01:00,9496,0,3440,2088,0,230,0,1198,2,384,0,0,0,18,0,1064,2,1018,52,9496
2026/05/31,01:30,9294,0,2890,2082,0,244,0,1214,2,390,0,0,0,10,0,1186,4,1220,52,9294
2026/05/31,02:00,9292,0,2880,2086,0,242,0,1200,2,386,0,0,0,6,0,1156,0,1278,56,9292
2026/05/31,02:30,9404,0,3322,2082,0,246,0,1198,2,392,0,0,0,14,0,1044,2,1018,84,9404
2026/05/31,03:00,9686,0,3568,2086,0,244,0,1202,2,382,0,0,0,8,0,872,2,1258,62,9686
2026/05/31,03:30,9648,0,4004,2086,0,246,0,1194,2,392,0,0,0,4,0,532,10,1112,66,9648
2026/05/31,04:00,9896,0,4218,2084,0,246,0,1200,0,388,0,0,0,6,0,562,14,1114,64,9896
2026/05/31,04:30,9812,0,4060,2080,0,242,0,1156,2,388,0,8,0,0,0,662,10,1140,64,9812
2026/05/31,05:00,9790,0,4170,2086,0,246,0,1126,2,382,0,72,0,0,0,548,6,1094,58,9790
2026/05/31,05:30,9540,0,3780,2084,0,242,0,1114,2,392,0,316,0,6,0,240,4,1300,60,9540
2026/05/31,06:00,9324,0,3022,2048,0,230,0,970,2,384,0,670,0,6,0,-196,4,2150,34,9324
2026/05/31,06:30,9328,0,3560,2026,0,228,0,896,0,386,0,1234,0,4,0,-612,4,1568,34,9328
2026/05/31,07:00,9292,0,2716,2086,0,226,0,884,2,386,0,1912,0,2,0,-862,2,1906,32,9292
2026/05/31,07:30,9552,0,3042,2082,0,228,0,880,2,392,0,2736,0,2,0,-1170,2,1334,22,9552
2026/05/31,08:00,10098,0,3694,2086,0,230,0,876,2,382,0,3280,0,6,0,-1528,4,1048,18,10098
2026/05/31,08:30,10364,0,3612,2084,0,224,0,868,2,386,0,3700,0,4,0,-1566,4,1028,18,10364
2026/05/31,09:00,10568,0,3106,2082,0,228,0,816,2,380,0,4792,0,2,0,-1860,2,1000,18,10568
2026/05/31,09:30,10774,0,3170,2084,0,226,0,794,0,388,0,5170,0,2,0,-2016,8,932,16,10774
2026/05/31,10:00,10974,0,2748,2086,0,224,0,752,2,392,0,5848,0,2,0,-1994,4,898,12,10974
2026/05/31,10:30,11124,0,2480,1966,0,226,0,762,2,394,0,6564,0,0,0,-2060,2,780,8,11124
2026/05/31,11:00,11162,0,2668,1790,0,226,0,792,0,392,0,6668,0,2,0,-2574,2,1190,6,11162
2026/05/31,11:30,11450,0,3442,1954,0,224,0,798,2,394,0,6140,0,2,0,-2758,4,1242,6,11450
2026/05/31,12:00,11508,0,3202,2078,0,226,0,786,2,390,0,6424,0,2,0,-2768,4,1154,8,11508
2026/05/31,12:30,11664,0,3376,2084,0,222,0,782,2,394,0,6690,0,2,0,-2738,2,842,6,11664
2026/05/31,13:00,11522,0,3350,2086,0,226,0,766,2,388,0,6502,0,2,0,-2558,0,750,8,11522
2026/05/31,13:30,11750,0,3172,2006,0,224,0,764,0,390,0,6718,0,2,0,-2574,2,1042,4,11750
2026/05/31,14:00,11674,0,3266,1816,0,220,0,826,2,388,0,6692,0,2,0,-2596,2,1046,10,11674
2026/05/31,14:30,11674,0,3728,1826,0,216,0,880,2,390,0,5812,0,2,0,-2400,4,1210,4,11674
2026/05/31,15:00,11696,0,3326,1988,0,214,0,1058,2,388,0,5558,0,6,0,-1808,2,956,6,11696
2026/05/31,15:30,11738,0,3760,1934,0,210,0,1134,2,394,0,5018,0,8,0,-1518,2,786,8,11738
2026/05/31,16:00,11736,0,3808,1970,0,210,0,1240,2,388,0,4482,0,8,0,-952,0,550,30,11736
2026/05/31,16:30,11896,0,4732,2066,0,212,0,1362,0,390,0,3266,0,8,0,-416,2,230,44,11896
2026/05/31,17:00,12090,0,5168,2080,0,220,0,1574,2,388,0,1992,0,12,0,-24,4,594,80,12090
2026/05/31,17:30,12058,0,5776,2088,0,238,0,1624,0,392,0,946,0,14,0,452,14,430,84,12058
2026/05/31,18:00,12204,0,5892,2084,0,240,0,1764,2,390,0,254,0,16,0,1012,18,446,86,12204
2026/05/31,18:30,12042,0,5586,2082,0,238,0,1796,2,398,0,28,0,24,0,1006,24,774,84,12042
2026/05/31,19:00,12246,0,5644,2086,0,240,0,1902,2,392,0,0,0,16,0,772,32,1076,84,12246
2026/05/31,19:30,11986,0,5632,2080,0,240,0,1912,2,400,0,0,0,12,0,772,30,820,86,11986
2026/05/31,20:00,11872,0,5786,2086,0,242,0,1786,0,394,0,0,0,6,0,682,18,788,84,11872
2026/05/31,20:30,11646,0,5512,2084,0,242,0,1732,2,400,0,0,0,10,0,546,16,1022,80,11646
2026/05/31,21:00,11462,0,5948,2090,0,242,0,1492,2,392,0,0,0,16,0,284,6,910,80,11462
2026/05/31,21:30,11108,0,5686,2086,0,242,0,1468,2,398,0,0,0,20,0,208,4,918,76,11108
2026/05/31,22:00,10844,0,5524,2098,0,244,0,1408,2,392,0,0,0,26,0,188,0,920,42,10844
2026/05/31,22:30,10552,0,5678,2090,0,242,0,1290,2,400,0,0,0,12,0,164,6,648,20,10552
2026/05/31,23:00,10362,0,5292,2098,0,242,0,1280,2,396,0,0,0,10,0,172,2,848,20,10362
2026/05/31,23:30,10146,0,5384,2092,0,242,0,1280,0,398,0,0,0,8,0,158,4,558,22,10146
