単位[MW平均],,,供給力,,,,,,,,,,,,,,,,,,
DATE,TIME,エリア需要,原子力,火力(LNG),火力(石炭),火力(石油),火力(その他),火力出力制御量,水力,地熱,バイオマス,バイオマス出力制御量,太陽光発電実績,太陽光出力制御量,風力発電実績,風力出力制御量,揚水,蓄電池,連系線,その他,合計
2026/07/01,00:00,13094,0,4674,3304,0,448,0,1954,2,486,0,0,0,8,0,258,2,1820,138,13094
2026/07/01,00:30,12620,0,3682,3324,0,420,0,1946,2,488,0,0,0,12,0,110,0,2494,142,12620
2026/07/01,01:00,12306,0,3672,3378,0,416,0,1930,2,482,0,0,0,10,0,40,2,2230,144,12306
2026/07/01,01:30,12074,0,3876,3372,0,414,0,1936,2,494,0,0,0,8,0,36,4,1782,150,12074
2026/07/01,02:00,11998,0,3062,3442,0,420,0,1916,2,486,0,0,0,8,0,34,0,2484,144,11998
2026/07/01,02:30,11878,0,3044,3462,0,420,0,1898,0,490,0,0,0,4,0,32,2,2406,120,11878
2026/07/01,03:00,12052,0,3228,3516,0,422,0,1958,2,488,0,0,0,4,0,40,0,2268,126,12052
2026/07/01,03:30,11980,0,2854,3588,0,422,0,1938,2,494,0,0,0,4,0,38,2,2514,124,11980
2026/07/01,04:00,12170,0,2954,3608,0,420,0,1946,2,486,0,0,0,4,0,38,0,2580,132,12170
2026/07/01,04:30,12128,0,2962,3684,0,426,0,1936,2,492,0,14,0,0,0,36,4,2442,130,12128
2026/07/01,05:00,12058,0,2684,3760,0,426,0,1942,2,488,0,154,0,0,0,-60,0,2530,132,12058
2026/07/01,05:30,11898,0,2646,3814,0,438,0,1940,0,488,0,566,0,0,0,-208,0,2088,126,11898
2026/07/01,06:00,12032,0,2720,3820,0,414,0,1892,2,484,0,1102,0,0,0,-346,2,1808,134,12032
2026/07/01,06:30,12402,0,2750,3826,0,424,0,1888,2,492,0,1730,0,0,0,-316,2,1478,126,12402
2026/07/01,07:00,13120,0,2910,3716,0,412,0,1886,2,484,0,2356,0,2,0,-354,4,1572,130,13120
2026/07/01,07:30,13954,0,3608,3548,0,422,0,1882,2,484,0,3050,0,0,0,-776,4,1606,124,13954
2026/07/01,08:00,15180,0,3906,3852,0,454,0,1888,0,486,0,3264,0,0,0,-674,2,1870,132,15180
2026/07/01,08:30,16406,0,3704,3918,0,452,0,1904,2,480,0,3428,0,2,0,-10,6,2394,126,16406
2026/07/01,09:00,17252,0,4712,3940,0,416,0,1950,2,478,0,3606,0,4,0,42,10,1922,170,17252
2026/07/01,09:30,17596,0,4848,3924,0,416,0,1952,0,482,0,3806,0,8,0,166,4,1820,170,17596
2026/07/01,10:00,17844,0,4898,3946,0,420,0,1960,2,478,0,3978,0,2,0,224,10,1752,174,17844
2026/07/01,10:30,17966,0,4956,3918,0,416,0,1946,2,478,0,3812,0,10,0,444,22,1790,172,17966
2026/07/01,11:00,17964,0,5074,3944,0,410,0,1894,2,478,0,3520,0,12,0,576,14,1876,164,17964
2026/07/01,11:30,17968,0,5116,3914,0,398,0,1900,2,482,0,3314,0,10,0,728,12,1928,164,17968
2026/07/01,12:00,17138,0,4928,3946,0,396,0,1900,0,478,0,2978,0,8,0,454,6,1880,164,17138
2026/07/01,12:30,16932,0,4796,3928,0,398,0,1922,2,480,0,2722,0,4,0,388,6,2116,170,16932
2026/07/01,13:00,17872,0,5552,3942,0,388,0,1962,2,476,0,2522,0,0,0,1178,10,1666,174,17872
2026/07/01,13:30,18118,0,6024,3924,0,404,0,1984,2,482,0,1964,0,0,0,1582,14,1564,174,18118
2026/07/01,14:00,18152,0,5614,3940,0,408,0,2026,2,478,0,1560,0,2,0,714,12,3214,182,18152
2026/07/01,14:30,17900,0,5996,3926,0,396,0,2008,2,484,0,1260,0,0,0,292,10,3344,182,17900
2026/07/01,15:00,17730,0,5934,3940,0,398,0,2020,0,480,0,1060,0,0,0,292,10,3406,190,17730
2026/07/01,15:30,17632,0,5984,3924,0,420,0,2028,2,482,0,942,0,2,0,298,4,3360,186,17632
2026/07/01,16:00,17498,0,6128,3946,0,430,0,2120,2,480,0,772,0,2,0,296,6,3126,190,17498
2026/07/01,16:30,17048,0,5600,3920,0,436,0,2168,2,488,0,582,0,6,0,194,18,3450,184,17048
2026/07/01,17:00,16416,0,5360,3948,0,436,0,2122,2,484,0,310,0,6,0,150,8,3400,190,16416
2026/07/01,17:30,16252,0,6190,3922,0,434,0,2136,0,486,0,156,0,6,0,196,8,2530,188,16252
2026/07/01,18:00,16014,0,6138,3944,0,430,0,2130,2,480,0,48,0,10,0,258,10,2376,188,16014
2026/07/01,18:30,15932,0,6334,3922,0,426,0,2102,2,488,0,14,0,22,0,536,12,1888,186,15932
2026/07/01,19:00,15596,0,5604,3946,0,426,0,2088,0,488,0,0,0,32,0,398,16,2414,184,15596
2026/07/01,19:30,15206,0,5706,3920,0,430,0,2080,2,484,0,0,0,34,0,150,12,2212,176,15206
2026/07/01,20:00,14950,0,6036,3942,0,428,0,2058,2,488,0,0,0,36,0,152,10,1622,176,14950
2026/07/01,20:30,14686,0,6000,3818,0,424,0,2072,2,488,0,0,0,42,0,146,10,1506,178,14686
2026/07/01,21:00,14514,0,5888,3808,0,436,0,2010,2,484,0,0,0,66,0,146,8,1488,178,14514
2026/07/01,21:30,14380,0,5722,3780,0,428,0,1992,2,490,0,0,0,74,0,134,6,1572,180,14380
2026/07/01,22:00,14112,0,5514,3800,0,428,0,1986,0,482,0,0,0,92,0,118,8,1504,180,14112
2026/07/01,22:30,13878,0,5386,3782,0,414,0,1974,2,490,0,0,0,106,0,72,4,1476,172,13878
2026/07/01,23:00,13690,0,5476,3800,0,410,0,1996,2,480,0,0,0,106,0,76,10,1152,182,13690
2026/07/01,23:30,13440,0,5020,3846,0,408,0,1974,2,490,0,0,0,122,0,74,2,1324,178,13440
2026/07/02,00:00,12920,0,4680,3936,0,408,0,1966,2,482,0,0,0,124,0,-104,0,1240,186,12920
2026/07/02,00:30,12490,0,4292,3928,0,406,0,1944,2,488,0,0,0,110,0,-374,0,1516,178,12490
2026/07/02,01:00,12304,0,3908,3940,0,408,0,1948,2,484,0,0,0,112,0,-396,2,1706,190,12304
2026/07/02,01:30,11950,0,3476,3934,0,402,0,1948,0,490,0,0,0,98,0,-398,0,1814,186,11950
2026/07/02,02:00,12076,0,3984,3952,0,406,0,1940,2,482,0,0,0,92,0,-392,2,1412,196,12076
2026/07/02,02:30,12040,0,3954,3930,0,418,0,1932,2,488,0,0,0,88,0,-390,0,1432,186,12040
2026/07/02,03:00,12234,0,4236,3954,0,456,0,1940,2,480,0,0,0,80,0,-392,0,1276,202,12234
2026/07/02,03:30,12128,0,3624,3930,0,430,0,1892,2,490,0,0,0,84,0,-390,2,1864,200,12128
2026/07/02,04:00,12370,0,3704,3952,0,422,0,1864,2,480,0,0,0,86,0,-388,0,2042,206,12370
2026/07/02,04:30,12472,0,3712,3934,0,420,0,1844,0,492,0,6,0,102,0,-390,0,2142,210,12472
2026/07/02,05:00,12680,0,3634,3954,0,422,0,1838,2,480,0,14,0,118,0,-384,0,2378,224,12680
2026/07/02,05:30,12568,0,3742,3928,0,406,0,1838,2,492,0,38,0,106,0,-398,2,2194,218,12568
2026/07/02,06:00,12830,0,4256,3952,0,408,0,1812,2,480,0,64,0,108,0,-380,2,1946,180,12830
2026/07/02,06:30,13216,0,4348,3924,0,412,0,1822,2,486,0,160,0,86,0,-388,2,2192,170,13216
2026/07/02,07:00,13746,0,4642,3954,0,420,0,1802,0,482,0,294,0,62,0,-298,6,2198,184,13746
2026/07/02,07:30,14460,0,5186,3934,0,402,0,1790,2,490,0,500,0,68,0,86,4,1818,180,14460
2026/07/02,08:00,15728,0,5808,3960,0,404,0,1742,2,482,0,742,0,76,0,290,4,2040,178,15728
2026/07/02,08:30,16652,0,6546,3934,0,418,0,1700,2,490,0,1298,0,60,0,522,12,1490,180,16652
2026/07/02,09:00,17482,0,6846,3942,0,450,0,1674,2,486,0,2194,0,48,0,228,6,1424,182,17482
2026/07/02,09:30,17802,0,7012,3930,0,434,0,1664,0,492,0,2862,0,50,0,194,2,978,184,17802
2026/07/02,10:00,17944,0,6334,3952,0,402,0,1660,2,492,0,3276,0,40,0,196,6,1402,182,17944
2026/07/02,10:30,18160,0,6046,3930,0,378,0,1688,2,484,0,3780,0,32,0,192,4,1442,182,18160
2026/07/02,11:00,18230,0,6026,3952,0,374,0,1670,2,476,0,3902,0,28,0,198,4,1408,190,18230
2026/07/02,11:30,18136,0,5752,3934,0,360,0,1660,2,478,0,3970,0,40,0,202,10,1544,184,18136
2026/07/02,12:00,17238,0,4840,3944,0,376,0,1664,2,474,0,3708,0,52,0,196,4,1790,188,17238
2026/07/02,12:30,17072,0,4384,3932,0,364,0,1652,0,484,0,3852,0,52,0,80,4,2088,180,17072
2026/07/02,13:00,17980,0,4070,3944,0,358,0,1656,2,480,0,4674,0,64,0,72,12,2470,178,17980
2026/07/02,13:30,18570,0,4222,3934,0,368,0,1662,2,484,0,5858,0,78,0,70,4,1716,172,18570
2026/07/02,14:00,18886,0,4246,3948,0,364,0,1668,2,482,0,6376,0,88,0,-72,14,1596,174,18886
2026/07/02,14:30,18874,0,4836,3930,0,384,0,1658,2,482,0,5840,0,100,0,10,14,1446,172,18874
2026/07/02,15:00,18620,0,5116,3952,0,404,0,1686,0,478,0,4784,0,96,0,192,14,1726,172,18620
2026/07/02,15:30,18712,0,5906,3936,0,428,0,1676,2,488,0,3944,0,94,0,320,22,1728,168,18712
2026/07/02,16:00,18722,0,5982,3950,0,436,0,1746,0,480,0,3044,0,108,0,518,34,2252,172,18722
2026/07/02,16:30,18304,0,5784,3932,0,450,0,1746,2,482,0,2124,0,114,0,698,22,2782,168,18304
2026/07/02,17:00,17696,0,5844,3954,0,430,0,1756,2,478,0,1364,0,124,0,574,8,2986,176,17696
2026/07/02,17:30,17276,0,5750,3926,0,424,0,1762,2,500,0,784,0,108,0,604,16,3228,172,17276
2026/07/02,18:00,16846,0,6034,3954,0,426,0,1802,2,510,0,356,0,104,0,798,18,2668,174,16846
2026/07/02,18:30,16656,0,6076,3928,0,424,0,1804,2,526,0,94,0,168,0,974,14,2476,170,16656
2026/07/02,19:00,16266,0,6096,3954,0,422,0,1802,0,526,0,0,0,192,0,968,16,2108,182,16266
2026/07/02,19:30,15966,0,5680,3934,0,422,0,1798,2,538,0,0,0,188,0,660,10,2556,178,15966
2026/07/02,20:00,15512,0,5668,3950,0,424,0,1760,2,542,0,0,0,164,0,464,4,2354,180,15512
2026/07/02,20:30,15226,0,5390,3936,0,422,0,1746,2,554,0,0,0,136,0,320,4,2536,180,15226
2026/07/02,21:00,14924,0,5154,3950,0,420,0,1766,2,546,0,0,0,136,0,174,0,2594,182,14924
2026/07/02,21:30,14638,0,5130,3924,0,422,0,1772,2,552,0,0,0,150,0,172,0,2338,176,14638
2026/07/02,22:00,14334,0,5124,3952,0,402,0,1766,0,546,0,0,0,154,0,98,2,2110,180,14334
2026/07/02,22:30,13920,0,4844,3924,0,404,0,1780,2,556,0,0,0,136,0,74,0,2020,180,13920
2026/07/02,23:00,13790,0,5082,3954,0,398,0,1790,2,544,0,0,0,122,0,80,0,1638,180,13790
2026/07/02,23:30,13454,0,4766,3942,0,404,0,1808,0,560,0,0,0,126,0,80,0,1588,180,13454
2026/07/03,00:00,12932,0,3678,3942,0,400,0,1800,2,552,0,0,0,122,0,96,0,2152,188,12932
2026/07/03,00:30,12442,0,3470,3920,0,402,0,1770,2,554,0,0,0,118,0,-68,0,2082,192,12442
2026/07/03,01:00,12234,0,3338,3944,0,402,0,1742,2,548,0,0,0,92,0,16,0,1954,196,12234
2026/07/03,01:30,11998,0,3162,3928,0,410,0,1730,2,556,0,0,0,124,0,52,2,1840,192,11998
2026/07/03,02:00,11868,0,3162,3946,0,404,0,1740,0,550,0,0,0,130,0,-162,0,1902,196,11868
2026/07/03,02:30,11908,0,3432,3918,0,402,0,1752,2,556,0,0,0,116,0,-160,0,1698,192,11908
2026/07/03,03:00,12024,0,3232,3954,0,404,0,1764,2,550,0,0,0,104,0,-64,0,1888,190,12024
2026/07/03,03:30,11988,0,3050,3928,0,400,0,1762,2,554,0,0,0,106,0,-64,2,2088,160,11988
2026/07/03,04:00,12048,0,2966,3956,0,406,0,1778,2,548,0,0,0,66,0,-64,0,2224,166,12048
2026/07/03,04:30,12088,0,3192,3924,0,404,0,1770,2,554,0,8,0,72,0,-60,2,2064,156,12088
2026/07/03,05:00,12128,0,3264,3954,0,400,0,1784,0,544,0,78,0,88,0,-66,0,1920,162,12128
2026/07/03,05:30,12090,0,3026,3928,0,398,0,1774,2,552,0,478,0,92,0,-304,0,1986,158,12090
2026/07/03,06:00,12410,0,3262,3950,0,402,0,1774,0,542,0,1194,0,96,0,-396,0,1424,162,12410
2026/07/03,06:30,12774,0,2952,3908,0,398,0,1768,2,546,0,2098,0,82,0,-512,0,1374,158,12774
2026/07/03,07:00,13484,0,2924,3606,0,394,0,1770,2,544,0,2992,0,78,0,-814,0,1834,154,13484
2026/07/03,07:30,14226,0,2996,3452,0,396,0,1766,2,550,0,3868,0,90,0,-700,4,1644,158,14226
2026/07/03,08:00,15584,0,2882,3536,0,406,0,1780,2,544,0,4764,0,98,0,-610,2,1988,192,15584
2026/07/03,08:30,16834,0,3190,3662,0,400,0,1788,2,540,0,5694,0,94,0,-656,6,1926,188,16834
2026/07/03,09:00,17904,0,3574,3910,0,402,0,1814,2,544,0,6504,3,76,0,-744,12,1652,158,17904
2026/07/03,09:30,18188,0,3592,3906,0,398,0,1804,0,542,0,6780,4,58,0,-838,6,1798,142,18188
2026/07/03,10:00,18270,0,3526,3928,0,396,0,1812,2,536,0,6804,4,46,0,-832,0,1916,136,18270
2026/07/03,10:30,18380,0,3288,3904,0,394,0,1826,2,546,0,7098,4,54,0,-836,2,1990,112,18380
2026/07/03,11:00,18352,0,3420,3932,0,400,0,1832,2,538,0,7156,0,46,0,-830,2,1742,112,18352
2026/07/03,11:30,18496,0,3510,3906,0,400,0,1844,2,546,0,7318,0,30,0,-834,0,1668,106,18496
2026/07/03,12:00,17648,0,3028,3618,0,396,0,1838,0,538,0,7398,0,26,0,-1090,0,1784,112,17648
2026/07/03,12:30,17426,0,2988,3386,0,406,0,1860,2,546,0,7410,0,22,0,-1046,2,1738,112,17426
2026/07/03,13:00,18524,0,3042,3624,0,404,0,1862,0,540,0,7470,0,22,0,-370,0,1816,114,18524
2026/07/03,13:30,18896,0,3228,3876,0,396,0,1872,2,542,0,7360,0,22,0,-290,2,1774,112,18896
2026/07/03,14:00,18886,0,3306,3914,0,400,0,1866,2,536,0,6952,0,22,0,-32,4,1800,116,18886
2026/07/03,14:30,18814,0,3998,3908,0,400,0,1936,2,544,0,6428,0,22,0,78,6,1382,110,18814
2026/07/03,15:00,18494,0,4358,3934,0,402,0,1944,2,542,0,5664,0,22,0,80,8,1426,112,18494
2026/07/03,15:30,18392,0,5174,3918,0,404,0,1964,2,552,0,4810,0,26,0,78,8,1346,110,18392
2026/07/03,16:00,18334,0,5490,3954,0,412,0,1990,0,548,0,3818,0,28,0,300,12,1654,128,18334
2026/07/03,16:30,17890,0,5486,3930,0,408,0,2058,2,550,0,2754,0,16,0,844,8,1702,132,17890
2026/07/03,17:00,17186,0,5318,3960,0,404,0,2092,0,552,0,1886,0,18,0,954,10,1854,138,17186
2026/07/03,17:30,16744,0,5634,3928,0,432,0,2090,2,554,0,956,0,10,0,1210,18,1784,126,16744
2026/07/03,18:00,16408,0,5664,3956,0,428,0,2090,2,550,0,314,0,6,0,1544,26,1700,128,16408
2026/07/03,18:30,16118,0,5396,3932,0,426,0,2116,2,556,0,68,0,4,0,1732,14,1746,126,16118
2026/07/03,19:00,15902,0,5690,3954,0,422,0,2066,0,552,0,0,0,6,0,1484,26,1562,140,15902
2026/07/03,19:30,15564,0,5386,3932,0,424,0,2092,2,556,0,0,0,4,0,1292,18,1726,132,15564
2026/07/03,20:00,15250,0,4934,3954,0,426,0,2102,2,550,0,0,0,6,0,1034,14,2092,136,15250
2026/07/03,20:30,14894,0,4204,3928,0,424,0,2110,2,552,0,0,0,6,0,840,8,2688,132,14894
2026/07/03,21:00,14606,0,3764,3946,0,406,0,2094,2,550,0,0,0,8,0,836,2,2862,136,14606
2026/07/03,21:30,14400,0,3812,3938,0,406,0,2100,2,552,0,0,0,10,0,680,2,2762,136,14400
2026/07/03,22:00,14204,0,3502,3948,0,396,0,2080,0,548,0,0,0,12,0,704,2,2864,148,14204
2026/07/03,22:30,13940,0,3642,3938,0,400,0,1998,2,554,0,0,0,12,0,726,0,2528,140,13940
2026/07/03,23:00,13740,0,3588,3948,0,396,0,1946,2,548,0,0,0,10,0,648,0,2508,146,13740
2026/07/03,23:30,13376,0,3442,3942,0,394,0,2000,2,558,0,0,0,14,0,634,0,2248,142,13376
2026/07/04,00:00,12926,0,3670,3948,0,398,0,1976,2,548,0,0,0,12,0,706,0,1522,144,12926
2026/07/04,00:30,12468,0,3222,3936,0,398,0,1984,2,556,0,0,0,16,0,182,2,2026,144,12468
2026/07/04,01:00,12096,0,3264,3948,0,398,0,1970,2,548,0,0,0,12,0,154,2,1650,148,12096
2026/07/04,01:30,11990,0,3022,3942,0,398,0,1956,0,552,0,0,0,10,0,54,0,1914,142,11990
2026/07/04,02:00,11696,0,2790,3792,0,404,0,2006,2,546,0,0,0,12,0,60,0,1932,152,11696
2026/07/04,02:30,11772,0,2896,3756,0,400,0,2016,2,550,0,0,0,10,0,56,0,1944,142,11772
2026/07/04,03:00,11758,0,2944,3792,0,400,0,2020,2,552,0,0,0,10,0,112,2,1772,152,11758
2026/07/04,03:30,11834,0,2920,3858,0,404,0,2018,2,552,0,0,0,14,0,112,2,1800,152,11834
2026/07/04,04:00,11750,0,2890,3578,0,398,0,2002,2,550,0,0,0,14,0,154,0,2000,162,11750
2026/07/04,04:30,11716,0,3252,3226,0,404,0,1998,0,556,0,8,0,8,0,132,2,1978,152,11716
2026/07/04,05:00,11498,0,3036,3028,0,398,0,1910,2,550,0,48,0,10,0,120,0,2246,150,11498
2026/07/04,05:30,11200,0,3068,2418,0,394,0,1916,0,552,0,268,0,4,0,54,2,2402,122,11200
2026/07/04,06:00,10824,0,2552,2114,0,390,0,1912,2,550,0,588,0,10,0,-58,0,2638,126,10824
2026/07/04,06:30,10778,0,2688,2100,0,392,0,1920,2,558,0,1056,0,6,0,-532,2,2462,124,10778
2026/07/04,07:00,10904,0,2760,2136,0,382,0,1906,2,548,0,1482,0,10,0,-1212,0,2750,140,10904
2026/07/04,07:30,11238,0,3272,2288,0,386,0,1892,2,552,0,1980,0,6,0,-1144,6,1866,132,11238
2026/07/04,08:00,11838,0,3274,2352,0,392,0,1886,2,548,0,2726,0,6,0,-726,2,1264,112,11838
2026/07/04,08:30,12444,0,2768,2128,0,386,0,1868,0,548,0,3268,0,2,0,-524,6,1884,110,12444
2026/07/04,09:00,12820,0,2870,2330,0,390,0,1834,2,548,0,3996,0,4,0,-288,0,1024,110,12820
2026/07/04,09:30,13178,0,2568,2344,0,384,0,1834,2,550,0,4444,0,6,0,-270,0,1204,112,13178
2026/07/04,10:00,13052,0,2460,2322,0,386,0,1820,2,544,0,4446,0,8,0,-642,4,1590,112,13052
2026/07/04,10:30,13214,0,2568,2418,0,386,0,1834,2,554,0,4350,0,20,0,-1018,12,1976,112,13214
2026/07/04,11:00,13276,0,2988,2794,0,386,0,1838,2,548,0,4670,0,18,0,-1264,12,1138,146,13276
2026/07/04,11:30,13358,0,3164,3226,0,390,0,1856,0,552,0,4614,0,18,0,-720,2,116,140,13358
2026/07/04,12:00,13276,0,2466,3262,0,386,0,1836,0,544,0,4570,0,22,0,-88,2,108,168,13276
2026/07/04,12:30,13136,0,2582,3200,0,390,0,1844,2,552,0,4506,0,26,0,-354,2,224,162,13136
2026/07/04,13:00,13368,0,2804,3496,0,384,0,1844,2,546,0,4072,0,24,0,-412,0,422,186,13368
2026/07/04,13:30,13240,0,2726,3592,0,382,0,1824,2,552,0,3366,0,26,0,-402,2,984,186,13240
2026/07/04,14:00,13170,0,2962,3794,0,384,0,1824,2,550,0,2586,0,42,0,-294,2,1126,192,13170
2026/07/04,14:30,12910,0,2722,3782,0,390,0,1830,2,548,0,2188,0,60,0,-176,4,1376,184,12910
2026/07/04,15:00,12822,0,2804,3900,0,398,0,1880,0,542,0,1734,0,66,0,48,2,1260,188,12822
2026/07/04,15:30,12936,0,2962,3942,0,396,0,1886,2,548,0,1296,0,56,0,358,8,1298,184,12936
2026/07/04,16:00,12912,0,2712,3946,0,386,0,1916,2,544,0,940,0,66,0,524,6,1680,190,12912
2026/07/04,16:30,12812,0,2782,3940,0,390,0,1964,2,550,0,618,0,66,0,530,8,1774,188,12812
2026/07/04,17:00,12838,0,3038,3944,0,398,0,2012,2,548,0,346,0,52,0,488,4,1816,190,12838
2026/07/04,17:30,12846,0,3286,3944,0,400,0,2088,0,552,0,190,0,52,0,516,22,1604,192,12846
2026/07/04,18:00,12976,0,3320,3942,0,400,0,2136,2,548,0,44,0,44,0,632,22,1666,220,12976
2026/07/04,18:30,12952,0,3200,3936,0,406,0,2128,0,556,0,10,0,44,0,636,24,1786,226,12952
2026/07/04,19:00,12968,0,3228,3950,0,408,0,2098,2,546,0,0,0,38,0,644,30,1790,234,12968
2026/07/04,19:30,12800,0,2970,3940,0,402,0,2124,2,556,0,0,0,34,0,834,20,1688,230,12800
2026/07/04,20:00,12576,0,2822,3946,0,406,0,2158,2,548,0,0,0,44,0,712,14,1686,238,12576
2026/07/04,20:30,12396,0,2782,3942,0,410,0,2088,2,550,0,0,0,46,0,796,14,1532,234,12396
2026/07/04,21:00,12014,0,2564,3940,0,408,0,1976,2,548,0,0,0,42,0,646,6,1644,238,12014
2026/07/04,21:30,11746,0,2338,3926,0,402,0,1962,2,548,0,0,0,44,0,562,6,1718,238,11746
2026/07/04,22:00,11410,0,2382,3824,0,404,0,1968,0,550,0,0,0,40,0,512,4,1488,238,11410
2026/07/04,22:30,11348,0,2438,3692,0,418,0,1960,2,552,0,0,0,32,0,478,10,1532,234,11348
2026/07/04,23:00,11128,0,2466,3606,0,406,0,1962,0,546,0,0,0,26,0,530,10,1338,238,11128
2026/07/04,23:30,11024,0,2500,3434,0,404,0,1954,2,556,0,0,0,28,0,606,10,1298,232,11024
2026/07/05,00:00,10528,0,2468,3198,0,398,0,1950,2,548,0,0,0,30,0,520,2,1182,230,10528
2026/07/05,00:30,10304,0,2514,2822,0,404,0,1940,2,552,0,0,0,30,0,618,6,1190,226,10304
2026/07/05,01:00,9906,0,2446,2814,0,398,0,1952,2,546,0,0,0,40,0,292,2,1188,226,9906
2026/07/05,01:30,9890,0,2532,2768,0,386,0,1942,0,550,0,0,0,44,0,202,4,1238,224,9890
2026/07/05,02:00,9772,0,2492,2762,0,388,0,1942,2,542,0,0,0,38,0,134,4,1258,210,9772
2026/07/05,02:30,9958,0,2596,2764,0,384,0,1946,2,550,0,0,0,40,0,148,4,1328,196,9958
2026/07/05,03:00,10116,0,2732,2782,0,384,0,2000,2,544,0,0,0,48,0,148,2,1268,206,10116
2026/07/05,03:30,10226,0,2702,2988,0,388,0,1980,2,548,0,0,0,46,0,148,6,1210,208,10226
2026/07/05,04:00,10228,0,2540,3206,0,386,0,1996,2,546,0,0,0,28,0,150,4,1152,218,10228
2026/07/05,04:30,10398,0,2738,3096,0,392,0,1990,0,546,0,8,0,34,0,154,8,1224,208,10398
2026/07/05,05:00,10216,0,2618,2996,0,392,0,1920,2,542,0,42,0,30,0,152,8,1300,214,10216
2026/07/05,05:30,10082,0,2506,2568,0,390,0,1896,0,542,0,164,0,26,0,142,2,1638,208,10082
2026/07/05,06:00,9848,0,2720,2264,0,388,0,1898,2,542,0,406,0,28,0,176,14,1236,174,9848
2026/07/05,06:30,9840,0,2542,1942,0,386,0,1896,2,546,0,774,0,40,0,178,4,1358,172,9840
2026/07/05,07:00,9912,0,2506,1700,0,382,0,1898,2,540,0,1188,0,30,0,-110,4,1598,174,9912
2026/07/05,07:30,10172,0,2564,1448,0,382,0,1898,2,548,0,1540,0,46,0,-724,8,2292,168,10172
2026/07/05,08:00,10512,0,3068,1516,0,378,0,1886,2,546,0,1872,0,34,0,-572,10,1598,174,10512
2026/07/05,08:30,10976,0,3086,1918,0,384,0,1886,0,546,0,2428,0,30,0,-376,4,904,166,10976
2026/07/05,09:00,11260,0,2886,2182,0,384,0,1886,2,544,0,2908,0,34,0,-298,6,560,166,11260
2026/07/05,09:30,11354,0,3074,2474,0,388,0,1896,2,548,0,3038,0,48,0,-314,6,44,150,11354
2026/07/05,10:00,11512,0,2530,2824,0,388,0,1892,2,542,0,3178,0,40,0,-370,10,342,134,11512
2026/07/05,10:30,11476,0,2796,2860,0,380,0,1890,2,548,0,3276,0,38,0,-716,10,260,132,11476
2026/07/05,11:00,11794,0,2916,3140,0,378,0,1898,0,546,0,3444,0,32,0,-794,8,90,136,11794
2026/07/05,11:30,11730,0,3048,3420,0,380,0,1884,2,546,0,2990,0,30,0,-660,6,-46,130,11730
2026/07/05,12:00,11788,0,2936,3434,0,376,0,1904,0,540,0,2546,0,28,0,-584,6,470,132,11788
2026/07/05,12:30,11770,0,3044,3576,0,380,0,1894,2,544,0,2136,0,44,0,-566,18,568,130,11770
2026/07/05,13:00,12004,0,2886,3676,0,374,0,1894,2,544,0,1898,0,56,0,-458,2,982,148,12004
2026/07/05,13:30,11870,0,2742,3490,0,382,0,1860,2,544,0,1660,0,76,0,-624,8,1562,168,11870
2026/07/05,14:00,11894,0,2896,3372,0,388,0,1878,2,544,0,1406,0,90,0,-1016,4,2158,172,11894
2026/07/05,14:30,11714,0,3236,3268,0,384,0,1872,2,542,0,1266,0,78,0,-1362,2,2254,172,11714
2026/07/05,15:00,11758,0,3870,3180,0,396,0,1902,0,542,0,1064,0,80,0,-1144,2,1686,180,11758
2026/07/05,15:30,11818,0,3640,3218,0,396,0,1908,2,546,0,976,0,94,0,-800,4,1652,182,11818
2026/07/05,16:00,11948,0,3930,3358,0,388,0,1952,0,540,0,758,0,102,0,-452,4,1180,188,11948
2026/07/05,16:30,12100,0,3634,3538,0,384,0,1984,2,544,0,532,0,100,0,-18,6,1208,186,12100
2026/07/05,17:00,12190,0,3502,3658,0,382,0,2014,2,542,0,332,0,100,0,52,4,1404,198,12190
2026/07/05,17:30,12514,0,3454,3890,0,390,0,2054,2,546,0,184,0,100,0,224,14,1464,192,12514
2026/07/05,18:00,12514,0,3520,3930,0,398,0,2056,2,544,0,74,0,86,0,254,12,1438,200,12514
2026/07/05,18:30,12704,0,3442,3944,0,414,0,2062,0,546,0,18,0,96,0,516,8,1460,198,12704
2026/07/05,19:00,12582,0,3486,3936,0,406,0,2102,2,544,0,0,0,98,0,556,10,1210,232,12582
2026/07/05,19:30,12564,0,3384,3904,0,402,0,2088,2,544,0,0,0,114,0,580,10,1300,236,12564
2026/07/05,20:00,12250,0,3402,3614,0,426,0,2092,2,542,0,0,0,104,0,338,8,1486,236,12250
2026/07/05,20:30,12128,0,3384,3600,0,410,0,2048,2,540,0,0,0,100,0,370,8,1438,228,12128
2026/07/05,21:00,11860,0,3400,3596,0,392,0,1946,2,536,0,0,0,98,0,350,4,1302,234,11860
2026/07/05,21:30,11670,0,3382,3602,0,384,0,1940,0,546,0,0,0,96,0,364,8,1124,224,11670
2026/07/05,22:00,11420,0,3396,3086,0,390,0,1958,2,542,0,0,0,84,0,352,2,1384,224,11420
2026/07/05,22:30,11142,0,3382,2872,0,386,0,1950,0,550,0,0,0,74,0,296,0,1412,220,11142
2026/07/05,23:00,11070,0,3444,2892,0,384,0,1968,2,544,0,0,0,60,0,364,4,1182,226,11070
2026/07/05,23:30,10754,0,3388,2952,0,388,0,1954,2,550,0,0,0,54,0,62,0,1188,216,10754
2026/07/06,00:00,10522,0,3404,2904,0,384,0,1954,2,544,0,0,0,52,0,-268,2,1318,226,10522
2026/07/06,00:30,10166,0,3386,2764,0,384,0,1948,2,548,0,0,0,52,0,-566,2,1432,214,10166
2026/07/06,01:00,9902,0,3560,2726,0,378,0,1966,2,544,0,0,0,88,0,-864,2,1274,226,9902
2026/07/06,01:30,9882,0,3674,2882,0,378,0,1964,0,554,0,0,0,74,0,-892,6,1022,220,9882
2026/07/06,02:00,9708,0,3450,3068,0,386,0,1976,2,546,0,0,0,62,0,-954,2,944,226,9708
2026/07/06,02:30,10088,0,3388,3256,0,396,0,1972,0,550,0,0,0,54,0,-938,4,1182,224,10088
2026/07/06,03:00,10146,0,3396,3042,0,398,0,2040,2,550,0,0,0,76,0,-1010,4,1412,236,10146
2026/07/06,03:30,10524,0,3562,3306,0,398,0,2022,2,552,0,0,0,80,0,-1012,6,1376,232,10524
2026/07/06,04:00,10494,0,3206,3420,0,394,0,2020,2,548,0,0,0,80,0,-916,2,1498,240,10494
2026/07/06,04:30,10794,0,2882,3574,0,400,0,2020,2,552,0,8,0,78,0,-682,6,1724,230,10794
2026/07/06,05:00,10906,0,2634,3574,0,398,0,1980,2,546,0,12,0,90,0,-552,0,2020,202,10906
2026/07/06,05:30,11144,0,2640,3676,0,396,0,1974,0,550,0,50,0,76,0,-388,2,1972,196,11144
2026/07/06,06:00,11348,0,2572,3666,0,398,0,1980,2,544,0,152,0,78,0,-408,2,2190,172,11348
2026/07/06,06:30,11888,0,3040,3762,0,402,0,1964,2,550,0,302,0,76,0,-130,2,1748,170,11888
2026/07/06,07:00,12724,0,2652,3900,0,394,0,1970,2,540,0,486,0,74,0,48,0,2490,168,12724
2026/07/06,07:30,13482,0,2786,3942,0,396,0,1966,2,548,0,742,0,62,0,42,2,2830,164,13482
2026/07/06,08:00,14642,0,3418,3944,0,402,0,2004,2,542,0,1094,0,70,0,108,2,2890,166,14642
2026/07/06,08:30,15910,0,4322,3934,0,436,0,2014,0,548,0,1390,0,72,0,466,6,2556,166,15910
2026/07/06,09:00,16714,0,4322,3956,0,430,0,1828,2,540,0,1482,0,88,0,434,8,3454,170,16714
2026/07/06,09:30,17066,0,4258,3936,0,418,0,1820,0,548,0,1612,0,88,0,256,8,3956,166,17066
2026/07/06,10:00,17012,0,4198,3948,0,416,0,1832,2,536,0,1754,0,100,0,518,8,3518,182,17012
2026/07/06,10:30,17152,0,4546,3944,0,416,0,1830,2,550,0,1810,0,104,0,544,10,3216,180,17152
2026/07/06,11:00,17100,0,4666,3952,0,412,0,1864,2,542,0,1796,0,126,0,436,10,3106,188,17100
2026/07/06,11:30,16922,0,4782,3944,0,412,0,1866,2,552,0,1832,0,134,0,276,4,2938,180,16922
2026/07/06,12:00,16040,0,4194,3950,0,396,0,1880,2,550,0,1816,0,128,0,-72,0,3006,190,16040
2026/07/06,12:30,15846,0,4416,3938,0,404,0,1878,0,556,0,1834,0,126,0,-360,0,2866,188,15846
2026/07/06,13:00,16642,0,4974,3954,0,422,0,2036,2,548,0,1722,0,122,0,-192,2,2866,186,16642
2026/07/06,13:30,17030,0,5206,3946,0,424,0,2058,2,556,0,1692,0,108,0,56,4,2800,178,17030
2026/07/06,14:00,17068,0,5250,3952,0,426,0,2120,2,546,0,1584,0,104,0,312,4,2590,178,17068
2026/07/06,14:30,16900,0,5558,3940,0,432,0,2140,0,552,0,1344,0,116,0,320,4,2316,178,16900
2026/07/06,15:00,16758,0,5986,3946,0,436,0,2190,2,552,0,1048,0,114,0,318,2,1980,184,16758
2026/07/06,15:30,16876,0,6466,3940,0,426,0,2182,2,558,0,810,0,116,0,422,16,1756,182,16876
2026/07/06,16:00,16744,0,6228,3948,0,422,0,2234,0,552,0,536,0,126,0,458,10,2056,174,16744
2026/07/06,16:30,16584,0,6420,3938,0,430,0,2098,2,560,0,438,0,116,0,502,8,1896,176,16584
2026/07/06,17:00,15928,0,6088,3944,0,436,0,2036,2,556,0,316,0,106,0,400,6,1862,176,15928
2026/07/06,17:30,15870,0,6060,3936,0,436,0,2030,2,558,0,180,0,108,0,554,8,1822,176,15870
2026/07/06,18:00,15598,0,5942,3952,0,438,0,2046,2,558,0,72,0,108,0,526,8,1768,178,15598
2026/07/06,18:30,15598,0,5930,3936,0,444,0,2212,2,564,0,16,0,108,0,408,6,1796,176,15598
2026/07/06,19:00,15184,0,5674,3946,0,442,0,2202,0,558,0,0,0,116,0,304,8,1750,184,15184
2026/07/06,19:30,14934,0,5346,3944,0,444,0,2162,2,562,0,0,0,124,0,382,8,1784,176,14934
2026/07/06,20:00,14648,0,4880,3946,0,456,0,2146,0,556,0,0,0,112,0,358,4,1998,192,14648
2026/07/06,20:30,14458,0,4868,3940,0,422,0,2116,2,560,0,0,0,114,0,362,4,1886,184,14458
2026/07/06,21:00,14140,0,4174,3956,0,418,0,2150,2,558,0,0,0,122,0,360,4,2208,188,14140
2026/07/06,21:30,13964,0,4414,3920,0,412,0,2124,2,554,0,0,0,120,0,282,0,1950,186,13964
2026/07/06,22:00,13878,0,4816,3950,0,408,0,2140,2,558,0,0,0,114,0,46,2,1658,184,13878
2026/07/06,22:30,13662,0,4556,3942,0,420,0,2130,2,558,0,0,0,100,0,42,0,1732,180,13662
2026/07/06,23:00,13470,0,4464,3954,0,412,0,2134,0,554,0,0,0,100,0,46,2,1622,182,13470
2026/07/06,23:30,13222,0,4252,3940,0,406,0,2144,2,558,0,0,0,94,0,46,4,1594,182,13222
2026/07/07,00:00,12774,0,4216,3942,0,404,0,2128,2,554,0,0,0,82,0,44,2,1216,184,12774
2026/07/07,00:30,12396,0,3692,3820,0,402,0,2110,2,558,0,0,0,84,0,44,6,1490,188,12396
2026/07/07,01:00,11982,0,3618,3428,0,394,0,2108,2,556,0,0,0,80,0,44,4,1548,200,11982
2026/07/07,01:30,11976,0,3426,3296,0,394,0,2106,2,558,0,0,0,80,0,42,4,1864,204,11976
2026/07/07,02:00,11762,0,3292,3268,0,394,0,2112,0,550,0,0,0,70,0,46,4,1822,204,11762
2026/07/07,02:30,11946,0,3826,3172,0,390,0,2080,2,560,0,0,0,74,0,46,10,1586,200,11946
2026/07/07,03:00,11902,0,3520,3204,0,400,0,2104,0,554,0,0,0,70,0,48,2,1800,200,11902
2026/07/07,03:30,12108,0,3394,3154,0,402,0,2088,2,560,0,0,0,66,0,46,6,2222,168,12108
2026/07/07,04:00,12176,0,3606,3194,0,398,0,2100,2,552,0,0,0,72,0,52,0,2028,172,12176
2026/07/07,04:30,12306,0,3788,3198,0,410,0,2100,2,560,0,8,0,74,0,48,2,1948,168,12306
2026/07/07,05:00,12390,0,3560,3198,0,410,0,2102,2,554,0,48,0,70,0,50,0,2226,170,12390
2026/07/07,05:30,12198,0,3234,2910,0,404,0,2096,2,558,0,328,0,68,0,-86,2,2514,168,12198
2026/07/07,06:00,12350,0,3546,2918,0,400,0,2048,0,554,0,752,0,80,0,-596,4,2476,168,12350
2026/07/07,06:30,12540,0,3252,2760,0,418,0,2038,2,558,0,1278,0,74,0,-822,6,2806,170,12540
2026/07/07,07:00,13182,0,3206,2670,0,422,0,2040,2,556,0,2036,0,66,0,-834,4,2836,178,13182
2026/07/07,07:30,13744,0,2462,2546,0,410,0,2044,2,558,0,2804,0,58,0,-738,0,3426,172,13744
2026/07/07,08:00,14834,0,2786,2166,0,424,0,2000,2,556,0,3752,0,60,0,-244,8,3144,180,14834
2026/07/07,08:30,16080,0,3354,2408,0,406,0,2002,0,554,0,4770,0,60,0,158,8,2184,176,16080
2026/07/07,09:00,16816,0,3476,2536,0,398,0,2052,2,548,0,5462,0,56,0,190,10,1908,178,16816
2026/07/07,09:30,17354,0,3756,2594,0,404,0,2036,0,550,0,6290,0,46,0,254,8,1240,176,17354
2026/07/07,10:00,17452,0,3268,2728,0,400,0,2030,2,550,0,6816,0,38,0,348,6,1088,178,17452
2026/07/07,10:30,17778,0,3370,3030,0,398,0,2010,2,552,0,7066,0,34,0,202,12,922,180,17778
2026/07/07,11:00,17926,0,3534,3136,0,402,0,1990,2,548,0,7086,0,32,0,192,14,812,178,17926
2026/07/07,11:30,17894,0,3260,3236,0,404,0,1940,2,550,0,7086,0,30,0,-58,14,1254,176,17894
2026/07/07,12:00,17028,0,3174,3058,0,408,0,1944,2,548,0,6924,0,26,0,-898,2,1632,208,17028
2026/07/07,12:30,16998,0,3510,3134,0,398,0,1936,0,550,0,6762,0,30,0,-1212,10,1666,214,16998
2026/07/07,13:00,18004,0,4024,3538,0,398,0,1936,2,548,0,6800,2,22,0,-338,2,856,216,18004
2026/07/07,13:30,18050,0,3730,3774,0,396,0,2016,0,552,0,6194,0,24,0,-178,2,1330,210,18050
2026/07/07,14:00,18272,0,4036,3916,0,400,0,2056,2,546,0,5436,0,22,0,14,0,1632,212,18272
2026/07/07,14:30,18298,0,4292,3940,0,414,0,2054,2,552,0,4754,0,20,0,378,4,1676,212,18298
2026/07/07,15:00,17982,0,4448,3942,0,412,0,2102,2,550,0,4132,0,18,0,366,6,1792,212,17982
2026/07/07,15:30,17910,0,5104,3944,0,404,0,2202,2,558,0,3356,0,18,0,468,12,1634,208,17910
2026/07/07,16:00,17866,0,5674,3948,0,400,0,2224,0,560,0,2608,0,30,0,686,8,1512,216,17866
2026/07/07,16:30,17332,0,6086,3934,0,428,0,2218,2,558,0,1800,0,34,0,676,12,1376,208,17332
2026/07/07,17:00,16716,0,5988,3948,0,426,0,2252,0,562,0,1000,0,38,0,740,20,1512,230,16716
2026/07/07,17:30,16440,0,6344,3938,0,440,0,2242,2,566,0,574,0,42,0,498,20,1554,220,16440
2026/07/07,18:00,16202,0,6130,3948,0,436,0,2262,2,564,0,204,0,52,0,482,30,1870,222,16202
2026/07/07,18:30,16130,0,6708,3936,0,420,0,2246,2,570,0,50,0,46,0,474,32,1422,224,16130
2026/07/07,19:00,15828,0,6128,3948,0,422,0,2254,2,562,0,0,0,54,0,498,26,1706,228,15828
2026/07/07,19:30,15534,0,5280,3932,0,426,0,2158,0,568,0,0,0,58,0,546,14,2326,226,15534
2026/07/07,20:00,15224,0,5128,3950,0,460,0,2100,2,562,0,0,0,64,0,428,8,2300,222,15224
2026/07/07,20:30,14940,0,5462,3938,0,448,0,2082,0,566,0,0,0,66,0,230,6,1916,226,14940
2026/07/07,21:00,14756,0,5410,3948,0,462,0,2056,2,562,0,0,0,66,0,244,4,1776,226,14756
2026/07/07,21:30,14464,0,4624,3938,0,432,0,2052,2,568,0,0,0,66,0,284,0,2278,220,14464
2026/07/07,22:00,14376,0,4628,3948,0,442,0,2056,2,564,0,0,0,70,0,132,4,2308,222,14376
2026/07/07,22:30,13912,0,4324,3942,0,426,0,2060,2,564,0,0,0,60,0,58,2,2254,220,13912
2026/07/07,23:00,13992,0,4262,3946,0,438,0,2046,2,562,0,0,0,46,0,56,2,2408,224,13992
2026/07/07,23:30,13506,0,3974,3910,0,406,0,2042,0,572,0,0,0,50,0,50,0,2282,220,13506
2026/07/08,00:00,13008,0,3800,3578,0,430,0,1970,2,560,0,0,0,48,0,78,0,2354,188,13008
2026/07/08,00:30,12600,0,3072,3814,0,416,0,1950,2,562,0,0,0,36,0,74,2,2488,184,12600
2026/07/08,01:00,12302,0,2810,3934,0,416,0,1964,2,556,0,0,0,38,0,62,0,2334,186,12302
2026/07/08,01:30,12202,0,2824,3944,0,402,0,1938,2,564,0,0,0,30,0,54,0,2256,188,12202
2026/07/08,02:00,12062,0,2730,3946,0,424,0,1942,0,554,0,0,0,26,0,50,0,2202,188,12062
2026/07/08,02:30,12156,0,2828,3940,0,414,0,1940,2,562,0,0,0,30,0,46,0,2210,184,12156
2026/07/08,03:00,12088,0,2710,3944,0,412,0,1978,2,560,0,0,0,24,0,52,0,2214,192,12088
2026/07/08,03:30,12302,0,2838,3944,0,420,0,1976,0,566,0,0,0,24,0,48,2,2292,192,12302
2026/07/08,04:00,12234,0,2970,3942,0,418,0,1972,2,560,0,0,0,34,0,50,0,2082,204,12234
2026/07/08,04:30,12376,0,3004,3936,0,422,0,1978,2,560,0,8,0,36,0,54,0,2190,186,12376
2026/07/08,05:00,12418,0,2796,3928,0,422,0,2004,2,556,0,74,0,26,0,48,0,2400,162,12418
2026/07/08,05:30,12292,0,2614,3900,0,402,0,1982,2,568,0,390,0,22,0,48,0,2226,138,12292
2026/07/08,06:00,12356,0,2608,3612,0,396,0,1930,2,556,0,938,0,22,0,-190,10,2332,140,12356
2026/07/08,06:30,12880,0,2960,3654,0,394,0,1946,0,570,0,1752,0,18,0,-814,4,2254,142,12880
2026/07/08,07:00,13450,0,3340,3192,0,394,0,1942,2,562,0,2794,0,20,0,-1470,6,2488,180,13450
2026/07/08,07:30,14214,0,3142,3100,0,408,0,1932,0,566,0,3808,0,24,0,-922,6,1968,182,14214
2026/07/08,08:00,15642,0,3430,2950,0,416,0,1960,2,562,0,4656,0,18,0,-586,10,2006,218,15642
2026/07/08,08:30,17096,0,3724,2958,0,402,0,1974,2,558,0,5498,0,12,0,20,8,1722,218,17096
2026/07/08,09:00,17736,0,3646,3002,0,400,0,1956,2,556,0,5778,0,10,0,52,14,2128,192,17736
2026/07/08,09:30,18196,0,3894,3010,0,400,0,1958,2,560,0,6010,0,10,0,52,10,2094,196,18196
2026/07/08,10:00,18358,0,3706,3192,0,398,0,2002,0,556,0,6144,3,14,0,36,12,2098,200,18358
2026/07/08,10:30,18372,0,3750,3190,0,400,0,2004,2,558,0,6128,3,8,0,142,10,1984,196,18372
2026/07/08,11:00,18570,0,3978,3194,0,398,0,1928,2,556,0,6438,0,16,0,330,6,1522,202,18570
2026/07/08,11:30,18276,0,3764,3018,0,418,0,1928,2,560,0,6394,0,14,0,156,14,1810,198,18276
2026/07/08,12:00,17328,0,3696,2976,0,408,0,1938,2,558,0,6186,0,12,0,-78,10,1418,202,17328
2026/07/08,12:30,17174,0,3418,3094,0,402,0,1916,0,562,0,6090,0,22,0,-82,10,1540,202,17174
2026/07/08,13:00,18330,0,4140,3252,0,404,0,1926,2,556,0,6336,0,26,0,142,10,1340,196,18330
2026/07/08,13:30,18634,0,4706,3698,0,404,0,1960,0,554,0,6074,0,18,0,544,10,468,198,18634
2026/07/08,14:00,18666,0,4678,3754,0,404,0,2022,2,558,0,5640,0,20,0,534,6,854,194,18666
2026/07/08,14:30,18650,0,4654,3746,0,410,0,2026,2,558,0,5224,0,18,0,406,6,1408,192,18650
2026/07/08,15:00,18430,0,4922,3830,0,414,0,2090,2,556,0,4588,0,28,0,162,14,1628,196,18430
2026/07/08,15:30,18346,0,5518,3926,0,406,0,2094,2,562,0,3784,0,24,0,770,18,1044,198,18346
2026/07/08,16:00,18328,0,5368,3958,0,402,0,2118,0,562,0,2952,0,22,0,988,22,1704,232,18328
2026/07/08,16:30,17920,0,5568,3936,0,406,0,2116,2,564,0,2162,0,20,0,1406,26,1484,230,17920
2026/07/08,17:00,17232,0,5610,3956,0,406,0,2166,0,560,0,1372,0,18,0,1448,14,1446,236,17232
2026/07/08,17:30,16924,0,5588,3936,0,404,0,2218,2,566,0,804,0,14,0,1880,26,1254,232,16924
2026/07/08,18:00,16710,0,5594,3954,0,412,0,2250,2,562,0,310,0,16,0,2192,24,1162,232,16710
2026/07/08,18:30,16506,0,5564,3940,0,440,0,2226,2,568,0,54,0,12,0,2196,26,1250,228,16506
2026/07/08,19:00,16302,0,5570,3958,0,428,0,2244,2,562,0,0,0,20,0,1812,24,1446,236,16302
2026/07/08,19:30,15916,0,5384,3934,0,422,0,2184,0,568,0,0,0,20,0,1494,16,1660,234,15916
2026/07/08,20:00,15642,0,5400,3954,0,432,0,2122,2,562,0,0,0,18,0,1108,12,1824,208,15642
2026/07/08,20:30,15288,0,5510,3936,0,428,0,2094,0,566,0,0,0,20,0,1018,6,1510,200,15288
2026/07/08,21:00,15130,0,5454,3958,0,430,0,2088,2,560,0,0,0,26,0,634,0,1786,192,15130
2026/07/08,21:30,14838,0,5340,3934,0,434,0,2084,2,566,0,0,0,32,0,528,0,1732,186,14838
2026/07/08,22:00,14506,0,5354,3946,0,426,0,2070,2,562,0,0,0,40,0,504,0,1430,172,14506
2026/07/08,22:30,14116,0,5302,3936,0,424,0,2066,2,568,0,0,0,36,0,308,2,1306,166,14116
2026/07/08,23:00,13946,0,5180,3956,0,428,0,2030,2,564,0,0,0,44,0,234,0,1342,166,13946
2026/07/08,23:30,13660,0,5172,3946,0,422,0,2056,0,566,0,0,0,46,0,2,2,1282,166,13660
2026/07/09,00:00,13050,0,4414,3942,0,410,0,2042,0,556,0,0,0,52,0,28,0,1434,172,13050
2026/07/09,00:30,12676,0,3980,3934,0,410,0,2050,2,566,0,0,0,48,0,72,0,1444,170,12676
2026/07/09,01:00,12388,0,3770,3962,0,406,0,2032,2,564,0,0,0,34,0,78,0,1352,188,12388
2026/07/09,01:30,12250,0,3318,3936,0,406,0,2050,2,562,0,0,0,24,0,72,0,1694,186,12250
2026/07/09,02:00,12050,0,3058,3958,0,412,0,2042,2,560,0,0,0,14,0,80,0,1730,194,12050
2026/07/09,02:30,12258,0,3092,3940,0,418,0,2034,2,568,0,0,0,14,0,72,0,1930,188,12258
2026/07/09,03:00,12228,0,3006,3952,0,416,0,2046,0,562,0,0,0,20,0,80,0,1962,184,12228
2026/07/09,03:30,12296,0,3000,3940,0,428,0,2040,2,570,0,0,0,22,0,80,2,2060,152,12296
2026/07/09,04:00,12306,0,3208,3956,0,410,0,2038,2,560,0,0,0,18,0,80,2,1836,196,12306
2026/07/09,04:30,12512,0,3288,3934,0,408,0,2046,0,570,0,10,0,18,0,132,0,1916,190,12512
2026/07/09,05:00,12330,0,3006,3960,0,398,0,2004,2,562,0,78,0,20,0,112,0,1990,198,12330
2026/07/09,05:30,12412,0,2586,3932,0,408,0,1998,2,564,0,428,0,18,0,74,0,2214,188,12412
2026/07/09,06:00,12462,0,2608,3960,0,424,0,1994,2,564,0,1046,0,24,0,-106,6,1778,162,12462
2026/07/09,06:30,13080,0,2372,3896,0,434,0,2008,2,560,0,2022,0,16,0,-718,2,2330,156,13080
2026/07/09,07:00,13812,0,2380,3940,0,418,0,2000,0,556,0,3270,0,16,0,-1382,4,2450,160,13812
2026/07/09,07:30,14616,0,2696,3936,0,408,0,2000,2,566,0,4658,0,22,0,-1400,2,1572,154,14616
2026/07/09,08:00,16200,0,2978,3954,0,416,0,1988,2,562,0,5946,0,20,0,-226,6,392,162,16200
2026/07/09,08:30,17482,0,2992,3938,0,422,0,1990,2,562,0,6958,0,16,0,-2,8,442,154,17482
2026/07/09,09:00,18444,0,2966,3954,0,432,0,2002,2,554,0,7754,3,22,0,0,4,600,154,18444
2026/07/09,09:30,18938,0,3244,3932,0,438,0,1974,2,558,0,8434,3,26,0,-6,4,180,152,18938
2026/07/09,10:00,19150,0,3124,3956,0,436,0,1974,0,556,0,8862,4,20,0,0,6,90,126,19150
2026/07/09,10:30,19378,0,2736,3936,0,442,0,1964,2,550,0,9132,4,18,0,-150,4,618,126,19378
2026/07/09,11:00,19460,0,2698,3956,0,464,0,1964,0,538,0,9324,0,16,0,-608,4,978,126,19460
2026/07/09,11:30,19426,0,3108,3932,0,450,0,1960,2,544,0,9272,0,16,0,-798,6,814,120,19426
2026/07/09,12:00,18672,0,2510,3950,0,448,0,1970,2,540,0,9244,0,16,0,-1054,8,916,122,18672
2026/07/09,12:30,18632,0,2892,3938,0,424,0,1964,2,554,0,9184,0,26,0,-1450,10,966,122,18632
2026/07/09,13:00,19606,0,3310,3954,0,416,0,1968,2,552,0,8926,0,34,0,-848,12,1152,128,19606
2026/07/09,13:30,20000,0,3108,3936,0,428,0,1976,0,554,0,8552,0,36,0,-422,4,1682,146,20000
2026/07/09,14:00,20140,0,3362,3960,0,418,0,2012,0,558,0,8082,0,38,0,-398,16,1916,176,20140
2026/07/09,14:30,20016,0,3436,3934,0,426,0,2024,2,560,0,7428,0,38,0,-154,10,2116,196,20016
2026/07/09,15:00,19814,0,3984,3958,0,416,0,2024,2,556,0,6564,0,38,0,108,14,1948,202,19814
2026/07/09,15:30,19940,0,4960,3940,0,418,0,2030,2,560,0,5546,0,48,0,210,18,2012,196,19940
2026/07/09,16:00,19838,0,5172,3954,0,418,0,2096,2,560,0,4390,0,42,0,298,14,2692,200,19838
2026/07/09,16:30,19394,0,5426,3938,0,426,0,2108,0,558,0,3080,0,44,0,964,8,2642,200,19394
2026/07/09,17:00,18732,0,5264,3956,0,430,0,2112,2,560,0,1946,0,42,0,1052,18,3142,208,18732
2026/07/09,17:30,18354,0,5236,3936,0,462,0,2126,0,566,0,992,0,42,0,1224,18,3554,198,18354
2026/07/09,18:00,17820,0,5128,3956,0,456,0,2238,2,562,0,360,0,36,0,1026,24,3824,208,17820
2026/07/09,18:30,17516,0,5168,3938,0,460,0,2154,2,566,0,52,0,36,0,1064,26,3852,198,17516
2026/07/09,19:00,17248,0,5082,3960,0,446,0,2134,2,562,0,0,0,46,0,670,22,4114,210,17248
2026/07/09,19:30,16690,0,4856,3938,0,436,0,2114,2,570,0,0,0,40,0,616,16,3896,206,16690
2026/07/09,20:00,16468,0,5022,3954,0,430,0,2142,0,566,0,0,0,52,0,554,14,3524,210,16468
2026/07/09,20:30,16032,0,4688,3938,0,440,0,2108,2,568,0,0,0,54,0,656,8,3372,198,16032
2026/07/09,21:00,15656,0,4800,3956,0,430,0,2094,0,564,0,0,0,50,0,294,2,3264,202,15656
2026/07/09,21:30,15294,0,5352,3934,0,412,0,2040,2,568,0,0,0,50,0,390,0,2346,200,15294
2026/07/09,22:00,15180,0,5154,3946,0,402,0,2046,2,566,0,0,0,48,0,390,2,2448,176,15180
2026/07/09,22:30,14796,0,5024,3936,0,404,0,2052,2,572,0,0,0,42,0,428,2,2182,152,14796
2026/07/09,23:00,14422,0,4922,3956,0,418,0,2012,2,566,0,0,0,48,0,132,0,2214,152,14422
2026/07/09,23:30,14040,0,5064,3940,0,412,0,2002,2,570,0,0,0,36,0,2,0,1858,154,14040
2026/07/10,00:00,13594,0,4884,3946,0,400,0,2006,2,564,0,0,0,24,0,-104,2,1720,150,13594
2026/07/10,00:30,13086,0,4484,3938,0,416,0,1978,0,566,0,0,0,20,0,-166,2,1698,150,13086
2026/07/10,01:00,12770,0,4178,3956,0,402,0,1980,2,562,0,0,0,18,0,-226,2,1746,150,12770
2026/07/10,01:30,12546,0,4186,3934,0,408,0,1986,0,570,0,0,0,12,0,-392,2,1694,146,12546
2026/07/10,02:00,12382,0,3928,3954,0,404,0,1980,2,562,0,0,0,6,0,-392,2,1782,154,12382
2026/07/10,02:30,12438,0,4076,3936,0,410,0,1976,2,570,0,0,0,4,0,-390,6,1698,150,12438
2026/07/10,03:00,12548,0,4146,3960,0,400,0,1926,2,564,0,0,0,2,0,-386,4,1770,160,12548
2026/07/10,03:30,12462,0,4100,3934,0,402,0,1938,2,568,0,0,0,4,0,-386,4,1714,182,12462
2026/07/10,04:00,12602,0,4042,3956,0,420,0,1930,0,558,0,0,0,4,0,-384,2,1884,190,12602
2026/07/10,04:30,12554,0,3934,3936,0,404,0,1936,2,570,0,10,0,0,0,-390,4,1968,180,12554
2026/07/10,05:00,12608,0,4078,3960,0,408,0,1930,2,562,0,82,0,6,0,-560,4,1940,196,12608
2026/07/10,05:30,12612,0,3814,3932,0,412,0,1884,2,568,0,486,0,8,0,-618,0,1934,190,12612
2026/07/10,06:00,12772,0,3724,3956,0,408,0,1882,2,558,0,1206,0,6,0,-780,10,1654,146,12772
2026/07/10,06:30,13452,0,3536,3934,0,404,0,1878,2,568,0,2252,0,4,0,-994,2,1734,132,13452
2026/07/10,07:00,14190,0,2974,3958,0,406,0,1864,0,560,0,3396,0,6,0,-686,4,1568,140,14190
2026/07/10,07:30,14960,0,2474,3918,0,400,0,1866,2,560,0,4534,0,12,0,-468,6,1524,132,14960
2026/07/10,08:00,16606,0,3492,3944,0,404,0,1860,2,562,0,5500,0,14,0,-758,12,1464,110,16606
2026/07/10,08:30,18034,0,3596,3934,0,420,0,1838,0,556,0,6454,0,14,0,-38,8,1142,110,18034
2026/07/10,09:00,19292,0,3362,3952,0,404,0,1858,2,556,0,7452,4,10,0,196,6,1386,108,19292
2026/07/10,09:30,19718,0,3598,3936,0,408,0,1846,2,556,0,7832,3,10,0,382,2,1044,102,19718
2026/07/10,10:00,20098,0,3472,3956,0,398,0,1848,2,554,0,8350,4,8,0,416,2,990,102,20098
2026/07/10,10:30,20040,0,3398,3934,0,406,0,1844,2,550,0,8518,3,10,0,396,2,878,102,20040
2026/07/10,11:00,20256,0,3394,3958,0,406,0,1838,0,550,0,8720,0,12,0,222,2,1052,102,20256
2026/07/10,11:30,20132,0,3508,3936,0,400,0,1842,2,556,0,8842,0,10,0,-260,4,1188,104,20132
2026/07/10,12:00,19622,0,3262,3952,0,404,0,1842,0,552,0,8886,0,10,0,-576,4,1178,108,19622
2026/07/10,12:30,19462,0,3346,3932,0,400,0,1842,2,558,0,8750,0,14,0,-514,0,1028,104,19462
2026/07/10,13:00,20104,0,3464,3944,0,406,0,1830,2,550,0,8440,0,22,0,-36,4,1372,106,20104
2026/07/10,13:30,20526,0,3704,3908,0,398,0,1862,2,552,0,8160,0,26,0,42,2,1730,140,20526
2026/07/10,14:00,20642,0,3992,3930,0,414,0,1950,2,554,0,7766,0,28,0,104,0,1758,144,20642
2026/07/10,14:30,20658,0,4274,3904,0,400,0,1998,0,558,0,7310,0,30,0,202,2,1834,146,20658
2026/07/10,15:00,20328,0,4316,3936,0,418,0,2042,2,556,0,6538,0,26,0,274,8,2060,152,20328
2026/07/10,15:30,20270,0,5062,3906,0,426,0,2040,0,560,0,5472,0,20,0,420,6,2206,152,20270
2026/07/10,16:00,20084,0,5500,3950,0,418,0,2154,2,558,0,4314,0,18,0,700,20,2260,190,20084
2026/07/10,16:30,19688,0,5828,3934,0,430,0,2158,2,558,0,3194,0,16,0,1102,20,2250,196,19688
2026/07/10,17:00,18874,0,5760,3952,0,440,0,2178,2,556,0,2068,0,8,0,1344,26,2338,202,18874
2026/07/10,17:30,18322,0,5590,3936,0,436,0,2168,0,558,0,1042,0,12,0,1258,28,3092,202,18322
2026/07/10,18:00,17908,0,5836,3950,0,432,0,2204,2,558,0,336,0,14,0,1596,34,2740,206,17908
2026/07/10,18:30,17512,0,5678,3940,0,434,0,2190,0,564,0,48,0,8,0,1576,30,2842,202,17512
2026/07/10,19:00,17246,0,5630,3956,0,446,0,2200,2,560,0,0,0,8,0,1750,26,2454,214,17246
2026/07/10,19:30,16820,0,5448,3934,0,436,0,2184,2,560,0,0,0,4,0,1426,16,2606,204,16820
2026/07/10,20:00,16502,0,5346,3954,0,436,0,2060,2,554,0,0,0,6,0,1028,8,2898,210,16502
2026/07/10,20:30,16096,0,5164,3936,0,428,0,2018,2,560,0,0,0,2,0,974,10,2798,204,16096
2026/07/10,21:00,15798,0,4902,3954,0,440,0,1968,0,556,0,0,0,4,0,662,6,3106,200,15798
2026/07/10,21:30,15442,0,4896,3928,0,428,0,1934,2,566,0,0,0,4,0,620,4,2866,194,15442
2026/07/10,22:00,15168,0,4886,3954,0,408,0,1894,2,558,0,0,0,4,0,340,6,2946,170,15168
2026/07/10,22:30,14918,0,4736,3942,0,402,0,1882,2,562,0,0,0,8,0,350,4,2888,142,14918
2026/07/10,23:00,14650,0,4620,3950,0,424,0,1882,2,558,0,0,0,12,0,122,6,2932,142,14650
2026/07/10,23:30,14066,0,4648,3946,0,396,0,1874,0,562,0,0,0,16,0,36,4,2442,142,14066
2026/07/11,00:00,13746,0,4436,3946,0,400,0,1924,2,560,0,0,0,10,0,4,6,2316,142,13746
2026/07/11,00:30,13122,0,4064,3934,0,394,0,1902,0,564,0,0,0,6,0,102,4,2014,138,13122
2026/07/11,01:00,12742,0,3906,3956,0,396,0,1870,2,558,0,0,0,10,0,16,0,1876,152,12742
2026/07/11,01:30,12454,0,4036,3938,0,400,0,1800,2,562,0,0,0,8,0,2,4,1544,158,12454
2026/07/11,02:00,12206,0,3696,3956,0,400,0,1788,0,560,0,0,0,6,0,4,2,1624,170,12206
2026/07/11,02:30,12204,0,3742,3940,0,410,0,1770,2,564,0,0,0,2,0,2,6,1602,164,12204
2026/07/11,03:00,12248,0,3692,3954,0,416,0,1784,2,558,0,0,0,4,0,4,2,1638,194,12248
2026/07/11,03:30,12236,0,3678,3936,0,410,0,1764,2,564,0,0,0,4,0,2,8,1702,166,12236
2026/07/11,04:00,12152,0,3576,3960,0,416,0,1786,2,558,0,0,0,4,0,4,8,1662,176,12152
2026/07/11,04:30,12056,0,3536,3932,0,420,0,1758,0,560,0,10,0,0,0,2,10,1658,170,12056
2026/07/11,05:00,11896,0,3438,3958,0,402,0,1778,2,558,0,72,0,0,0,4,2,1536,146,11896
2026/07/11,05:30,11644,0,3316,3876,0,400,0,1756,2,560,0,362,0,0,0,-34,4,1270,132,11644
2026/07/11,06:00,11426,0,3210,3492,0,408,0,1712,2,554,0,900,0,0,0,-958,4,1974,128,11426
2026/07/11,06:30,11462,0,3176,3214,0,396,0,1708,2,560,0,1680,0,0,0,-1392,8,1984,126,11462
2026/07/11,07:00,11856,0,2964,3398,0,398,0,1660,2,552,0,2440,0,2,0,-1418,10,1720,128,11856
2026/07/11,07:30,12222,0,2698,3176,0,398,0,1612,0,556,0,3492,0,0,0,-1598,4,1764,120,12222
2026/07/11,08:00,12842,0,2706,3154,0,402,0,1616,2,550,0,4390,0,2,0,-1796,8,1680,128,12842
2026/07/11,08:30,13410,0,2806,3276,0,402,0,1596,0,558,0,4952,0,0,0,-1800,10,1500,110,13410
2026/07/11,09:00,14152,0,2676,3100,0,398,0,1600,2,552,0,5904,0,2,0,-1636,4,1450,100,14152
2026/07/11,09:30,14570,0,2818,3104,0,396,0,1594,2,558,0,6680,0,4,0,-1842,12,1148,96,14570
2026/07/11,10:00,14556,0,2902,3410,0,398,0,1606,2,552,0,6610,0,2,0,-1730,8,704,92,14556
2026/07/11,10:30,14872,0,2744,3212,0,394,0,1582,2,554,0,7136,0,4,0,-1664,8,812,88,14872
2026/07/11,11:00,15208,0,2716,2808,0,394,0,1600,0,556,0,7706,0,4,0,-1848,6,1174,92,15208
2026/07/11,11:30,15312,0,3026,2772,0,394,0,1596,2,556,0,7374,0,4,0,-1376,10,868,86,15312
2026/07/11,12:00,14862,0,2790,2950,0,400,0,1592,2,556,0,6520,0,6,0,-1140,0,1096,90,14862
2026/07/11,12:30,14804,0,2618,3112,0,396,0,1578,0,556,0,6812,0,10,0,-1448,8,1070,92,14804
2026/07/11,13:00,15082,0,2846,2990,0,400,0,1602,2,554,0,6788,0,12,0,-2090,6,1876,96,15082
2026/07/11,13:30,15088,0,2756,2730,0,396,0,1604,2,558,0,6822,0,12,0,-2256,10,2360,94,15088
2026/07/11,14:00,15142,0,2714,2720,0,390,0,1610,2,552,0,7022,0,10,0,-1896,4,1878,136,15142
2026/07/11,14:30,15046,0,3094,3070,0,404,0,1620,0,558,0,6012,0,8,0,-1062,10,1200,132,15046
2026/07/11,15:00,14866,0,2650,3090,0,408,0,1680,2,552,0,5194,0,6,0,-500,2,1638,144,14866
2026/07/11,15:30,14726,0,2848,3174,0,392,0,1702,0,558,0,4210,0,12,0,-270,10,1954,136,14726
2026/07/11,16:00,14708,0,3012,3708,0,392,0,1786,2,520,0,3102,0,14,0,312,12,1668,180,14708
2026/07/11,16:30,14568,0,3108,3844,0,400,0,1814,2,520,0,2512,0,10,0,502,10,1658,188,14568
2026/07/11,17:00,14376,0,3520,3818,0,398,0,1858,2,518,0,1690,0,10,0,668,18,1682,194,14376
2026/07/11,17:30,14328,0,3866,3890,0,416,0,1902,2,522,0,930,0,8,0,1270,22,1312,188,14328
2026/07/11,18:00,14264,0,3726,3928,0,418,0,1968,0,516,0,366,0,10,0,1596,38,1498,200,14264
2026/07/11,18:30,14358,0,3860,3908,0,426,0,1978,2,520,0,60,0,6,0,1654,40,1710,194,14358
2026/07/11,19:00,14268,0,3904,3928,0,418,0,1984,2,520,0,0,0,8,0,1722,36,1542,204,14268
2026/07/11,19:30,14090,0,3928,3912,0,424,0,1970,2,520,0,0,0,10,0,1720,32,1374,198,14090
2026/07/11,20:00,13948,0,3608,3928,0,424,0,1974,2,524,0,0,0,10,0,1562,18,1696,202,13948
2026/07/11,20:30,13746,0,3270,3910,0,420,0,1952,0,528,0,0,0,12,0,1634,14,1806,200,13746
2026/07/11,21:00,13392,0,3206,3930,0,406,0,1898,2,542,0,0,0,10,0,1420,10,1766,202,13392
2026/07/11,21:30,13020,0,2948,3912,0,400,0,1884,2,544,0,0,0,14,0,1392,0,1730,194,13020
2026/07/11,22:00,12750,0,2776,3924,0,396,0,1852,0,554,0,0,0,16,0,1348,8,1718,158,12750
2026/07/11,22:30,12344,0,2354,3910,0,396,0,1820,2,556,0,0,0,20,0,1402,2,1744,138,12344
2026/07/11,23:00,12326,0,2332,3934,0,396,0,1802,2,560,0,0,0,24,0,1380,10,1746,140,12326
2026/07/11,23:30,11956,0,2418,3922,0,396,0,1788,2,560,0,0,0,24,0,1046,2,1658,140,11956
2026/07/12,00:00,11578,0,2896,3918,0,396,0,1724,2,558,0,0,0,20,0,564,2,1362,136,11578
2026/07/12,00:30,11118,0,2800,3916,0,396,0,1704,2,560,0,0,0,20,0,392,4,1192,132,11118
2026/07/12,01:00,10794,0,2604,3786,0,398,0,1676,0,554,0,0,0,20,0,470,2,1156,128,10794
2026/07/12,01:30,10612,0,2430,3720,0,396,0,1680,2,564,0,0,0,26,0,506,0,1164,124,10612
2026/07/12,02:00,10524,0,2562,3698,0,394,0,1674,0,558,0,0,0,22,0,408,0,1080,128,10524
2026/07/12,02:30,10638,0,2816,3886,0,396,0,1664,2,564,0,0,0,24,0,130,6,1022,128,10638
2026/07/12,03:00,10588,0,2848,3922,0,398,0,1636,2,558,0,0,0,18,0,42,0,994,170,10588
2026/07/12,03:30,10634,0,2932,3908,0,400,0,1620,2,560,0,0,0,18,0,40,4,978,172,10634
2026/07/12,04:00,10662,0,2832,3924,0,404,0,1612,2,558,0,0,0,22,0,92,2,1032,182,10662
2026/07/12,04:30,10616,0,2894,3910,0,398,0,1590,0,562,0,8,0,18,0,86,4,970,176,10616
2026/07/12,05:00,10520,0,2932,3930,0,400,0,1538,2,560,0,44,0,20,0,42,4,896,152,10520
2026/07/12,05:30,10216,0,2510,3794,0,402,0,1528,2,560,0,340,0,24,0,2,4,914,136,10216
2026/07/12,06:00,10184,0,2738,3824,0,398,0,1526,2,560,0,738,0,18,0,-362,6,624,112,10184
2026/07/12,06:30,10320,0,2780,3796,0,400,0,1510,2,560,0,1116,0,24,0,-930,8,950,104,10320
2026/07/12,07:00,10732,0,2788,3882,0,396,0,1500,2,558,0,1464,0,32,0,-1326,6,1326,104,10732
2026/07/12,07:30,10858,0,2680,3820,0,398,0,1480,0,558,0,1942,0,52,0,-1544,2,1388,82,10858
2026/07/12,08:00,11442,0,2878,3900,0,390,0,1424,2,550,0,2580,0,60,0,-1754,8,1322,82,11442
2026/07/12,08:30,12070,0,2548,3886,0,392,0,1396,0,556,0,3678,0,58,0,-1774,4,1246,80,12070
2026/07/12,09:00,12594,0,2368,3694,0,370,0,1362,2,556,0,4354,0,56,0,-1990,2,1740,80,12594
2026/07/12,09:30,12854,0,2390,3536,0,368,0,1346,2,554,0,4748,0,52,0,-2212,0,1980,90,12854
2026/07/12,10:00,13180,0,2444,3386,0,358,0,1356,2,552,0,5514,0,46,0,-2300,2,1728,92,13180
2026/07/12,10:30,13588,0,2344,3216,0,336,0,1342,2,562,0,6274,0,46,0,-2366,2,1738,92,13588
2026/07/12,11:00,13820,0,2500,3104,0,336,0,1338,2,550,0,6600,2,40,0,-2258,8,1502,98,13820
2026/07/12,11:30,14016,0,2774,3354,0,338,0,1332,0,558,0,6598,2,34,0,-2334,4,1260,98,14016
2026/07/12,12:00,14232,0,3102,3664,0,334,49,1366,2,548,3,6424,4,24,0,-2254,4,920,98,14232
2026/07/12,12:30,14224,0,3172,3798,0,348,0,1372,0,556,0,5310,3,24,0,-1698,10,1236,96,14224
2026/07/12,13:00,14186,0,2638,3878,0,352,0,1380,2,556,0,4214,0,28,0,-1272,8,2284,118,14186
2026/07/12,13:30,14182,0,2278,3442,0,372,0,1378,2,556,0,4048,0,26,0,-886,0,2850,116,14182
2026/07/12,14:00,14480,0,2754,3746,0,394,0,1428,2,552,0,4070,0,26,0,-720,6,2098,124,14480
2026/07/12,14:30,14394,0,2994,3922,0,396,0,1480,2,556,0,3816,0,30,0,-84,6,1152,124,14394
2026/07/12,15:00,14570,0,3080,3958,0,394,0,1560,0,552,0,3210,0,28,0,80,4,1568,136,14570
2026/07/12,15:30,14434,0,3016,3918,0,392,0,1568,2,554,0,2944,0,26,0,90,0,1786,138,14434
2026/07/12,16:00,14622,0,4142,3900,0,396,0,1698,0,550,0,2174,0,30,0,120,4,1430,178,14622
2026/07/12,16:30,14576,0,4400,3932,0,394,0,1766,2,552,0,1404,0,36,0,148,0,1756,186,14576
2026/07/12,17:00,14876,0,4748,3958,0,416,0,1820,2,552,0,934,0,30,0,190,16,2018,192,14876
2026/07/12,17:30,14900,0,4878,3934,0,412,0,1846,2,554,0,546,0,28,0,572,16,1920,192,14900
2026/07/12,18:00,15140,0,5040,3956,0,414,0,1946,2,552,0,240,0,32,0,718,28,2016,196,15140
2026/07/12,18:30,15152,0,4872,3934,0,418,0,1934,0,556,0,52,0,44,0,784,26,2336,196,15152
2026/07/12,19:00,15068,0,4980,3958,0,418,0,1892,2,554,0,0,0,58,0,878,30,2092,206,15068
2026/07/12,19:30,14918,0,5128,3930,0,416,0,1870,2,558,0,0,0,64,0,738,20,1990,202,14918
2026/07/12,20:00,14778,0,5000,3952,0,420,0,1892,2,552,0,0,0,78,0,582,14,2078,208,14778
2026/07/12,20:30,14362,0,4764,3936,0,420,0,1886,2,554,0,0,0,78,0,590,14,1914,204,14362
2026/07/12,21:00,14272,0,4534,3954,0,416,0,1834,0,554,0,0,0,78,0,426,2,2266,208,14272
2026/07/12,21:30,13800,0,4156,3922,0,398,0,1824,2,554,0,0,0,88,0,274,8,2376,198,13800
2026/07/12,22:00,13506,0,4032,3938,0,402,0,1790,0,556,0,0,0,94,0,304,8,2210,172,13506
2026/07/12,22:30,13010,0,3526,3938,0,398,0,1772,2,564,0,0,0,86,0,154,4,2414,152,13010
2026/07/12,23:00,12956,0,4128,3954,0,398,0,1688,2,554,0,0,0,86,0,48,6,1942,150,12956
2026/07/12,23:30,12280,0,3948,3942,0,400,0,1650,2,564,0,0,0,88,0,42,6,1492,146,12280
2026/07/13,00:00,11982,0,3946,3946,0,398,0,1448,2,556,0,0,0,84,0,4,4,1444,150,11982
2026/07/13,00:30,11464,0,3674,3934,0,398,0,1440,2,558,0,0,0,82,0,-2,2,1230,146,11464
2026/07/13,01:00,11260,0,3638,3956,0,400,0,1408,2,554,0,0,0,98,0,-224,2,1274,152,11260
2026/07/13,01:30,10976,0,3676,3936,0,400,0,1380,0,560,0,0,0,106,0,-230,4,1014,130,10976
2026/07/13,02:00,10960,0,3706,3954,0,396,0,1358,2,552,0,0,0,104,0,-224,4,992,116,10960
2026/07/13,02:30,10936,0,3628,3932,0,396,0,1360,0,558,0,0,0,102,0,-310,2,1174,94,10936
2026/07/13,03:00,11140,0,4138,3952,0,400,0,1332,2,558,0,0,0,98,0,-860,2,1422,96,11140
2026/07/13,03:30,11122,0,3998,3926,0,400,0,1338,2,556,0,0,0,98,0,-620,4,1332,88,11122
2026/07/13,04:00,11356,0,4352,3878,0,396,0,1324,2,558,0,0,0,108,0,-608,4,1246,96,11356
2026/07/13,04:30,11458,0,4620,3930,0,402,0,1316,2,562,0,0,0,122,0,-606,6,1026,78,11458
2026/07/13,05:00,11732,0,4956,3788,0,396,0,1330,0,554,0,36,0,126,0,-700,4,1190,52,11732
2026/07/13,05:30,11894,0,4584,3454,0,414,0,1346,2,562,0,200,0,134,0,-658,2,1810,44,11894
2026/07/13,06:00,12452,0,4892,3454,0,398,0,1358,2,552,0,438,0,128,0,-490,4,1660,56,12452
2026/07/13,06:30,13242,0,4794,3498,0,396,0,1390,2,560,0,772,0,124,0,-504,2,2158,50,13242
2026/07/13,07:00,14326,0,5214,3438,0,396,0,1404,2,552,0,1216,0,126,0,-408,10,2312,64,14326
2026/07/13,07:30,15380,0,5626,3334,0,390,0,1396,2,556,0,1654,0,134,0,-16,6,2230,68,15380
2026/07/13,08:00,17262,0,5950,3540,0,396,0,1454,0,552,0,2438,0,130,0,4,16,2650,132,17262
2026/07/13,08:30,18818,0,6814,3914,0,410,0,1494,2,548,0,3248,0,130,0,416,6,1708,128,18818
2026/07/13,09:00,19784,0,6938,3946,0,412,0,1530,0,548,0,3860,0,132,0,48,2,2226,142,19784
2026/07/13,09:30,20304,0,6872,3944,0,412,0,1530,2,550,0,4242,0,118,0,88,6,2402,138,20304
2026/07/13,10:00,20550,0,6820,3950,0,402,0,1542,2,548,0,4686,0,96,0,98,4,2258,144,20550
2026/07/13,10:30,20910,0,6774,3942,0,406,0,1544,2,552,0,4872,0,122,0,84,4,2490,118,20910
2026/07/13,11:00,20902,0,6930,3950,0,406,0,1530,2,548,0,4716,0,110,0,86,4,2512,108,20902
2026/07/13,11:30,21010,0,7694,3942,0,410,0,1530,2,550,0,4876,0,124,0,126,4,1654,98,21010
2026/07/13,12:00,20196,0,7474,3950,0,410,0,1530,0,550,0,4584,0,116,0,130,0,1352,100,20196
2026/07/13,12:30,20004,0,8276,3940,0,410,0,1512,2,548,0,4276,0,110,0,6,6,822,96,20004
2026/07/13,13:00,21016,0,8572,3942,0,410,0,1542,0,548,0,3926,0,104,0,72,6,1774,120,21016
2026/07/13,13:30,21366,0,8736,3946,0,416,0,1602,2,550,0,3994,0,100,0,80,4,1818,118,21366
2026/07/13,14:00,21290,0,8002,3942,0,416,0,1748,2,550,0,3924,0,100,0,168,16,2264,158,21290
2026/07/13,14:30,21238,0,8550,3944,0,416,0,1792,2,546,0,3538,0,104,0,166,14,1998,168,21238
2026/07/13,15:00,20884,0,9198,3950,0,416,0,1828,2,552,0,3016,0,114,0,82,4,1542,180,20884
2026/07/13,15:30,20936,0,9308,3946,0,418,0,1832,0,554,0,2812,0,128,0,172,16,1570,180,20936
2026/07/13,16:00,20856,0,9436,3946,0,416,0,1896,2,552,0,2372,0,134,0,594,8,1310,190,20856
2026/07/13,16:30,20416,0,9496,3948,0,418,0,1892,2,552,0,1926,0,132,0,876,14,972,188,20416
2026/07/13,17:00,19708,0,9042,3950,0,420,0,1960,2,558,0,1322,0,152,0,786,36,1284,196,19708
2026/07/13,17:30,19446,0,9448,3942,0,420,0,2022,2,558,0,792,0,148,0,390,38,1492,194,19446
2026/07/13,18:00,19116,0,9648,3946,0,414,0,2068,2,556,0,368,0,154,0,486,38,1240,196,19116
2026/07/13,18:30,18954,0,9490,3942,0,422,0,2092,0,556,0,108,0,140,0,626,32,1352,194,18954
2026/07/13,19:00,18538,0,9084,3950,0,424,0,2050,2,558,0,0,0,146,0,354,26,1744,200,18538
2026/07/13,19:30,18206,0,8774,3946,0,432,0,2064,0,560,0,0,0,120,0,270,16,1832,192,18206
2026/07/13,20:00,17874,0,9250,3946,0,440,0,1996,2,558,0,0,0,144,0,154,16,1192,176,17874
2026/07/13,20:30,17468,0,9176,3942,0,420,0,1794,2,564,0,0,0,144,0,76,4,1176,170,17468
2026/07/13,21:00,17212,0,8922,3952,0,420,0,1694,2,558,0,0,0,138,0,10,8,1344,164,17212
2026/07/13,21:30,16854,0,8152,3944,0,422,0,1660,2,564,0,0,0,110,0,78,12,1752,158,16854
2026/07/13,22:00,16490,0,6864,3948,0,416,0,1606,2,562,0,0,0,84,0,276,16,2582,134,16490
2026/07/13,22:30,16126,0,6122,3938,0,418,0,1576,0,562,0,0,0,70,0,202,14,3100,124,16126
2026/07/13,23:00,15804,0,5818,3950,0,414,0,1552,2,558,0,0,0,76,0,292,10,2998,134,15804
2026/07/13,23:30,15306,0,5680,3942,0,402,0,1542,0,564,0,0,0,110,0,82,4,2856,124,15306
2026/07/14,00:00,14728,0,5624,3946,0,402,0,1454,2,560,0,0,0,102,0,28,2,2474,134,14728
2026/07/14,00:30,14036,0,5214,3942,0,400,0,1408,2,564,0,0,0,90,0,66,0,2220,130,14036
2026/07/14,01:00,13672,0,4924,3950,0,398,0,1400,2,560,0,0,0,88,0,62,0,2154,134,13672
2026/07/14,01:30,13302,0,4796,3944,0,404,0,1374,0,564,0,0,0,94,0,-64,2,2062,126,13302
2026/07/14,02:00,13350,0,4948,3948,0,398,0,1396,2,558,0,0,0,104,0,-166,0,2028,134,13350
2026/07/14,02:30,13150,0,4888,3938,0,402,0,1352,2,566,0,0,0,110,0,-170,2,1932,128,13150
2026/07/14,03:00,13210,0,5040,3952,0,400,0,1360,2,552,0,0,0,96,0,-166,0,1836,138,13210
2026/07/14,03:30,13222,0,5304,3940,0,404,0,1354,2,564,0,0,0,102,0,-164,2,1600,114,13222
2026/07/14,04:00,13122,0,5238,3958,0,406,0,1382,0,554,0,0,0,112,0,-166,0,1518,120,13122
2026/07/14,04:30,13296,0,5366,3940,0,400,0,1370,2,564,0,6,0,130,0,-76,2,1472,120,13296
2026/07/14,05:00,13462,0,5124,3952,0,402,0,1370,2,554,0,72,0,136,0,32,0,1696,122,13462
2026/07/14,05:30,13246,0,4626,3940,0,402,0,1372,0,562,0,458,0,128,0,30,0,1614,114,13246
2026/07/14,06:00,13826,0,4574,3948,0,392,0,1296,2,554,0,1154,0,118,0,-496,0,2228,56,13826
2026/07/14,06:30,14536,0,4790,3944,0,396,0,1278,2,560,0,2222,0,88,0,-590,0,1794,52,14536
2026/07/14,07:00,15464,0,4936,3948,0,392,0,1294,2,550,0,3250,0,66,0,-358,2,1320,62,15464
2026/07/14,07:30,16606,0,4624,3946,0,388,0,1320,2,558,0,4386,0,68,0,-340,0,1598,56,16606
2026/07/14,08:00,18470,0,5036,3954,0,392,0,1368,2,546,0,5642,0,58,0,-88,0,1502,58,18470
2026/07/14,08:30,20060,0,6118,3940,0,396,0,1428,0,544,0,6548,0,74,0,-78,4,1036,50,20060
2026/07/14,09:00,21146,0,6052,3952,0,396,0,1420,2,544,0,7230,0,66,0,-78,6,1464,92,21146
2026/07/14,09:30,21806,0,5408,3944,0,410,0,1464,2,546,0,7960,0,52,0,-80,4,2002,94,21806
2026/07/14,10:00,21988,0,6256,3946,0,402,0,1502,0,540,0,8434,0,52,0,-78,6,834,94,21988
2026/07/14,10:30,22292,0,6478,3942,0,410,0,1510,2,546,0,8790,0,58,0,2,2,456,96,22292
2026/07/14,11:00,22608,0,7014,3946,0,394,0,1538,2,540,0,8976,0,54,0,4,4,54,82,22608
2026/07/14,11:30,22636,0,6736,3942,0,392,0,1536,2,546,0,9014,0,60,0,-2,4,344,62,22636
2026/07/14,12:00,21866,0,5452,3950,0,386,0,1514,2,542,0,8848,0,58,0,-4,0,1060,58,21866
2026/07/14,12:30,21950,0,5638,3936,0,390,0,1588,0,546,0,8646,0,60,0,-150,0,1238,58,21950
2026/07/14,13:00,22804,0,6398,3952,0,404,0,1734,2,540,0,8272,0,66,0,98,2,1278,58,22804
2026/07/14,13:30,23194,0,6266,3940,0,410,0,1772,0,544,0,7978,0,72,0,-54,6,2170,90,23194
2026/07/14,14:00,23202,0,6772,3950,0,416,0,1852,2,538,0,7382,0,66,0,-126,0,2254,96,23202
2026/07/14,14:30,23200,0,7222,3938,0,414,0,1856,2,544,0,6774,0,52,0,-134,6,2434,92,23200
2026/07/14,15:00,23010,0,7548,3954,0,410,0,1896,2,542,0,6040,0,44,0,-128,4,2564,134,23010
2026/07/14,15:30,23096,0,8232,3938,0,408,0,1928,2,546,0,5140,0,36,0,156,16,2560,134,23096
2026/07/14,16:00,23072,0,8778,3952,0,412,0,1974,0,546,0,4034,0,28,0,288,22,2898,140,23072
2026/07/14,16:30,22686,0,8784,3940,0,418,0,2032,2,544,0,2934,0,32,0,274,22,3564,140,22686
2026/07/14,17:00,21916,0,8708,3950,0,416,0,2138,0,546,0,1954,0,28,0,272,22,3736,146,21916
2026/07/14,17:30,21346,0,9576,3938,0,420,0,2158,2,552,0,934,0,28,0,462,24,3114,138,21346
2026/07/14,18:00,20822,0,9752,3950,0,424,0,2166,2,548,0,362,0,22,0,712,30,2708,146,20822
2026/07/14,18:30,20464,0,9834,3942,0,424,0,2176,2,556,0,84,0,18,0,724,32,2524,148,20464
2026/07/14,19:00,20060,0,9738,3950,0,420,0,2170,2,550,0,0,0,26,0,724,24,2296,160,20060
2026/07/14,19:30,19506,0,9034,3942,0,420,0,2080,0,554,0,0,0,26,0,436,22,2840,152,19506
2026/07/14,20:00,19014,0,9272,3952,0,426,0,1990,2,550,0,0,0,24,0,286,12,2336,164,19014
2026/07/14,20:30,18590,0,8564,3944,0,452,0,1902,2,540,0,0,0,20,0,182,6,2816,162,18590
2026/07/14,21:00,18220,0,8456,3944,0,432,0,1824,0,498,0,0,0,22,0,174,2,2704,164,18220
2026/07/14,21:30,17794,0,8232,3938,0,422,0,1774,2,486,0,0,0,18,0,148,4,2612,158,17794
2026/07/14,22:00,17420,0,8140,3942,0,416,0,1714,2,484,0,0,0,14,0,172,0,2408,128,17420
2026/07/14,22:30,16908,0,7548,3944,0,418,0,1608,2,488,0,0,0,18,0,152,2,2628,100,16908
2026/07/14,23:00,16564,0,7382,3952,0,402,0,1570,0,486,0,0,0,14,0,4,0,2652,102,16564
2026/07/14,23:30,15968,0,6898,3940,0,400,0,1536,2,490,0,0,0,16,0,2,2,2584,98,15968
2026/07/15,00:00,15430,0,6906,3946,0,400,0,1446,2,486,0,0,0,14,0,34,0,2096,100,15430
2026/07/15,00:30,14666,0,6918,3938,0,400,0,1410,2,488,0,0,0,14,0,196,0,1200,100,14666
2026/07/15,01:00,14346,0,6526,3948,0,402,0,1416,2,486,0,0,0,16,0,198,4,1248,100,14346
2026/07/15,01:30,13984,0,6234,3940,0,398,0,1392,2,488,0,0,0,20,0,180,2,1232,96,13984
2026/07/15,02:00,13748,0,5736,3950,0,396,0,1346,0,490,0,0,0,18,0,66,0,1642,104,13748
2026/07/15,02:30,13506,0,5746,3940,0,420,0,1330,2,488,0,0,0,14,0,32,6,1426,102,13506
2026/07/15,03:00,13566,0,5802,3948,0,434,0,1336,2,484,0,0,0,16,0,34,0,1422,88,13566
2026/07/15,03:30,13534,0,5814,3942,0,422,0,1340,0,488,0,0,0,16,0,32,0,1418,62,13534
2026/07/15,04:00,13412,0,5920,3946,0,426,0,1386,2,488,0,0,0,16,0,36,2,1120,70,13412
2026/07/15,04:30,13510,0,6182,3942,0,420,0,1388,2,490,0,10,0,16,0,32,2,970,56,13510
2026/07/15,05:00,13520,0,6460,3950,0,408,0,1322,2,482,0,102,0,20,0,32,0,682,60,13520
2026/07/15,05:30,13658,0,6238,3942,0,402,0,1270,2,490,0,546,0,20,0,-52,0,746,54,13658
2026/07/15,06:00,14046,0,6026,3952,0,412,0,1244,0,488,0,1230,0,18,0,-52,4,662,62,14046
2026/07/15,06:30,14946,0,6294,3944,0,430,0,1234,2,486,0,2246,0,18,0,-80,8,310,54,14946
2026/07/15,07:00,16046,0,6222,3946,0,438,0,1290,2,482,0,3434,0,16,0,-82,2,230,66,16046
2026/07/15,07:30,17168,0,6316,3942,0,438,0,1282,2,478,0,4546,0,18,0,-82,4,160,64,17168
2026/07/15,08:00,19022,0,6892,3952,0,432,0,1364,2,472,0,5662,0,18,0,-80,12,222,74,19022
2026/07/15,08:30,20700,0,7186,3938,0,432,0,1442,2,484,0,6584,0,20,0,-82,8,610,76,20700
2026/07/15,09:00,21736,0,6950,3952,0,414,0,1530,0,474,0,7430,0,16,0,4,12,836,118,21736
2026/07/15,09:30,22412,0,7084,3940,0,404,0,1538,2,476,0,7972,0,22,0,2,4,852,116,22412
2026/07/15,10:00,22550,0,6964,3952,0,406,0,1466,0,474,0,8316,0,14,0,4,8,822,124,22550
2026/07/15,10:30,22966,0,7212,3938,0,398,0,1462,2,476,0,8662,0,16,0,2,8,678,112,22966
2026/07/15,11:00,23190,0,6684,3946,0,406,0,1472,2,474,0,8732,0,18,0,4,4,1344,104,23190
2026/07/15,11:30,23126,0,6974,3940,0,398,0,1480,2,474,0,8724,0,24,0,2,2,1034,72,23126
2026/07/15,12:00,22562,0,7466,3954,0,392,0,1518,2,474,0,8430,0,26,0,4,4,232,60,22562
2026/07/15,12:30,22704,0,7376,3936,0,396,0,1594,0,478,0,8258,0,30,0,2,4,574,56,22704
2026/07/15,13:00,23414,0,8012,3944,0,408,0,1704,2,476,0,7802,0,36,0,6,6,964,54,23414
2026/07/15,13:30,23786,0,8312,3938,0,406,0,1770,0,470,0,7166,0,48,0,148,6,1468,54,23786
2026/07/15,14:00,23680,0,9060,3952,0,410,0,1878,2,474,0,5932,0,50,0,170,10,1692,50,23680
2026/07/15,14:30,23596,0,10076,3938,0,410,0,1926,2,476,0,4862,0,50,0,378,8,1416,54,23596
2026/07/15,15:00,23302,0,10508,3952,0,412,0,1980,2,476,0,3828,0,50,0,938,14,1052,90,23302
2026/07/15,15:30,23114,0,10412,3940,0,412,0,2062,2,482,0,2962,0,50,0,1094,10,1598,90,23114
2026/07/15,16:00,22756,0,9534,3946,0,414,0,2080,0,476,0,2328,0,38,0,462,26,3352,100,22756
2026/07/15,16:30,22358,0,10378,3944,0,414,0,2174,2,482,0,1678,0,28,0,306,18,2816,118,22358
2026/07/15,17:00,21532,0,10230,3952,0,422,0,2166,2,480,0,1018,0,22,0,332,22,2750,136,21532
2026/07/15,17:30,21070,0,10164,3944,0,418,0,2174,0,484,0,592,0,24,0,360,34,2734,142,21070
2026/07/15,18:00,20784,0,10082,3944,0,420,0,2152,2,482,0,216,0,22,0,384,34,2900,146,20784
2026/07/15,18:30,20556,0,10104,3940,0,422,0,2030,2,482,0,60,0,24,0,388,26,2930,148,20556
2026/07/15,19:00,20188,0,9872,3900,0,416,0,2012,2,478,0,0,0,28,0,392,16,2908,164,20188
2026/07/15,19:30,19694,0,9536,3888,0,418,0,1980,0,482,0,0,0,28,0,382,14,2820,146,19694
2026/07/15,20:00,19366,0,9074,3896,0,418,0,1894,2,482,0,0,0,26,0,392,8,3032,142,19366
2026/07/15,20:30,19020,0,9168,3896,0,418,0,1848,2,482,0,0,0,22,0,396,12,2656,120,19020
2026/07/15,21:00,18744,0,8970,3900,0,432,0,1728,2,484,0,0,0,26,0,486,8,2582,126,18744
2026/07/15,21:30,18294,0,8602,3892,0,432,0,1710,0,480,0,0,0,30,0,300,8,2722,118,18294
2026/07/15,22:00,17884,0,8404,3892,0,416,0,1674,2,478,0,0,0,32,0,314,4,2550,118,17884
2026/07/15,22:30,17474,0,8254,3890,0,422,0,1678,2,482,0,0,0,40,0,98,0,2498,110,17474
2026/07/15,23:00,17132,0,7884,3900,0,414,0,1620,0,476,0,0,0,44,0,124,6,2546,118,17132
2026/07/15,23:30,16568,0,7480,3894,0,400,0,1580,2,486,0,0,0,48,0,46,0,2522,110,16568
2026/07/16,00:00,15946,0,7350,3902,0,398,0,1438,2,482,0,0,0,44,0,4,0,2218,108,15946
2026/07/16,00:30,15190,0,6364,3884,0,396,0,1394,2,482,0,0,0,56,0,2,2,2500,108,15190
2026/07/16,01:00,14916,0,6106,3910,0,396,0,1306,2,484,0,0,0,54,0,2,0,2546,110,14916
2026/07/16,01:30,14468,0,5802,3888,0,394,0,1276,2,486,0,0,0,48,0,4,0,2464,104,14468
2026/07/16,02:00,14342,0,5756,3904,0,392,0,1274,0,480,0,0,0,56,0,4,2,2372,102,14342
2026/07/16,02:30,14242,0,5798,3880,0,390,0,1258,2,484,0,0,0,74,0,2,0,2254,100,14242
2026/07/16,03:00,14166,0,5874,3902,0,400,0,1256,0,486,0,0,0,74,0,4,2,2062,106,14166
2026/07/16,03:30,14030,0,5718,3888,0,396,0,1252,2,482,0,0,0,70,0,2,2,2112,106,14030
2026/07/16,04:00,14116,0,5888,3902,0,396,0,1252,2,482,0,0,0,76,0,4,0,1990,124,14116
2026/07/16,04:30,14152,0,6038,3892,0,396,0,1250,2,484,0,6,0,94,0,2,0,1872,116,14152
2026/07/16,05:00,14098,0,5790,3896,0,396,0,1258,2,482,0,64,0,76,0,0,0,2012,122,14098
2026/07/16,05:30,14232,0,5996,3894,0,392,0,1230,2,488,0,440,0,64,0,-138,0,1756,108,14232
2026/07/16,06:00,14622,0,6266,3904,0,388,0,1286,0,482,0,1014,0,60,0,-228,0,1358,92,14622
2026/07/16,06:30,15582,0,6156,3892,0,388,0,1338,2,488,0,1856,0,64,0,-234,0,1540,92,15582
2026/07/16,07:00,16816,0,6214,3902,0,388,0,1358,0,480,0,2980,0,62,0,-236,0,1576,92,16816
2026/07/16,07:30,17970,0,6634,3892,0,388,0,1378,2,486,0,4092,0,56,0,-230,0,1186,86,17970
2026/07/16,08:00,19950,0,7334,3902,0,388,0,1370,2,484,0,5222,0,44,0,-124,0,1242,86,19950
2026/07/16,08:30,21574,0,8232,3896,0,404,0,1384,2,480,0,6168,0,36,0,74,2,808,88,21574
2026/07/16,09:00,22876,0,8276,3902,0,410,0,1418,2,472,0,6892,0,32,0,156,0,1214,102,22876
2026/07/16,09:30,23110,0,8168,3896,0,404,0,1400,0,480,0,7376,0,32,0,82,0,1168,104,23110
2026/07/16,10:00,23484,0,7658,3900,0,408,0,1418,2,468,0,7948,0,38,0,8,2,1526,108,23484
2026/07/16,10:30,23812,0,7888,3890,0,408,0,1436,2,470,0,8254,0,34,0,72,0,1250,108,23812
2026/07/16,11:00,23962,0,7682,3902,0,402,0,1426,2,460,0,8504,0,32,0,80,6,1358,108,23962
2026/07/16,11:30,24226,0,7500,3900,0,404,0,1450,0,468,0,8494,0,34,0,74,0,1796,106,24226
2026/07/16,12:00,23226,0,6424,3914,0,388,0,1378,2,470,0,8264,0,40,0,-154,0,2394,106,23226
2026/07/16,12:30,23022,0,6532,3910,0,390,0,1476,2,480,0,7746,0,36,0,-312,2,2654,106,23022
2026/07/16,13:00,23874,0,8180,3936,0,394,0,1620,0,478,0,7218,0,36,0,166,0,1744,102,23874
2026/07/16,13:30,24156,0,8962,4014,0,394,0,1712,2,482,0,6554,0,32,0,172,2,1734,96,24156
2026/07/16,14:00,24132,0,9236,4032,0,392,0,1766,2,478,0,6170,0,30,0,152,8,1762,104,24132
2026/07/16,14:30,24150,0,9692,4084,0,396,0,1874,0,482,0,5988,0,26,0,156,6,1346,100,24150
2026/07/16,15:00,23780,0,9586,4188,0,398,0,1904,2,480,0,5196,0,28,0,184,4,1706,104,23780
2026/07/16,15:30,23772,0,9830,4300,0,400,0,1956,2,480,0,4360,0,38,0,468,14,1822,102,23772
2026/07/16,16:00,23556,0,9900,4414,0,404,0,2086,2,484,0,3352,0,36,0,688,16,2036,138,23556
2026/07/16,16:30,23218,0,10044,4402,0,408,0,2158,0,478,0,2610,0,38,0,1760,32,1134,154,23218
2026/07/16,17:00,22500,0,10124,4508,0,410,0,2168,2,482,0,1828,0,38,0,1102,20,1646,172,22500
2026/07/16,17:30,21982,0,10166,4494,0,410,0,2174,0,490,0,998,0,24,0,1834,46,1178,168,21982
2026/07/16,18:00,21548,0,10256,4504,0,412,0,2176,2,484,0,360,0,14,0,1510,28,1634,168,21548
2026/07/16,18:30,21212,0,9918,4498,0,416,0,2168,2,490,0,62,0,20,0,572,44,2874,148,21212
2026/07/16,19:00,20716,0,9896,4536,0,414,0,2118,2,484,0,0,0,28,0,614,30,2410,184,20716
2026/07/16,19:30,20110,0,9364,4630,0,426,0,2000,0,488,0,0,0,20,0,628,16,2376,162,20110
2026/07/16,20:00,19554,0,8738,4694,0,430,0,1844,2,486,0,0,0,26,0,326,14,2846,148,19554
2026/07/16,20:30,19214,0,9148,4684,0,422,0,1782,2,492,0,0,0,24,0,100,2,2416,142,19214
2026/07/16,21:00,18790,0,9196,4650,0,420,0,1662,2,482,0,0,0,24,0,54,0,2172,128,18790
2026/07/16,21:30,18150,0,9278,4388,0,418,0,1624,0,494,0,0,0,32,0,54,4,1732,126,18150
2026/07/16,22:00,17834,0,9026,4334,0,424,0,1584,2,488,0,0,0,32,0,60,2,1752,130,17834
2026/07/16,22:30,17290,0,8312,4314,0,420,0,1572,2,494,0,0,0,38,0,6,0,2010,122,17290
2026/07/16,23:00,16860,0,7970,4112,0,412,0,1526,2,486,0,0,0,34,0,4,0,2208,106,16860
2026/07/16,23:30,16206,0,7600,4082,0,404,0,1488,0,498,0,0,0,26,0,-2,0,2002,108,16206
2026/07/17,00:00,15504,0,7202,4172,0,402,0,1348,2,488,0,0,0,14,0,-58,0,1820,114,15504
2026/07/17,00:30,14912,0,6940,4192,0,398,0,1326,2,492,0,0,0,12,0,-48,0,1484,114,14912
2026/07/17,01:00,14432,0,6402,4194,0,390,0,1320,2,490,0,0,0,8,0,-48,2,1550,122,14432
2026/07/17,01:30,14146,0,5946,4194,0,394,0,1310,0,494,0,0,0,6,0,-48,0,1736,114,14146
2026/07/17,02:00,13814,0,5462,4198,0,404,0,1262,2,488,0,0,0,4,0,-60,0,1932,122,13814
2026/07/17,02:30,13644,0,5470,4198,0,392,0,1218,2,494,0,0,0,4,0,-54,0,1804,116,13644
2026/07/17,03:00,13620,0,5416,4198,0,396,0,1210,0,490,0,0,0,6,0,-54,0,1852,106,13620
2026/07/17,03:30,13506,0,5110,4190,0,400,0,1228,2,494,0,0,0,2,0,-58,2,2046,90,13506
2026/07/17,04:00,13448,0,5366,4194,0,402,0,1236,2,488,0,0,0,4,0,-152,0,1820,88,13448
2026/07/17,04:30,13622,0,5618,4194,0,398,0,1252,2,494,0,0,0,0,0,-290,0,1866,88,13622
2026/07/17,05:00,13688,0,5570,4134,0,400,0,1218,2,480,0,60,0,0,0,-288,0,2032,80,13688
2026/07/17,05:30,13710,0,5438,4002,0,394,0,1214,2,488,0,384,0,0,0,-294,0,2008,74,13710
2026/07/17,06:00,14194,0,5596,3800,0,390,0,1200,0,482,0,824,0,0,0,-192,0,2016,78,14194
2026/07/17,06:30,14846,0,5048,3802,0,394,0,1206,2,490,0,1498,0,0,0,-84,0,2416,74,14846
2026/07/17,07:00,15968,0,5616,3808,0,386,0,1236,0,480,0,2440,0,2,0,4,0,1918,78,15968
2026/07/17,07:30,17290,0,5774,3800,0,392,0,1270,2,484,0,3682,0,0,0,2,2,1808,74,17290
2026/07/17,08:00,19182,0,6760,3800,0,402,0,1352,2,474,0,4706,0,2,0,4,0,1586,94,19182
2026/07/17,08:30,20816,0,7640,3802,0,396,0,1376,2,480,0,5314,0,2,0,228,0,1482,94,20816
2026/07/17,09:00,21796,0,7696,3792,0,408,0,1400,2,474,0,6040,0,2,0,544,0,1332,106,21796
2026/07/17,09:30,22468,0,7954,3804,0,412,0,1400,2,476,0,6678,0,4,0,262,2,1370,104,22468
2026/07/17,10:00,22712,0,7830,3808,0,416,0,1412,0,470,0,7284,0,2,0,4,0,1368,118,22712
2026/07/17,10:30,23070,0,7908,3796,0,406,0,1410,2,482,0,7680,0,6,0,2,0,1256,122,23070
2026/07/17,11:00,23304,0,8050,3804,0,406,0,1410,0,472,0,7868,0,6,0,4,0,1152,132,23304
2026/07/17,11:30,23366,0,8048,3792,0,404,0,1404,2,474,0,7972,0,4,0,2,2,1134,128,23366
2026/07/17,12:00,22686,0,7262,3790,0,394,0,1428,2,478,0,7966,0,8,0,-92,0,1318,132,22686
2026/07/17,12:30,22756,0,7540,3792,0,396,0,1488,2,472,0,7828,0,14,0,-230,0,1326,128,22756
2026/07/17,13:00,23408,0,8270,3794,0,402,0,1580,2,470,0,7448,0,12,0,-14,2,1312,130,23408
2026/07/17,13:30,23770,0,8744,3794,0,406,0,1706,0,472,0,7130,0,22,0,94,6,1270,126,23770
2026/07/17,14:00,23806,0,8900,3788,0,412,0,1826,2,470,0,6560,0,18,0,186,10,1480,154,23806
2026/07/17,14:30,23716,0,9264,3786,0,404,0,1894,0,470,0,6136,0,14,0,296,12,1292,148,23716
2026/07/17,15:00,23284,0,9114,3794,0,402,0,1930,2,472,0,5386,0,20,0,240,2,1772,150,23284
2026/07/17,15:30,23342,0,8680,3786,0,400,0,1954,2,478,0,4498,0,20,0,634,8,2728,154,23342
2026/07/17,16:00,23142,0,8316,3794,0,408,0,1986,2,476,0,3666,0,16,0,998,18,3288,174,23142
2026/07/17,16:30,22726,0,8374,3790,0,410,0,2010,0,476,0,2616,0,18,0,1160,24,3678,170,22726
2026/07/17,17:00,21776,0,8532,3792,0,408,0,2042,2,478,0,1608,0,12,0,930,26,3770,176,21776
2026/07/17,17:30,21160,0,9034,3792,0,408,0,2108,0,488,0,858,0,16,0,836,30,3416,174,21160
2026/07/17,18:00,20738,0,9490,3788,0,406,0,2116,2,484,0,294,0,16,0,1012,28,2924,178,20738
2026/07/17,18:30,20456,0,9382,3798,0,406,0,2106,2,486,0,60,0,18,0,956,24,3046,172,20456
2026/07/17,19:00,20034,0,9330,3780,0,410,0,2110,2,482,0,0,0,26,0,868,26,2812,188,20034
2026/07/17,19:30,19512,0,8528,3782,0,412,0,2080,2,484,0,0,0,20,0,654,20,3362,168,19512
2026/07/17,20:00,19054,0,8180,3780,0,410,0,1954,0,482,0,0,0,24,0,720,14,3334,156,19054
2026/07/17,20:30,18720,0,7904,3786,0,408,0,1784,2,488,0,0,0,24,0,608,2,3572,142,18720
2026/07/17,21:00,18298,0,7476,3784,0,416,0,1672,0,482,0,0,0,24,0,378,4,3926,136,18298
2026/07/17,21:30,17892,0,7820,3766,0,414,0,1582,2,492,0,0,0,26,0,238,4,3416,132,17892
2026/07/17,22:00,17712,0,7920,3794,0,420,0,1480,2,488,0,0,0,22,0,246,4,3212,124,17712
2026/07/17,22:30,17208,0,7606,3764,0,424,0,1422,2,490,0,0,0,18,0,124,0,3234,124,17208
2026/07/17,23:00,16870,0,7574,3796,0,428,0,1398,2,486,0,0,0,14,0,74,4,2968,126,16870
2026/07/17,23:30,16348,0,6770,3786,0,406,0,1382,0,490,0,0,0,20,0,68,0,3296,130,16348
2026/07/18,00:00,15632,0,6664,3790,0,396,0,1378,2,488,0,0,0,18,0,80,4,2688,124,15632
2026/07/18,00:30,15084,0,5794,3766,0,410,0,1348,0,488,0,0,0,20,0,498,4,2634,122,15084
2026/07/18,01:00,14522,0,5014,3794,0,404,0,1346,2,488,0,0,0,22,0,208,2,3110,132,14522
2026/07/18,01:30,14132,0,4432,3770,0,406,0,1338,2,490,0,0,0,28,0,50,0,3486,130,14132
2026/07/18,02:00,13912,0,4120,3790,0,422,0,1306,2,488,0,0,0,22,0,6,2,3616,138,13912
2026/07/18,02:30,13788,0,4008,3774,0,408,0,1280,2,488,0,0,0,18,0,2,0,3674,134,13788
2026/07/18,03:00,13642,0,3948,3668,0,440,0,1262,0,488,0,0,0,16,0,4,0,3674,142,13642
2026/07/18,03:30,13658,0,4136,3580,0,450,0,1252,2,490,0,0,0,18,0,2,2,3590,136,13658
2026/07/18,04:00,13416,0,4056,3682,0,464,0,1242,2,488,0,0,0,14,0,4,0,3322,142,13416
2026/07/18,04:30,13348,0,3924,3574,0,452,0,1238,0,494,0,0,0,18,0,2,2,3508,136,13348
2026/07/18,05:00,13092,0,3854,3602,0,434,0,1220,2,486,0,40,0,14,0,4,0,3316,120,13092
2026/07/18,05:30,12890,0,4016,3440,0,432,0,1226,2,490,0,322,0,16,0,-172,0,3008,110,12890
2026/07/18,06:00,12958,0,4146,3316,0,436,0,1218,2,486,0,764,0,14,0,-558,0,3032,102,12958
2026/07/18,06:30,13122,0,4108,3432,0,420,0,1218,2,490,0,1364,0,20,0,-716,0,2702,82,13122
2026/07/18,07:00,13572,0,4218,3368,0,422,0,1150,0,482,0,1908,0,30,0,-882,2,2810,64,13572
2026/07/18,07:30,14182,0,4374,3510,0,408,0,1150,2,486,0,2586,0,42,0,-930,2,2492,60,14182
2026/07/18,08:00,14938,0,4484,3736,0,430,0,1166,2,480,0,3260,0,40,0,-594,2,1870,62,14938
2026/07/18,08:30,15634,0,4346,3684,0,412,0,1186,2,482,0,4016,0,48,0,-554,4,1952,56,15634
2026/07/18,09:00,16190,0,4524,3750,0,410,0,1224,2,480,0,4698,0,50,0,-560,2,1534,76,16190
2026/07/18,09:30,16548,0,4622,3742,0,402,0,1254,0,480,0,5358,0,44,0,-554,2,1114,84,16548
2026/07/18,10:00,16840,0,4470,3766,0,402,0,1236,2,480,0,5726,0,42,0,-564,0,1190,90,16840
2026/07/18,10:30,16994,0,4404,3724,0,408,0,1232,0,486,0,6046,0,44,0,-1084,0,1640,94,16994
2026/07/18,11:00,17130,0,4542,3766,0,402,0,1228,2,478,0,6188,0,44,0,-1582,2,1966,94,17130
2026/07/18,11:30,17042,0,5026,3734,0,392,0,1226,2,486,0,6140,0,56,0,-1632,4,1512,96,17042
2026/07/18,12:00,16956,0,4670,3768,0,396,0,1220,2,480,0,6212,0,66,0,-1632,2,1676,96,16956
2026/07/18,12:30,16724,0,4294,3720,0,388,0,1228,2,484,0,6378,0,76,0,-1620,0,1684,90,16724
2026/07/18,13:00,16752,0,5110,3752,0,412,0,1242,0,484,0,6222,0,88,0,-1604,4,928,114,16752
2026/07/18,13:30,16604,0,4596,3698,0,398,0,1296,2,482,0,6278,0,92,0,-1386,2,1032,114,16604
2026/07/18,14:00,16822,0,4738,3762,0,394,0,1310,0,470,0,6058,0,82,0,-1236,0,1114,130,16822
2026/07/18,14:30,16574,0,5076,3740,0,400,0,1340,2,456,0,5374,0,72,0,-734,2,722,124,16574
2026/07/18,15:00,16530,0,4532,3766,0,412,0,1486,2,442,0,4770,0,80,0,-14,2,912,140,16530
2026/07/18,15:30,16276,0,4576,3748,0,418,0,1544,2,442,0,4090,0,84,0,2,4,1218,148,16276
2026/07/18,16:00,16244,0,5036,3770,0,412,0,1644,2,434,0,3138,0,82,0,42,8,1506,170,16244
2026/07/18,16:30,16034,0,4834,3768,0,406,0,1686,0,440,0,2314,0,70,0,412,22,1912,170,16034
2026/07/18,17:00,15846,0,5032,3790,0,412,0,1748,2,440,0,1434,0,68,0,586,14,2166,154,15846
2026/07/18,17:30,15618,0,5538,3768,0,414,0,1810,0,444,0,698,0,68,0,1490,38,1210,140,15618
2026/07/18,18:00,15624,0,5366,3792,0,420,0,1836,2,434,0,216,0,64,0,944,42,2376,132,15624
2026/07/18,18:30,15376,0,5406,3764,0,416,0,1942,2,446,0,34,0,64,0,446,42,2682,132,15376
2026/07/18,19:00,15490,0,5728,3800,0,412,0,1908,2,440,0,0,0,72,0,490,34,2476,128,15490
2026/07/18,19:30,15060,0,5104,3764,0,418,0,1790,0,442,0,0,0,72,0,498,38,2812,122,15060
2026/07/18,20:00,14932,0,5186,3790,0,422,0,1740,2,440,0,0,0,78,0,382,32,2736,124,14932
2026/07/18,20:30,14544,0,5128,3766,0,418,0,1706,0,444,0,0,0,72,0,92,20,2776,122,14544
2026/07/18,21:00,14384,0,5102,3794,0,408,0,1554,2,434,0,0,0,60,0,4,10,2890,126,14384
2026/07/18,21:30,14040,0,4896,3764,0,412,0,1502,2,442,0,0,0,60,0,2,6,2840,114,14040
2026/07/18,22:00,13742,0,4996,3792,0,410,0,1476,2,438,0,0,0,56,0,4,8,2446,114,13742
2026/07/18,22:30,13392,0,5220,3764,0,410,0,1374,2,442,0,0,0,52,0,2,6,2006,114,13392
2026/07/18,23:00,13246,0,5020,3794,0,404,0,1298,2,442,0,0,0,42,0,4,10,2110,120,13246
2026/07/18,23:30,12696,0,4688,3782,0,416,0,1304,2,438,0,0,0,40,0,2,6,1910,108,12696
2026/07/19,00:00,12354,0,4730,3780,0,394,0,1332,2,442,0,0,0,38,0,4,6,1510,116,12354
2026/07/19,00:30,11882,0,4346,3766,0,398,0,1336,0,444,0,0,0,34,0,2,2,1438,116,11882
2026/07/19,01:00,11556,0,4378,3792,0,396,0,1326,2,440,0,0,0,32,0,4,6,1058,122,11556
2026/07/19,01:30,11332,0,4106,3766,0,398,0,1324,2,444,0,0,0,28,0,2,6,1128,128,11332
2026/07/19,02:00,11214,0,3964,3792,0,390,0,1328,2,442,0,0,0,18,0,4,4,1150,120,11214
2026/07/19,02:30,11180,0,4316,3766,0,398,0,1328,0,444,0,0,0,16,0,2,8,798,104,11180
2026/07/19,03:00,11274,0,4024,3794,0,390,0,1320,2,440,0,0,0,12,0,4,4,1178,106,11274
2026/07/19,03:30,11256,0,4408,3764,0,394,0,1320,2,446,0,0,0,12,0,2,4,804,100,11256
2026/07/19,04:00,11178,0,4524,3792,0,396,0,1314,0,442,0,0,0,10,0,4,8,582,106,11178
2026/07/19,04:30,11360,0,4372,3766,0,398,0,1302,2,446,0,6,0,12,0,2,16,940,98,11360
2026/07/19,05:00,11350,0,4338,3794,0,400,0,1302,2,444,0,38,0,4,0,4,8,914,102,11350
2026/07/19,05:30,11258,0,3718,3770,0,394,0,1300,2,442,0,252,0,6,0,-170,2,1444,98,11258
2026/07/19,06:00,11158,0,3630,3794,0,396,0,1290,2,442,0,624,0,2,0,-374,6,1246,100,11158
2026/07/19,06:30,11220,0,3258,3652,0,390,0,1274,2,444,0,1236,0,4,0,-710,6,1564,100,11220
2026/07/19,07:00,11680,0,3494,3510,0,398,0,1276,0,440,0,2078,0,2,0,-946,4,1322,102,11680
2026/07/19,07:30,12150,0,3722,3728,0,390,0,1264,2,442,0,2632,0,10,0,-938,2,786,110,12150
2026/07/19,08:00,12560,0,3474,3568,0,390,0,1258,0,440,0,3194,0,12,0,-718,12,818,112,12560
2026/07/19,08:30,13364,0,3892,3244,0,396,0,1250,2,440,0,3998,0,6,0,-512,2,536,110,13364
2026/07/19,09:00,13636,0,3640,3512,0,396,0,1258,2,440,0,4486,0,4,0,-740,2,528,108,13636
2026/07/19,09:30,14188,0,3896,3536,0,396,0,1234,2,436,0,5110,0,12,0,-738,2,190,112,14188
2026/07/19,10:00,14406,0,3532,3492,0,392,0,1210,2,438,0,5738,0,12,0,-742,2,218,112,14406
2026/07/19,10:30,14632,0,3758,3238,0,388,0,1212,0,442,0,6254,0,8,0,-740,2,-44,114,14632
2026/07/19,11:00,14926,0,4026,3122,0,392,0,1192,2,438,0,6584,0,6,0,-1004,2,54,112,14926
2026/07/19,11:30,15126,0,4430,3282,0,388,0,1196,0,442,0,6630,0,12,0,-970,2,-388,102,15126
2026/07/19,12:00,15156,0,3882,3432,0,386,0,1190,2,438,0,6450,0,14,0,-954,0,212,104,15156
2026/07/19,12:30,15178,0,3446,3320,0,386,0,1198,2,442,0,6586,0,10,0,-952,6,634,100,15178
2026/07/19,13:00,15262,0,3638,3148,0,388,0,1226,2,438,0,6488,0,14,0,-1200,4,996,120,15262
2026/07/19,13:30,15002,0,3444,3086,0,386,0,1244,2,442,0,6248,0,14,0,-1316,2,1332,118,15002
2026/07/19,14:00,15050,0,3680,3092,0,390,0,1294,0,438,0,5992,0,12,0,-1562,4,1578,132,15050
2026/07/19,14:30,15232,0,3672,3112,0,386,0,1318,2,438,0,5850,0,12,0,-1338,2,1650,128,15232
2026/07/19,15:00,15450,0,3988,3546,0,388,0,1372,0,436,0,5262,0,10,0,-1294,2,1606,134,15450
2026/07/19,15:30,15400,0,4146,3746,0,390,0,1384,2,446,0,4402,0,8,0,-602,2,1344,132,15400
2026/07/19,16:00,15594,0,4298,3788,0,390,0,1438,2,436,0,3556,0,6,0,40,4,1506,130,15594
2026/07/19,16:30,15662,0,5062,3758,0,404,0,1538,2,440,0,2654,0,4,0,582,26,1066,126,15662
2026/07/19,17:00,15614,0,5192,3788,0,412,0,1656,2,438,0,1716,0,6,0,800,22,1402,180,15614
2026/07/19,17:30,15642,0,5800,3752,0,420,0,1718,0,442,0,894,0,10,0,1530,34,860,182,15642
2026/07/19,18:00,15814,0,5924,3784,0,404,0,1774,0,434,0,310,0,4,0,2466,28,516,170,15814
2026/07/19,18:30,15672,0,5914,3762,0,406,0,1864,2,446,0,54,0,12,0,2184,32,840,156,15672
2026/07/19,19:00,15544,0,5852,3784,0,406,0,1858,2,438,0,0,0,8,0,652,30,2350,164,15544
2026/07/19,19:30,15440,0,5676,3764,0,414,0,1890,2,442,0,0,0,10,0,220,24,2840,158,15440
2026/07/19,20:00,15062,0,5712,3796,0,418,0,1682,2,438,0,0,0,8,0,104,24,2720,158,15062
2026/07/19,20:30,14796,0,5754,3770,0,406,0,1618,0,442,0,0,0,8,0,90,10,2544,154,14796
2026/07/19,21:00,14412,0,5574,3796,0,404,0,1602,2,440,0,0,0,6,0,280,10,2152,146,14412
2026/07/19,21:30,13904,0,5798,3766,0,418,0,1580,0,442,0,0,0,4,0,186,16,1554,140,13904
2026/07/19,22:00,13798,0,5574,3790,0,410,0,1514,2,444,0,0,0,6,0,124,6,1786,142,13798
2026/07/19,22:30,13286,0,5354,3772,0,412,0,1486,2,442,0,0,0,4,0,98,4,1570,142,13286
2026/07/19,23:00,13188,0,5506,3788,0,410,0,1350,2,444,0,0,0,2,0,28,4,1518,136,13188
2026/07/19,23:30,12646,0,5202,3776,0,406,0,1310,2,440,0,0,0,2,0,2,2,1372,132,12646
2026/07/20,00:00,12316,0,4616,3788,0,400,0,1302,2,440,0,0,0,2,0,4,2,1648,112,12316
2026/07/20,00:30,11770,0,4012,3510,0,424,0,1310,0,444,0,0,0,2,0,2,2,1954,110,11770
2026/07/20,01:00,11360,0,3888,3170,0,412,0,1290,2,440,0,0,0,0,0,0,0,2048,110,11360
2026/07/20,01:30,11278,0,4246,3062,0,402,0,1286,0,446,0,0,0,2,0,-546,4,2264,112,11278
2026/07/20,02:00,11258,0,4258,3608,0,396,0,1292,2,444,0,0,0,2,0,-748,0,1892,112,11258
2026/07/20,02:30,11102,0,3858,3476,0,400,0,1290,2,446,0,0,0,2,0,-476,2,1988,114,11102
2026/07/20,03:00,11356,0,4474,3144,0,398,0,1262,2,446,0,0,0,2,0,-684,0,2210,102,11356
2026/07/20,03:30,11512,0,4322,3244,0,410,0,1272,2,448,0,0,0,2,0,-696,2,2410,96,11512
2026/07/20,04:00,11524,0,4158,3316,0,408,0,1262,2,448,0,0,0,2,0,-692,0,2524,96,11524
2026/07/20,04:30,11834,0,4360,3372,0,402,0,1272,0,446,0,0,0,0,0,-696,2,2576,100,11834
2026/07/20,05:00,11868,0,4192,3628,0,400,0,1260,2,444,0,44,0,0,0,-468,2,2270,94,11868
2026/07/20,05:30,12082,0,4406,3650,0,398,0,1278,2,446,0,332,0,0,0,-462,0,1936,96,12082
2026/07/20,06:00,12292,0,4428,3510,0,396,0,1240,2,444,0,858,0,0,0,-772,2,2098,86,12292
2026/07/20,06:30,13120,0,4850,3716,0,392,0,1218,2,450,0,1746,0,4,0,-820,0,1500,62,13120
2026/07/20,07:00,13946,0,4718,3768,0,398,0,1210,0,442,0,2726,0,6,0,-818,2,1420,74,13946
2026/07/20,07:30,15178,0,4596,3710,0,388,0,1186,2,442,0,3916,0,4,0,-814,6,1672,70,15178
2026/07/20,08:00,16776,0,4516,3304,0,402,0,1142,0,442,0,5174,0,2,0,-936,2,2638,90,16776
2026/07/20,08:30,18036,0,4664,3386,0,400,0,1144,2,440,0,6088,0,2,0,-638,6,2446,96,18036
2026/07/20,09:00,18976,0,4670,3450,0,398,0,1108,2,442,0,6890,0,2,0,-608,6,2498,118,18976
2026/07/20,09:30,19574,0,4952,3690,0,392,0,1108,2,438,0,7518,0,4,0,-612,8,1962,112,19574
2026/07/20,10:00,19814,0,4980,3762,0,390,0,1114,2,438,0,7868,0,4,0,-610,4,1726,136,19814
2026/07/20,10:30,20294,0,5324,3756,0,388,0,1116,0,444,0,8338,0,4,0,-612,8,1394,134,20294
2026/07/20,11:00,20384,0,5306,3792,0,400,0,1102,2,438,0,8494,0,6,0,-722,0,1428,138,20384
2026/07/20,11:30,20644,0,5408,3766,0,404,0,1122,0,440,0,8664,0,8,0,-796,4,1490,134,20644
2026/07/20,12:00,20330,0,4962,3772,0,386,0,1144,2,436,0,8614,0,6,0,-516,4,1392,128,20330
2026/07/20,12:30,20638,0,5880,3726,0,384,0,1136,2,442,0,8612,0,8,0,-940,4,1260,124,20638
2026/07/20,13:00,21350,0,5968,3790,0,386,0,1174,2,440,0,8460,0,6,0,-338,0,1334,128,21350
2026/07/20,13:30,21488,0,6198,3800,0,386,0,1210,2,438,0,8052,0,8,0,2,2,1264,126,21488
2026/07/20,14:00,21582,0,6278,3834,0,384,0,1314,0,438,0,7478,0,8,0,4,2,1712,130,21582
2026/07/20,14:30,21500,0,7350,3906,0,392,0,1372,2,440,0,6848,0,4,0,54,2,1008,122,21500
2026/07/20,15:00,21520,0,7816,4062,0,392,0,1462,0,440,0,5972,0,4,0,144,10,1082,136,21520
2026/07/20,15:30,21442,0,8424,4060,0,392,0,1558,2,438,0,5002,0,4,0,54,16,1358,134,21442
2026/07/20,16:00,21542,0,9148,4108,0,400,0,1590,0,434,0,4012,0,4,0,480,8,1222,136,21542
2026/07/20,16:30,21304,0,9544,4234,0,402,0,1628,2,438,0,2800,0,4,0,1650,30,440,132,21304
2026/07/20,17:00,21052,0,9772,4524,0,406,0,1722,2,442,0,1712,0,2,0,2162,14,122,172,21052
2026/07/20,17:30,20738,0,8930,4750,0,422,0,1756,2,442,0,858,0,2,0,838,20,2546,172,20738
2026/07/20,18:00,20592,0,9884,4808,0,408,0,1822,2,444,0,292,0,4,0,1278,34,1456,160,20592
2026/07/20,18:30,20346,0,9958,4774,0,410,0,1908,0,444,0,52,0,0,0,1586,22,1046,146,20346
2026/07/20,19:00,19978,0,9936,4802,0,406,0,1876,2,444,0,0,0,4,0,1394,22,940,152,19978
2026/07/20,19:30,19578,0,9800,4776,0,430,0,1854,0,442,0,0,0,6,0,904,22,1192,152,19578
2026/07/20,20:00,19066,0,9514,4800,0,426,0,1826,2,442,0,0,0,10,0,350,4,1536,156,19066
2026/07/20,20:30,18790,0,9544,4774,0,410,0,1636,2,444,0,0,0,10,0,130,2,1690,148,18790
2026/07/20,21:00,18344,0,9448,4804,0,424,0,1418,2,442,0,0,0,16,0,110,2,1544,134,18344
2026/07/20,21:30,18068,0,8942,4766,0,422,0,1424,0,448,0,0,0,14,0,36,2,1880,134,18068
2026/07/20,22:00,17454,0,8522,4804,0,416,0,1306,2,440,0,0,0,18,0,34,4,1768,140,17454
2026/07/20,22:30,17110,0,8194,4770,0,412,0,1260,0,448,0,0,0,26,0,32,2,1826,140,17110
2026/07/20,23:00,16742,0,7778,4804,0,408,0,1206,2,444,0,0,0,22,0,36,0,1916,126,16742
2026/07/20,23:30,16196,0,7708,4788,0,424,0,1176,2,446,0,0,0,20,0,4,2,1506,120,16196
2026/07/21,00:00,15422,0,7630,4788,0,414,0,1138,2,446,0,0,0,20,0,-76,0,940,120,15422
2026/07/21,00:30,14856,0,6906,4784,0,396,0,1110,2,444,0,0,0,18,0,-256,0,1334,118,14856
2026/07/21,01:00,14372,0,6924,4804,0,398,0,1100,0,446,0,0,0,20,0,-842,0,1404,118,14372
2026/07/21,01:30,14120,0,6890,4786,0,400,0,1080,2,446,0,0,0,18,0,-1042,2,1422,116,14120
2026/07/21,02:00,13766,0,6852,4812,0,404,0,1140,0,448,0,0,0,14,0,-1176,0,1158,114,13766
2026/07/21,02:30,13920,0,7254,4782,0,396,0,1100,2,444,0,0,0,16,0,-1356,0,1192,90,13920
2026/07/21,03:00,13800,0,7160,4816,0,398,0,1106,2,446,0,0,0,20,0,-1366,0,1134,84,13800
2026/07/21,03:30,13748,0,6984,4788,0,396,0,1094,2,448,0,0,0,16,0,-1344,0,1312,52,13748
2026/07/21,04:00,13724,0,6988,4810,0,400,0,1136,2,444,0,0,0,14,0,-1350,2,1208,70,13724
2026/07/21,04:30,13744,0,6912,4790,0,410,0,1124,2,452,0,0,0,12,0,-1324,0,1304,62,13744
2026/07/21,05:00,13942,0,6730,4808,0,396,0,1118,0,448,0,48,0,10,0,-872,0,1192,64,13942
2026/07/21,05:30,13938,0,6156,4788,0,396,0,1114,2,448,0,358,0,10,0,-484,2,1092,56,13938
2026/07/21,06:00,14458,0,6156,4816,0,390,0,1106,2,448,0,958,0,8,0,-80,0,592,62,14458
2026/07/21,06:30,15406,0,6786,4786,0,390,0,1086,2,446,0,1862,0,6,0,2,0,-18,58,15406
2026/07/21,07:00,16504,0,6824,4814,0,386,0,1080,0,444,0,2836,0,6,0,4,2,46,62,16504
2026/07/21,07:30,18076,0,7162,4786,0,386,0,1070,2,446,0,3986,0,6,0,4,0,166,62,18076
2026/07/21,08:00,19986,0,7554,4812,0,386,0,1138,2,438,0,5012,0,8,0,54,2,474,106,19986
2026/07/21,08:30,21630,0,8124,4790,0,388,0,1208,0,442,0,5972,0,6,0,50,4,526,120,21630
2026/07/21,09:00,22978,0,7918,4812,0,400,0,1302,2,438,0,6948,0,6,0,52,6,968,126,22978
2026/07/21,09:30,23574,0,8140,4786,0,402,0,1364,2,444,0,7606,0,2,0,60,0,646,122,23574
2026/07/21,10:00,23840,0,8370,4814,0,396,0,1464,2,440,0,8082,0,6,0,42,4,90,130,23840
2026/07/21,10:30,24148,0,8224,4786,0,400,0,1474,2,442,0,8306,0,4,0,40,8,336,126,24148
2026/07/21,11:00,24446,0,8126,4812,0,402,0,1522,0,430,0,8530,0,2,0,42,2,472,106,24446
2026/07/21,11:30,24560,0,8642,4786,0,398,0,1530,0,442,0,8558,0,4,0,40,4,54,102,24560
2026/07/21,12:00,23968,0,7924,4802,0,394,0,1424,2,438,0,8508,0,2,0,16,0,360,98,23968
2026/07/21,12:30,24056,0,8516,4782,0,396,0,1424,2,442,0,8458,0,6,0,-102,0,36,96,24056
2026/07/21,13:00,25004,0,9350,4816,0,394,0,1482,2,434,0,8180,0,4,0,114,0,126,102,25004
2026/07/21,13:30,25240,0,9454,4788,0,394,0,1630,0,442,0,7710,0,8,0,238,2,440,134,25240
2026/07/21,14:00,25422,0,10100,4812,0,396,0,1672,2,434,0,7238,0,6,0,232,6,372,152,25422
2026/07/21,14:30,25302,0,10524,4788,0,404,0,1686,2,436,0,6538,0,8,0,242,8,514,152,25302
2026/07/21,15:00,25002,0,10542,4808,0,402,0,1732,0,436,0,5712,0,10,0,366,10,826,158,25002
2026/07/21,15:30,25026,0,10886,4788,0,402,0,1794,0,444,0,4738,0,10,0,410,16,1378,160,25026
2026/07/21,16:00,25076,0,11036,4810,0,400,0,1860,2,442,0,3798,0,10,0,1026,24,1514,154,25076
2026/07/21,16:30,24780,0,11156,4792,0,410,0,1934,2,448,0,2702,0,12,0,2012,24,1154,134,24780
2026/07/21,17:00,24026,0,11208,4804,0,432,0,1962,2,444,0,1696,0,8,0,2436,20,880,134,24026
2026/07/21,17:30,23436,0,11070,4790,0,424,0,1968,0,448,0,836,0,10,0,2154,22,1584,130,23436
2026/07/21,18:00,23038,0,11216,4814,0,404,0,1962,0,446,0,274,0,10,0,2392,26,1356,138,23038
2026/07/21,18:30,22632,0,11126,4784,0,412,0,1934,2,444,0,70,0,8,0,2974,40,706,132,22632
2026/07/21,19:00,22130,0,11032,4816,0,412,0,1936,0,444,0,0,0,16,0,2022,20,1270,162,22130
2026/07/21,19:30,21586,0,11142,4786,0,420,0,1854,2,448,0,0,0,10,0,1400,12,1350,162,21586
2026/07/21,20:00,20950,0,10750,4812,0,414,0,1774,2,446,0,0,0,14,0,492,10,2062,174,20950
2026/07/21,20:30,20454,0,10750,4790,0,410,0,1718,0,450,0,0,0,14,0,250,10,1900,162,20454
2026/07/21,21:00,20042,0,10584,4816,0,410,0,1676,2,444,0,0,0,14,0,254,10,1664,168,20042
2026/07/21,21:30,19666,0,9854,4792,0,410,0,1634,0,450,0,0,0,16,0,172,14,2170,154,19666
2026/07/21,22:00,19096,0,8600,4806,0,404,0,1472,2,450,0,0,0,20,0,56,6,3152,128,19096
2026/07/21,22:30,18526,0,9018,4784,0,418,0,1346,0,452,0,0,0,18,0,2,4,2360,124,18526
2026/07/21,23:00,18234,0,9174,4810,0,406,0,1298,2,448,0,0,0,22,0,4,4,1944,122,18234
2026/07/21,23:30,17368,0,8296,4806,0,406,0,1302,2,448,0,0,0,18,0,2,2,1972,114,17368
2026/07/22,00:00,16698,0,8572,4806,0,402,0,1246,0,448,0,0,0,16,0,4,0,1106,98,16698
2026/07/22,00:30,15862,0,8368,4786,0,396,0,1218,0,452,0,0,0,12,0,-118,2,654,92,15862
2026/07/22,01:00,15448,0,8970,4814,0,392,0,1184,0,450,0,0,0,14,0,-472,0,-2,98,15448
2026/07/22,01:30,15218,0,9094,4790,0,392,0,1174,0,454,0,0,0,8,0,-546,2,-246,96,15218
2026/07/22,02:00,14852,0,7962,4814,0,420,0,1164,0,448,0,0,0,12,0,-1158,2,1086,102,14852
2026/07/22,02:30,14790,0,8348,4784,0,404,0,1156,0,450,0,0,0,10,0,-1646,0,1186,98,14790
2026/07/22,03:00,14696,0,8502,4816,0,396,0,1144,0,444,0,0,0,16,0,-1644,2,922,98,14696
2026/07/22,03:30,14660,0,8572,4790,0,396,0,1128,0,450,0,0,0,20,0,-1640,0,840,104,14660
2026/07/22,04:00,14548,0,8528,4812,0,402,0,1138,0,444,0,0,0,24,0,-1642,0,746,96,14548
2026/07/22,04:30,14548,0,8480,4790,0,420,0,1132,0,446,0,0,0,30,0,-1640,2,792,96,14548
2026/07/22,05:00,14698,0,8578,4812,0,402,0,1120,0,448,0,50,0,34,0,-1548,0,712,90,14698
2026/07/22,05:30,14916,0,8494,4784,0,398,0,1114,0,456,0,362,0,30,0,-1266,0,458,86,14916
2026/07/22,06:00,15290,0,8610,4814,0,394,0,1120,0,466,0,932,0,34,0,-1248,0,94,74,15290
2026/07/22,06:30,16264,0,8678,4788,0,392,0,1114,0,468,0,1770,0,22,0,-1000,2,-36,66,16264
2026/07/22,07:00,17440,0,8740,4810,0,394,0,1120,0,476,0,2782,0,16,0,-436,0,-538,76,17440
2026/07/22,07:30,18886,0,8576,4794,0,398,0,1152,0,474,0,3940,0,22,0,-322,0,-226,78,18886
2026/07/22,08:00,20862,0,8218,4810,0,398,0,1190,0,472,0,5110,0,24,0,-128,0,658,110,20862
2026/07/22,08:30,22534,0,8508,4788,0,390,0,1278,0,476,0,6134,0,20,0,2,0,806,132,22534
2026/07/22,09:00,23782,0,8088,4814,0,396,0,1460,0,476,0,6962,0,22,0,4,0,1370,190,23782
2026/07/22,09:30,24354,0,8118,4792,0,402,0,1496,0,480,0,7660,0,22,0,2,6,1176,200,24354
2026/07/22,10:00,24528,0,8042,4804,0,400,0,1530,0,476,0,8082,0,24,0,4,2,966,198,24528
2026/07/22,10:30,24848,0,8406,4790,0,400,0,1522,0,474,0,8404,0,22,0,2,6,630,192,24848
2026/07/22,11:00,25134,0,8494,4814,0,400,0,1570,0,470,0,8524,0,22,0,4,16,634,186,25134
2026/07/22,11:30,25282,0,8324,4782,0,398,0,1564,0,476,0,8590,0,24,0,36,6,900,182,25282
2026/07/22,12:00,24558,0,7666,4814,0,396,0,1528,0,474,0,8560,0,22,0,40,2,886,170,24558
2026/07/22,12:30,24530,0,7886,4790,0,412,0,1528,0,476,0,8396,0,32,0,38,2,806,164,24530
2026/07/22,13:00,25386,0,9146,4682,0,424,0,1560,0,472,0,8170,0,36,0,52,16,672,156,25386
2026/07/22,13:30,25580,0,9320,4502,0,406,0,1598,0,474,0,7742,0,44,0,52,4,1284,154,25580
2026/07/22,14:00,25766,0,9766,4506,0,400,0,1668,0,476,0,7318,0,42,0,70,16,1348,156,25766
2026/07/22,14:30,25662,0,10612,4512,0,404,0,1706,0,478,0,6686,0,48,0,74,8,980,154,25662
2026/07/22,15:00,25410,0,10308,4506,0,402,0,1718,0,476,0,5870,0,36,0,74,4,1844,172,25410
2026/07/22,15:30,25532,0,10990,4568,0,418,0,1772,0,482,0,5010,0,40,0,436,14,1632,170,25532
2026/07/22,16:00,25326,0,11022,4594,0,458,0,1814,0,476,0,3934,0,24,0,1416,10,1400,178,25326
2026/07/22,16:30,24824,0,11030,4626,0,504,0,1894,0,484,0,2824,0,34,0,2228,16,1008,176,24824
2026/07/22,17:00,24008,0,11058,4622,0,502,0,1934,0,488,0,1758,0,26,0,2008,24,1406,182,24008
2026/07/22,17:30,23406,0,11054,4700,0,502,0,1940,0,488,0,888,0,28,0,2352,16,1260,178,23406
2026/07/22,18:00,23004,0,11134,4718,0,494,0,1956,0,488,0,308,0,22,0,3302,26,376,180,23004
2026/07/22,18:30,22548,0,11122,4718,0,464,0,1936,0,488,0,48,0,24,0,3336,26,210,176,22548
2026/07/22,19:00,22008,0,11124,4714,0,466,0,1948,2,488,0,0,0,18,0,1960,16,1090,182,22008
2026/07/22,19:30,21584,0,10870,4702,0,436,0,1888,2,488,0,0,0,24,0,1546,20,1424,184,21584
2026/07/22,20:00,21180,0,10998,4704,0,424,0,1764,2,486,0,0,0,20,0,1128,14,1448,192,21180
2026/07/22,20:30,20638,0,10686,4702,0,422,0,1716,2,490,0,0,0,20,0,824,6,1582,188,20638
2026/07/22,21:00,20140,0,10216,4702,0,430,0,1624,2,484,0,0,0,22,0,332,10,2126,192,20140
2026/07/22,21:30,19554,0,9966,4692,0,424,0,1588,2,492,0,0,0,34,0,96,6,2066,188,19554
2026/07/22,22:00,19004,0,9406,4692,0,420,0,1552,2,486,0,0,0,32,0,4,6,2214,190,19004
2026/07/22,22:30,18410,0,9908,4704,0,422,0,1416,2,492,0,0,0,42,0,54,0,1186,184,18410
2026/07/22,23:00,17902,0,9510,4700,0,422,0,1298,2,490,0,0,0,46,0,84,0,1162,188,17902
2026/07/22,23:30,17318,0,8918,4702,0,420,0,1262,2,492,0,0,0,62,0,-2,0,1278,184,17318
2026/07/23,00:00,16420,0,8724,4698,0,406,0,1196,2,486,0,0,0,70,0,-8,0,676,170,16420
2026/07/23,00:30,15826,0,8960,4706,0,402,0,1160,2,488,0,0,0,76,0,-280,0,146,166,15826
2026/07/23,01:00,15402,0,9270,4706,0,402,0,1138,2,486,0,0,0,76,0,-508,0,-336,166,15402
2026/07/23,01:30,15066,0,9464,4698,0,386,0,1128,0,490,0,0,0,78,0,-810,0,-540,172,15066
2026/07/23,02:00,14666,0,9268,4706,0,392,0,1114,2,488,0,0,0,76,0,-1250,2,-282,150,14666
2026/07/23,02:30,14614,0,9804,4702,0,426,0,1094,0,496,0,0,0,82,0,-1530,0,-602,142,14614
2026/07/23,03:00,14376,0,10122,4698,0,418,0,1096,2,492,0,0,0,80,0,-1828,0,-836,132,14376
2026/07/23,03:30,14350,0,10156,4698,0,398,0,1086,2,494,0,0,0,84,0,-1814,0,-866,112,14350
2026/07/23,04:00,14224,0,9956,4708,0,424,0,1088,0,494,0,0,0,72,0,-1824,0,-822,128,14224
2026/07/23,04:30,14308,0,10012,4700,0,422,0,1068,2,496,0,0,0,86,0,-1810,0,-788,120,14308
2026/07/23,05:00,14420,0,9942,4702,0,426,0,1090,2,492,0,52,0,82,0,-1696,0,-788,116,14420
2026/07/23,05:30,14522,0,9220,4698,0,416,0,1068,2,492,0,392,0,70,0,-1376,0,-570,110,14522
2026/07/23,06:00,15180,0,9468,4706,0,396,0,1084,2,492,0,1078,0,52,0,-1248,0,-966,116,15180
2026/07/23,06:30,15960,0,8750,4700,0,410,0,1054,0,494,0,2102,0,46,0,-1224,0,-482,110,15960
2026/07/23,07:00,17198,0,8398,4702,0,388,0,1078,2,490,0,3290,0,52,0,-1004,0,-306,108,17198
2026/07/23,07:30,18434,0,8292,4654,0,390,0,1088,2,488,0,4484,0,40,0,-442,0,-664,102,18434
2026/07/23,08:00,20418,0,7980,4542,0,396,0,1128,2,488,0,5604,0,34,0,-50,6,160,128,20418
2026/07/23,08:30,22170,0,8526,4698,0,396,0,1226,0,488,0,6560,0,30,0,2,0,116,128,22170
2026/07/23,09:00,23392,0,8136,4698,0,402,0,1328,2,482,0,7394,0,24,0,4,2,736,184,23392
2026/07/23,09:30,23960,0,8042,4708,0,404,0,1388,2,484,0,7998,0,24,0,2,0,726,182,23960
2026/07/23,10:00,24308,0,8038,4694,0,388,0,1420,2,484,0,8460,0,20,0,4,2,608,188,24308
2026/07/23,10:30,24546,0,8124,4702,0,390,0,1418,2,482,0,8748,0,20,0,2,0,476,182,24546
2026/07/23,11:00,24718,0,8298,4704,0,392,0,1478,2,478,0,8894,0,16,0,42,2,222,190,24718
2026/07/23,11:30,24892,0,8152,4698,0,392,0,1524,2,482,0,8978,0,18,0,36,2,420,188,24892
2026/07/23,12:00,24158,0,7302,4700,0,388,0,1522,0,486,0,8888,0,18,0,-156,2,814,194,24158
2026/07/23,12:30,24202,0,7516,4706,0,390,0,1504,2,482,0,8802,0,22,0,-186,2,764,198,24202
2026/07/23,13:00,25192,0,8790,4706,0,388,0,1536,2,486,0,8596,0,20,0,-124,4,602,186,25192
2026/07/23,13:30,25492,0,9370,4702,0,388,0,1564,0,476,0,8176,0,24,0,76,14,524,178,25492
2026/07/23,14:00,25552,0,9590,4704,0,388,0,1622,2,480,0,7692,0,26,0,140,6,726,176,25552
2026/07/23,14:30,25572,0,10328,4702,0,418,0,1664,0,496,0,7032,0,28,0,274,2,458,170,25572
2026/07/23,15:00,25330,0,10664,4698,0,394,0,1746,2,496,0,6188,0,24,0,486,8,448,176,25330
2026/07/23,15:30,25446,0,10934,4704,0,400,0,1926,2,500,0,5198,0,22,0,1054,18,518,170,25446
2026/07/23,16:00,25404,0,11036,4702,0,400,0,1978,0,506,0,4116,0,26,0,2388,22,54,176,25404
2026/07/23,16:30,24972,0,11060,4704,0,428,0,1992,0,502,0,2994,0,28,0,2480,20,594,170,24972
2026/07/23,17:00,24026,0,11114,4718,0,472,0,2012,2,506,0,1886,0,32,0,2050,20,1044,170,24026
2026/07/23,17:30,23412,0,11128,4710,0,458,0,2032,2,510,0,926,0,32,0,2640,34,772,168,23412
2026/07/23,18:00,22828,0,11182,4716,0,462,0,2040,2,508,0,300,0,34,0,2550,30,834,170,22828
2026/07/23,18:30,22288,0,11190,4712,0,472,0,2046,0,520,0,54,0,38,0,2624,26,434,172,22288
2026/07/23,19:00,21680,0,11238,4720,0,476,0,1918,2,524,0,0,0,42,0,2536,20,18,186,21680
2026/07/23,19:30,21022,0,11242,4710,0,462,0,1840,0,522,0,0,0,38,0,2128,26,-124,178,21022
2026/07/23,20:00,20576,0,10846,4700,0,424,0,1714,2,528,0,0,0,38,0,1034,18,1088,184,20576
2026/07/23,20:30,20070,0,10694,4698,0,408,0,1652,2,524,0,0,0,44,0,260,14,1590,184,20070
2026/07/23,21:00,19596,0,10366,4708,0,410,0,1586,2,522,0,0,0,56,0,154,12,1600,180,19596
2026/07/23,21:30,19004,0,10072,4698,0,406,0,1556,0,524,0,0,0,78,0,120,10,1360,180,19004
2026/07/23,22:00,18594,0,9788,4700,0,414,0,1510,2,524,0,0,0,76,0,120,8,1284,168,18594
2026/07/23,22:30,17954,0,9476,4702,0,406,0,1390,2,526,0,0,0,74,0,6,4,1218,150,17954
2026/07/23,23:00,17512,0,9332,4702,0,408,0,1260,2,532,0,0,0,76,0,4,6,1054,136,17512
2026/07/23,23:30,16812,0,8936,4702,0,422,0,1228,2,536,0,0,0,72,0,2,0,784,128,16812
2026/07/24,00:00,16064,0,8812,4710,0,412,0,1172,2,534,0,0,0,68,0,-220,4,458,112,16064
2026/07/24,00:30,15448,0,8202,4696,0,410,0,1162,0,534,0,0,0,58,0,-628,2,902,110,15448
2026/07/24,01:00,14958,0,8346,4712,0,406,0,1142,2,532,0,0,0,48,0,-1000,4,666,100,14958
2026/07/24,01:30,14604,0,7846,4700,0,400,0,1126,2,540,0,0,0,50,0,-1202,2,1050,90,14604
2026/07/24,02:00,14242,0,7960,4706,0,422,0,1106,2,536,0,0,0,42,0,-1474,2,846,94,14242
2026/07/24,02:30,14186,0,7888,4700,0,416,0,1102,2,536,0,0,0,38,0,-1452,2,866,88,14186
2026/07/24,03:00,14060,0,7718,4696,0,400,0,1066,0,534,0,0,0,32,0,-1468,0,990,92,14060
2026/07/24,03:30,13980,0,7508,4704,0,402,0,1066,2,540,0,0,0,30,0,-1452,0,1086,94,13980
2026/07/24,04:00,13898,0,7314,4708,0,422,0,1052,2,536,0,0,0,26,0,-1478,0,1218,98,13898
2026/07/24,04:30,13986,0,7924,4704,0,418,0,1060,2,546,0,0,0,24,0,-1738,2,946,98,13986
2026/07/24,05:00,14054,0,8214,4698,0,408,0,1068,2,542,0,50,0,12,0,-1718,0,678,100,14054
2026/07/24,05:30,14154,0,7426,4704,0,398,0,1056,2,542,0,374,0,14,0,-1782,0,1326,94,14154
2026/07/24,06:00,14662,0,7798,4706,0,408,0,1064,0,540,0,996,0,18,0,-1876,0,932,76,14662
2026/07/24,06:30,15544,0,7528,4696,0,404,0,1060,2,540,0,1928,0,20,0,-1858,0,1152,72,15544
2026/07/24,07:00,16702,0,7684,4694,0,414,0,1068,2,532,0,3066,0,14,0,-1628,0,772,84,16702
2026/07/24,07:30,18070,0,7548,4716,0,398,0,1068,2,538,0,4226,0,8,0,-1134,0,622,78,18070
2026/07/24,08:00,20014,0,7660,4702,0,404,0,1088,2,532,0,5360,0,6,0,-504,8,656,100,20014
2026/07/24,08:30,21702,0,8082,4696,0,416,0,1088,0,534,0,6268,0,2,0,-248,6,752,106,21702
2026/07/24,09:00,22854,0,8362,4700,0,408,0,1126,2,526,0,7100,0,2,0,-148,4,646,126,22854
2026/07/24,09:30,23460,0,8518,4708,0,408,0,1170,2,528,0,7730,0,4,0,-24,6,286,124,23460
2026/07/24,10:00,23594,0,8442,4704,0,412,0,1168,2,530,0,8150,0,6,0,4,6,32,138,23594
2026/07/24,10:30,23888,0,8848,4704,0,418,0,1192,2,530,0,8454,0,12,0,2,10,-416,132,23888
2026/07/24,11:00,24122,0,8784,4702,0,410,0,1230,2,528,0,8666,0,10,0,4,10,-362,138,24122
2026/07/24,11:30,24314,0,8764,4702,0,416,0,1262,0,532,0,8792,0,14,0,2,8,-314,136,24314
2026/07/24,12:00,23706,0,8214,4706,0,420,0,1336,2,530,0,8764,0,12,0,4,2,-420,136,23706
2026/07/24,12:30,23698,0,8092,4698,0,414,0,1360,2,532,0,8524,0,8,0,2,4,-70,132,23698
2026/07/24,13:00,24438,0,9392,4702,0,430,0,1456,2,530,0,8152,0,10,0,42,6,-408,124,24438
2026/07/24,13:30,24786,0,9878,4708,0,418,0,1554,0,534,0,7730,0,14,0,130,8,-312,124,24786
2026/07/24,14:00,24836,0,9504,4702,0,416,0,1624,2,530,0,7234,0,10,0,136,0,550,128,24836
2026/07/24,14:30,24828,0,10502,4700,0,414,0,1650,0,532,0,6612,0,14,0,306,18,-44,124,24828
2026/07/24,15:00,24682,0,10800,4698,0,430,0,1706,2,530,0,5876,0,10,0,644,32,-184,138,24682
2026/07/24,15:30,24614,0,11064,4708,0,444,0,1828,2,542,0,4784,0,22,0,1696,42,-656,138,24614
2026/07/24,16:00,24564,0,11092,4702,0,456,0,1930,2,532,0,3752,0,16,0,1848,36,28,170,24564
2026/07/24,16:30,24146,0,11084,4694,0,454,0,1956,2,544,0,2730,0,14,0,1948,36,518,166,24146
2026/07/24,17:00,23202,0,11062,4706,0,442,0,1996,0,542,0,1700,0,8,0,2098,18,440,190,23202
2026/07/24,17:30,22576,0,10900,4706,0,442,0,2006,2,550,0,830,0,14,0,2194,20,720,192,22576
2026/07/24,18:00,22088,0,10952,4706,0,440,0,2034,2,552,0,282,0,18,0,2412,24,484,182,22088
2026/07/24,18:30,21600,0,10968,4692,0,452,0,2016,0,556,0,40,0,28,0,2798,26,-122,146,21600
2026/07/24,19:00,21132,0,11022,4708,0,436,0,1952,2,558,0,0,0,40,0,2384,14,-124,140,21132
2026/07/24,19:30,20556,0,11044,4700,0,430,0,1882,2,566,0,0,0,52,0,2200,18,-472,134,20556
2026/07/24,20:00,20038,0,11038,4706,0,422,0,1692,2,566,0,0,0,44,0,2096,18,-682,136,20038
2026/07/24,20:30,19592,0,10768,4698,0,432,0,1646,0,572,0,0,0,36,0,1340,10,-42,132,19592
2026/07/24,21:00,19048,0,9964,4696,0,424,0,1556,2,572,0,0,0,46,0,1206,14,438,130,19048
2026/07/24,21:30,18650,0,9564,4694,0,418,0,1516,2,576,0,0,0,70,0,438,0,1244,128,18650
2026/07/24,22:00,18254,0,9518,4708,0,422,0,1318,2,572,0,0,0,76,0,122,10,1378,128,18254
2026/07/24,22:30,17810,0,9484,4698,0,430,0,1204,2,574,0,0,0,72,0,40,0,1182,124,17810
2026/07/24,23:00,17392,0,9172,4708,0,418,0,1164,0,574,0,0,0,76,0,8,6,1144,122,17392
2026/07/24,23:30,16752,0,8644,4708,0,420,0,1060,2,578,0,0,0,58,0,2,4,1156,120,16752
2026/07/25,00:00,16048,0,7742,4698,0,408,0,1014,2,574,0,0,0,58,0,4,4,1418,126,16048
2026/07/25,00:30,15358,0,6614,4696,0,410,0,1018,2,586,0,0,0,54,0,94,16,1740,128,15358
2026/07/25,01:00,14876,0,5230,4700,0,408,0,1024,2,580,0,0,0,54,0,808,10,1928,132,14876
2026/07/25,01:30,14458,0,4554,4704,0,402,0,1008,2,586,0,0,0,52,0,590,2,2434,124,14458
2026/07/25,02:00,14144,0,4184,4708,0,410,0,1020,0,586,0,0,0,42,0,528,4,2528,134,14144
2026/07/25,02:30,13990,0,3888,4694,0,416,0,1012,2,588,0,0,0,44,0,562,2,2656,126,13990
2026/07/25,03:00,13702,0,3742,4702,0,406,0,1010,0,586,0,0,0,56,0,596,2,2484,118,13702
2026/07/25,03:30,13648,0,3648,4700,0,414,0,1000,2,576,0,0,0,56,0,370,2,2780,100,13648
2026/07/25,04:00,13412,0,3502,4704,0,412,0,992,2,546,0,0,0,50,0,252,2,2848,102,13412
2026/07/25,04:30,13448,0,3562,4504,0,424,0,964,2,548,0,0,0,48,0,2,6,3284,104,13448
2026/07/25,05:00,13262,0,3686,4348,0,408,0,982,2,544,0,40,0,58,0,12,2,3080,100,13262
2026/07/25,05:30,13172,0,3354,4342,0,426,0,976,0,548,0,344,0,62,0,126,2,2898,94,13172
2026/07/25,06:00,13162,0,3312,4344,0,404,0,944,2,544,0,1006,0,80,0,4,6,2426,90,13162
2026/07/25,06:30,13704,0,3034,4340,0,404,0,942,2,548,0,2050,0,72,0,2,2,2226,82,13704
2026/07/25,07:00,14100,0,2826,4340,0,400,0,920,2,540,0,3212,0,62,0,-200,0,1924,74,14100
2026/07/25,07:30,14766,0,2872,4344,0,392,0,866,2,546,0,4402,0,48,0,-342,2,1566,68,14766
2026/07/25,08:00,15780,0,3096,4342,0,394,0,868,2,534,0,5514,0,54,0,-618,4,1512,78,15780
2026/07/25,08:30,16716,0,3334,4340,0,394,0,856,0,544,0,6454,0,40,0,-686,4,1360,76,16716
2026/07/25,09:00,17374,0,2958,4344,0,394,0,868,2,532,0,7260,0,34,0,-656,4,1542,92,17374
2026/07/25,09:30,17918,0,3182,4340,0,398,0,856,2,542,0,7876,0,34,0,-904,2,1496,94,17918
2026/07/25,10:00,18148,0,2628,4206,0,392,0,878,2,538,0,8298,0,30,0,-1248,4,2314,106,18148
2026/07/25,10:30,18530,0,2998,4320,0,394,0,868,2,544,0,8634,0,46,0,-1662,2,2284,100,18530
2026/07/25,11:00,18760,0,2788,4352,0,402,0,888,0,536,0,8810,0,42,0,-1676,2,2512,104,18760
2026/07/25,11:30,18948,0,3266,4332,0,432,0,892,2,540,0,8912,0,48,0,-1752,2,2168,106,18948
2026/07/25,12:00,18910,0,3162,4236,0,422,0,886,2,538,0,8846,0,50,0,-1662,2,2324,104,18910
2026/07/25,12:30,18886,0,3382,4184,0,412,0,918,0,536,0,8650,0,46,0,-1650,0,2304,104,18886
2026/07/25,13:00,19126,0,4010,4192,0,402,0,1026,2,534,0,8440,0,50,0,-1496,4,1834,128,19126
2026/07/25,13:30,19114,0,3766,4168,0,406,0,1094,2,536,0,8024,0,54,0,-826,0,1766,124,19114
2026/07/25,14:00,19070,0,3610,4042,0,402,0,1164,0,536,0,7508,0,70,0,-578,4,2182,130,19070
2026/07/25,14:30,19008,0,4064,4178,0,408,0,1206,2,538,0,6850,0,78,0,-518,2,2074,126,19008
2026/07/25,15:00,18950,0,4200,4142,0,410,0,1272,2,532,0,6114,0,82,0,-476,4,2530,138,18950
2026/07/25,15:30,18900,0,4724,4190,0,408,0,1304,2,526,0,5130,0,70,0,-414,2,2824,134,18900
2026/07/25,16:00,18898,0,4534,4188,0,412,0,1424,2,530,0,4096,0,80,0,-172,2,3656,146,18898
2026/07/25,16:30,18786,0,5010,4196,0,422,0,1578,0,538,0,2962,0,74,0,2,12,3820,172,18786
2026/07/25,17:00,18580,0,5640,4182,0,416,0,1682,2,538,0,1824,0,88,0,140,20,3870,178,18580
2026/07/25,17:30,18346,0,5980,4190,0,414,0,1704,2,536,0,904,0,88,0,710,38,3602,178,18346
2026/07/25,18:00,18056,0,6086,4188,0,414,0,1708,0,540,0,280,0,82,0,838,36,3720,164,18056
2026/07/25,18:30,17850,0,6106,4188,0,414,0,1736,2,544,0,36,0,94,0,708,22,3850,150,17850
2026/07/25,19:00,17606,0,5988,4292,0,410,0,1714,2,538,0,0,0,84,0,646,26,3756,150,17606
2026/07/25,19:30,17220,0,5628,4350,0,414,0,1706,2,544,0,0,0,90,0,604,22,3714,146,17220
2026/07/25,20:00,16792,0,5370,4378,0,412,0,1402,0,542,0,0,0,98,0,478,14,3948,150,16792
2026/07/25,20:30,16368,0,5120,4616,0,410,0,1230,2,540,0,0,0,124,0,162,14,4026,124,16368
2026/07/25,21:00,16038,0,5450,4710,0,410,0,1100,2,540,0,0,0,144,0,4,8,3552,118,16038
2026/07/25,21:30,15732,0,4946,4694,0,412,0,1048,2,540,0,0,0,136,0,2,4,3828,120,15732
2026/07/25,22:00,15244,0,4936,4704,0,408,0,890,2,542,0,0,0,118,0,4,14,3508,118,15244
2026/07/25,22:30,14930,0,4580,4700,0,410,0,834,2,544,0,0,0,102,0,2,14,3628,114,14930
2026/07/25,23:00,14524,0,3998,4688,0,406,0,766,0,548,0,0,0,98,0,4,8,3886,122,14524
2026/07/25,23:30,14012,0,3828,4592,0,406,0,760,2,546,0,0,0,72,0,2,2,3686,116,14012
2026/07/26,00:00,13402,0,4270,4698,0,400,0,784,2,542,0,0,0,58,0,4,4,2518,122,13402
2026/07/26,00:30,12814,0,3856,4692,0,384,0,768,2,544,0,0,0,54,0,2,2,2390,120,12814
2026/07/26,01:00,12498,0,3704,4606,0,372,0,762,2,544,0,0,0,54,0,4,6,2322,122,12498
2026/07/26,01:30,11964,0,3094,4310,0,380,0,748,2,546,0,0,0,38,0,2,2,2718,124,11964
2026/07/26,02:00,11954,0,3714,4496,0,376,0,758,0,546,0,0,0,24,0,4,4,1910,122,11954
2026/07/26,02:30,11664,0,3398,4668,0,378,0,744,2,548,0,0,0,22,0,2,2,1782,118,11664
2026/07/26,03:00,11882,0,3666,4680,0,376,0,752,2,546,0,0,0,18,0,4,4,1706,128,11882
2026/07/26,03:30,11650,0,3416,4674,0,382,0,746,2,548,0,0,0,26,0,2,2,1728,124,11650
2026/07/26,04:00,11724,0,3358,4678,0,380,0,748,2,544,0,0,0,28,0,4,4,1842,136,11724
2026/07/26,04:30,11618,0,3306,4600,0,386,0,748,2,548,0,0,0,38,0,2,6,1852,130,11618
2026/07/26,05:00,11668,0,3580,4238,0,380,0,730,0,546,0,42,0,30,0,4,6,1988,124,11668
2026/07/26,05:30,11526,0,3170,4008,0,378,0,740,2,546,0,398,0,28,0,2,4,2146,104,11526
2026/07/26,06:00,11702,0,3282,3514,0,372,0,714,2,544,0,1166,0,36,0,-16,6,1980,102,11702
2026/07/26,06:30,11960,0,3282,2974,0,374,0,718,2,544,0,2176,0,42,0,-242,4,1988,98,11960
2026/07/26,07:00,12472,0,3424,3004,0,356,0,800,2,538,0,2992,0,34,0,-240,2,1466,94,12472
2026/07/26,07:30,12958,0,3054,2834,0,358,0,816,2,546,0,3764,0,32,0,-462,4,1932,78,12958
2026/07/26,08:00,13578,0,3058,2542,0,358,0,814,0,538,0,4388,0,28,0,-824,10,2590,76,13578
2026/07/26,08:30,14222,0,3124,2322,0,360,0,816,2,544,0,5010,0,26,0,-930,10,2866,72,14222
2026/07/26,09:00,14892,0,3300,2110,0,362,0,856,2,538,0,5408,0,22,0,-1224,2,3428,88,14892
2026/07/26,09:30,15432,0,3658,2202,0,366,0,870,2,544,0,5672,0,22,0,-744,16,2734,90,15432
2026/07/26,10:00,15736,0,3512,2526,0,366,0,860,2,542,0,5928,0,18,0,-446,8,2326,94,15736
2026/07/26,10:30,15694,0,3738,2940,0,364,0,856,2,540,0,5462,0,22,0,-194,8,1858,98,15694
2026/07/26,11:00,15704,0,3088,3426,0,360,0,840,0,538,0,5200,0,20,0,-86,4,2216,98,15704
2026/07/26,11:30,15962,0,3004,3714,0,360,0,844,2,544,0,5256,0,20,0,-322,2,2442,96,15962
2026/07/26,12:00,16076,0,2686,3790,0,366,0,844,0,538,0,6010,0,18,0,-692,6,2418,92,16076
2026/07/26,12:30,16460,0,3312,3844,0,358,0,864,2,544,0,6592,0,32,0,-1142,2,1960,92,16460
2026/07/26,13:00,16244,0,3396,3854,0,384,0,890,2,536,0,6172,0,26,0,-1056,32,1916,92,16244
2026/07/26,13:30,16232,0,3782,3848,0,378,0,924,2,544,0,5828,0,46,0,-1058,34,1814,90,16232
2026/07/26,14:00,16208,0,3702,3750,0,376,0,992,2,540,0,5690,0,38,0,-1220,30,2190,118,16208
2026/07/26,14:30,16458,0,4084,3606,0,378,0,1114,0,540,0,5666,0,40,0,-1444,36,2320,118,16458
2026/07/26,15:00,16442,0,4646,3862,0,380,0,1212,2,534,0,4916,0,38,0,-1846,32,2528,138,16442
2026/07/26,15:30,16434,0,5104,4046,0,380,0,1262,2,544,0,4326,0,40,0,-1848,34,2400,144,16434
2026/07/26,16:00,16674,0,5654,4052,0,398,0,1326,2,540,0,3450,0,30,0,-1336,8,2390,160,16674
2026/07/26,16:30,16544,0,5262,4060,0,384,0,1486,2,538,0,2390,0,38,0,-896,8,3114,158,16544
2026/07/26,17:00,16542,0,5450,4054,0,392,0,1682,2,542,0,1486,0,34,0,-424,6,3132,186,16542
2026/07/26,17:30,16368,0,5870,4076,0,390,0,1736,0,544,0,806,0,42,0,70,14,2636,184,16368
2026/07/26,18:00,16248,0,6130,4074,0,390,0,1766,2,538,0,290,0,40,0,120,16,2692,190,16248
2026/07/26,18:30,16218,0,6658,4080,0,394,0,1828,2,544,0,44,0,36,0,206,16,2224,186,16218
2026/07/26,19:00,16222,0,6478,4074,0,396,0,1832,2,544,0,0,0,38,0,284,16,2358,200,16222
2026/07/26,19:30,15880,0,6440,4080,0,386,0,1820,2,544,0,0,0,38,0,330,12,2034,194,15880
2026/07/26,20:00,15574,0,5906,4078,0,392,0,1666,0,544,0,0,0,30,0,84,10,2662,202,15574
2026/07/26,20:30,15228,0,6028,4218,0,386,0,1534,2,550,0,0,0,34,0,2,6,2276,192,15228
2026/07/26,21:00,14812,0,5288,4338,0,402,0,1340,2,548,0,0,0,30,0,4,2,2664,194,14812
2026/07/26,21:30,14430,0,4720,4328,0,400,0,1256,2,554,0,0,0,32,0,2,4,2956,176,14430
2026/07/26,22:00,14004,0,3940,4486,0,400,0,1156,2,552,0,0,0,30,0,4,0,3260,174,14004
2026/07/26,22:30,13568,0,3794,4410,0,400,0,1122,2,554,0,0,0,44,0,2,2,3066,172,13568
2026/07/26,23:00,13268,0,4154,4554,0,410,0,1098,0,550,0,0,0,52,0,-130,2,2420,158,13268
2026/07/26,23:30,12858,0,4416,4688,0,438,0,1072,2,552,0,0,0,56,0,-252,2,1732,152,12858
2026/07/27,00:00,12280,0,3764,4476,0,438,0,1026,2,548,0,0,0,58,0,-312,0,2122,158,12280
2026/07/27,00:30,11846,0,4270,4478,0,426,0,916,2,552,0,0,0,54,0,-506,2,1512,140,11846
2026/07/27,01:00,11450,0,4124,4234,0,402,0,842,2,546,0,0,0,52,0,-504,12,1586,154,11450
2026/07/27,01:30,11236,0,4278,3840,0,432,0,796,2,552,0,0,0,50,0,-508,4,1630,160,11236
2026/07/27,02:00,11042,0,4964,3482,0,408,0,802,0,546,0,0,0,46,0,-502,6,1130,160,11042
2026/07/27,02:30,11202,0,5242,3602,0,396,0,794,2,554,0,0,0,50,0,-508,2,908,160,11202
2026/07/27,03:00,11154,0,5076,3790,0,402,0,788,2,548,0,0,0,48,0,-428,2,776,150,11154
2026/07/27,03:30,11282,0,4954,4074,0,430,0,794,2,554,0,0,0,48,0,-322,0,618,130,11282
2026/07/27,04:00,11292,0,5330,4230,0,418,0,786,2,552,0,0,0,50,0,-774,2,588,108,11292
2026/07/27,04:30,11518,0,5346,4230,0,408,0,798,2,554,0,0,0,52,0,-874,2,892,108,11518
2026/07/27,05:00,11738,0,5422,4234,0,406,0,786,2,550,0,46,0,38,0,-868,2,1016,104,11738
2026/07/27,05:30,11960,0,5710,4230,0,418,0,802,0,550,0,348,0,22,0,-1144,2,920,102,11960
2026/07/27,06:00,12586,0,6302,4380,0,404,0,812,2,546,0,914,0,14,0,-1522,6,620,108,12586
2026/07/27,06:30,13520,0,6048,4546,0,400,0,802,2,552,0,1852,0,18,0,-1400,4,594,102,13520
2026/07/27,07:00,14914,0,6392,4596,0,408,0,844,0,544,0,2990,0,12,0,-1030,4,52,102,14914
2026/07/27,07:30,16612,0,6570,4584,0,406,0,838,2,546,0,4196,0,12,0,-458,2,-188,102,16612
2026/07/27,08:00,18594,0,6614,4690,0,416,0,846,2,544,0,5006,0,8,0,-72,6,418,116,18594
2026/07/27,08:30,20204,0,6698,4682,0,422,0,838,2,550,0,5758,0,8,0,2,4,1126,114,20204
2026/07/27,09:00,21318,0,7118,4708,0,436,0,874,2,544,0,6230,0,22,0,4,4,1274,102,21318
2026/07/27,09:30,21910,0,7476,4688,0,414,0,880,2,550,0,6734,0,20,0,2,2,1056,86,21910
2026/07/27,10:00,22256,0,7860,4710,0,416,0,864,0,550,0,6694,0,18,0,40,2,1018,84,22256
2026/07/27,10:30,22324,0,8270,4682,0,422,0,872,2,562,0,5974,0,46,0,78,4,1334,78,22324
2026/07/27,11:00,22388,0,7816,4708,0,418,0,906,2,560,0,5796,0,58,0,100,4,1942,78,22388
2026/07/27,11:30,22290,0,8162,4686,0,432,0,908,2,572,0,5518,0,56,0,48,2,1826,78,22290
2026/07/27,12:00,21318,0,6122,4538,0,414,0,926,2,574,0,5508,0,48,0,4,8,3096,78,21318
2026/07/27,12:30,21066,0,5972,4230,0,418,0,962,2,578,0,5646,0,44,0,2,2,3132,78,21066
2026/07/27,13:00,22122,0,6674,4358,0,414,0,1020,2,580,0,5836,0,38,0,4,8,3108,80,22122
2026/07/27,13:30,22274,0,6926,4630,0,418,0,1138,0,590,0,5414,0,30,0,2,2,3050,74,22274
2026/07/27,14:00,22294,0,6696,4696,0,438,0,1290,2,584,0,5394,0,30,0,4,2,3086,72,22294
2026/07/27,14:30,22324,0,7320,4684,0,420,0,1362,2,598,0,5134,0,20,0,4,14,2700,66,22324
2026/07/27,15:00,22284,0,8728,4702,0,428,0,1462,2,596,0,4850,0,26,0,206,4,1192,88,22284
2026/07/27,15:30,22310,0,10246,4688,0,426,0,1600,2,604,0,4054,0,26,0,514,14,16,120,22310
2026/07/27,16:00,22222,0,10624,4714,0,438,0,1672,2,598,0,3194,0,26,0,702,30,72,150,22222
2026/07/27,16:30,21920,0,10988,4676,0,424,0,1744,0,604,0,2408,0,22,0,1046,26,-166,148,21920
2026/07/27,17:00,21138,0,10766,4714,0,424,0,1746,2,598,0,1564,0,14,0,1146,14,-2,152,21138
2026/07/27,17:30,20656,0,9954,4680,0,430,0,1798,0,608,0,846,0,14,0,1038,30,1114,144,20656
2026/07/27,18:00,20232,0,10086,4712,0,426,0,1864,2,602,0,264,0,10,0,860,28,1228,150,20232
2026/07/27,18:30,19926,0,10022,4688,0,446,0,1902,2,612,0,60,0,4,0,932,26,1086,146,19926
2026/07/27,19:00,19448,0,9088,4706,0,446,0,1830,2,608,0,0,0,8,0,890,26,1698,146,19448
2026/07/27,19:30,18810,0,8520,4684,0,436,0,1824,2,608,0,0,0,8,0,444,26,2118,140,18810
2026/07/27,20:00,18368,0,9190,4708,0,442,0,1616,2,610,0,0,0,12,0,202,16,1410,160,18368
2026/07/27,20:30,17930,0,9154,4680,0,430,0,1400,0,620,0,0,0,14,0,74,14,1380,164,17930
2026/07/27,21:00,17592,0,8622,4712,0,438,0,1326,2,608,0,0,0,10,0,4,12,1696,162,17592
2026/07/27,21:30,17114,0,7436,4680,0,436,0,1276,2,616,0,0,0,6,0,2,4,2496,160,17114
2026/07/27,22:00,16708,0,6826,4706,0,420,0,1166,2,610,0,0,0,8,0,4,0,2808,158,16708
2026/07/27,22:30,16218,0,6462,4684,0,426,0,1132,2,612,0,0,0,8,0,2,0,2736,154,16218
2026/07/27,23:00,15976,0,6358,4706,0,452,0,1088,2,608,0,0,0,2,0,4,4,2596,156,15976
2026/07/27,23:30,15328,0,5778,4698,0,440,0,1046,0,608,0,0,0,6,0,2,0,2600,150,15328
2026/07/28,00:00,14782,0,5730,4686,0,426,0,1026,2,610,0,0,0,4,0,0,0,2142,156,14782
2026/07/28,00:30,14094,0,5392,4600,0,426,0,1028,0,614,0,0,0,2,0,-210,2,2096,144,14094
2026/07/28,01:00,13828,0,5436,4602,0,442,0,908,2,608,0,0,0,2,0,-228,0,1910,146,13828
2026/07/28,01:30,13494,0,5452,4648,0,432,0,892,2,616,0,0,0,4,0,-230,0,1538,140,13494
2026/07/28,02:00,13308,0,5424,4638,0,430,0,918,2,604,0,0,0,2,0,-224,0,1364,150,13308
2026/07/28,02:30,13262,0,5462,4538,0,426,0,916,2,612,0,0,0,2,0,-226,0,1386,144,13262
2026/07/28,03:00,13128,0,5748,4372,0,434,0,908,2,606,0,0,0,4,0,-228,0,1146,136,13128
2026/07/28,03:30,13206,0,5750,4360,0,440,0,914,0,616,0,0,0,2,0,-266,0,1260,130,13206
2026/07/28,04:00,13126,0,5886,4374,0,452,0,910,2,604,0,0,0,2,0,-546,0,1320,122,13126
2026/07/28,04:30,13364,0,6140,4640,0,452,0,904,2,610,0,0,0,2,0,-796,0,1286,124,13364
2026/07/28,05:00,13418,0,6208,4690,0,430,0,910,2,606,0,28,0,0,0,-904,0,1320,128,13418
2026/07/28,05:30,13494,0,5954,4600,0,436,0,902,2,610,0,244,0,0,0,-902,0,1528,120,13494
2026/07/28,06:00,13862,0,6124,4284,0,416,0,916,0,608,0,716,0,2,0,-724,2,1418,100,13862
2026/07/28,06:30,14432,0,5938,4378,0,414,0,908,2,616,0,1370,0,0,0,-652,0,1360,98,14432
2026/07/28,07:00,15506,0,6040,4312,0,414,0,854,2,606,0,2218,0,2,0,-230,2,1178,108,15506
2026/07/28,07:30,16700,0,6198,4316,0,414,0,850,2,610,0,3104,0,2,0,-150,2,1242,110,16700
2026/07/28,08:00,18594,0,6352,4400,0,414,0,928,2,602,0,3868,0,8,0,4,4,1858,154,18594
2026/07/28,08:30,20134,0,6664,4626,0,418,0,968,2,602,0,4670,0,2,0,2,4,2022,154,20134
2026/07/28,09:00,21012,0,7086,4688,0,416,0,932,0,594,0,5016,0,4,0,4,8,2106,158,21012
2026/07/28,09:30,21384,0,7020,4656,0,430,0,964,2,606,0,5284,0,8,0,2,14,2260,138,21384
2026/07/28,10:00,21706,0,6608,4694,0,432,0,980,2,598,0,5908,0,8,0,4,4,2330,138,21706
2026/07/28,10:30,21878,0,7014,4672,0,434,0,988,2,592,0,6310,0,14,0,2,0,1712,138,21878
2026/07/28,11:00,22090,0,7486,4684,0,436,0,1032,2,580,0,6536,0,24,0,4,6,1160,140,22090
2026/07/28,11:30,22324,0,7690,4678,0,428,0,1120,2,584,0,6326,0,34,0,2,2,1326,132,22324
2026/07/28,12:00,21616,0,7064,4708,0,416,0,1014,0,590,0,6334,0,36,0,4,2,1298,150,21616
2026/07/28,12:30,21530,0,7240,4676,0,418,0,1020,2,596,0,6166,0,52,0,2,2,1202,154,21530
2026/07/28,13:00,22196,0,7668,4718,0,426,0,1134,2,594,0,5808,0,54,0,4,0,1656,132,22196
2026/07/28,13:30,22134,0,8028,4688,0,434,0,1228,2,602,0,4790,0,72,0,554,2,1620,114,22134
2026/07/28,14:00,21530,0,8238,4714,0,436,0,1408,2,598,0,3284,0,76,0,1610,6,1042,116,21530
2026/07/28,14:30,21100,0,8982,4686,0,426,0,1446,2,594,0,2062,0,68,0,1816,6,904,108,21100
2026/07/28,15:00,20442,0,8636,4716,0,416,0,1492,0,600,0,972,0,54,0,1128,4,2310,114,20442
2026/07/28,15:30,20228,0,8114,4684,0,418,0,1680,2,598,0,424,0,66,0,854,8,3258,122,20228
2026/07/28,16:00,19804,0,8478,4716,0,420,0,1774,0,594,0,240,0,128,0,468,14,2832,140,19804
2026/07/28,16:30,19138,0,8444,4692,0,420,0,1786,2,596,0,176,0,140,0,512,8,2224,138,19138
2026/07/28,17:00,18412,0,7892,4714,0,422,0,1862,2,596,0,132,0,94,0,396,20,2132,150,18412
2026/07/28,17:30,18090,0,7670,4698,0,424,0,1790,2,602,0,86,0,76,0,288,14,2284,156,18090
2026/07/28,18:00,17724,0,7722,4712,0,422,0,1826,2,594,0,36,0,66,0,248,22,1918,156,17724
2026/07/28,18:30,17472,0,7524,4686,0,428,0,1862,2,608,0,16,0,38,0,242,26,1884,156,17472
2026/07/28,19:00,17072,0,6500,4716,0,422,0,1842,0,598,0,0,0,34,0,246,18,2526,170,17072
2026/07/28,19:30,16638,0,6300,4680,0,422,0,1814,2,604,0,0,0,52,0,244,12,2348,160,16638
2026/07/28,20:00,16358,0,6200,4706,0,422,0,1760,2,598,0,0,0,62,0,100,4,2334,170,16358
2026/07/28,20:30,16040,0,6032,4686,0,432,0,1716,2,608,0,0,0,48,0,36,12,2300,168,16040
2026/07/28,21:00,15840,0,6012,4674,0,422,0,1696,2,600,0,0,0,66,0,26,0,2174,168,15840
2026/07/28,21:30,15522,0,6106,4580,0,420,0,1660,2,612,0,0,0,80,0,26,2,1872,162,15522
2026/07/28,22:00,15204,0,6092,4614,0,420,0,1576,0,606,0,0,0,84,0,34,4,1610,164,15204
2026/07/28,22:30,14766,0,5558,4522,0,416,0,1496,2,610,0,0,0,94,0,6,0,1900,162,14766
2026/07/28,23:00,14760,0,5756,4532,0,418,0,1492,2,606,0,0,0,92,0,4,4,1686,168,14760
2026/07/28,23:30,14178,0,5462,4394,0,416,0,1492,2,612,0,0,0,88,0,2,0,1548,162,14178
2026/07/29,00:00,13746,0,5846,4316,0,414,0,1374,2,604,0,0,0,88,0,4,4,930,164,13746
2026/07/29,00:30,13220,0,5206,4496,0,414,0,1372,2,612,0,0,0,92,0,2,2,866,156,13220
2026/07/29,01:00,12886,0,4506,4536,0,420,0,1362,2,606,0,0,0,78,0,4,2,1192,178,12886
2026/07/29,01:30,12562,0,4266,4418,0,418,0,1342,0,612,0,0,0,88,0,-2,0,1246,174,12562
2026/07/29,02:00,12432,0,4452,4234,0,420,0,1342,2,608,0,0,0,80,0,-88,4,1198,180,12432
2026/07/29,02:30,12328,0,4404,4188,0,424,0,1328,2,616,0,0,0,74,0,-88,4,1202,174,12328
2026/07/29,03:00,12504,0,4562,4242,0,422,0,1316,2,606,0,0,0,72,0,-88,6,1190,174,12504
2026/07/29,03:30,12528,0,4234,4504,0,418,0,1318,2,612,0,0,0,66,0,2,0,1232,140,12528
2026/07/29,04:00,12462,0,4252,4572,0,420,0,1306,2,608,0,0,0,80,0,4,2,1070,146,12462
2026/07/29,04:30,12780,0,4384,4594,0,416,0,1314,2,608,0,0,0,100,0,2,10,1208,142,12780
2026/07/29,05:00,12770,0,4312,4676,0,420,0,1298,0,608,0,30,0,118,0,4,0,1162,142,12770
2026/07/29,05:30,12886,0,4024,4664,0,416,0,1286,2,616,0,318,0,114,0,2,0,1310,134,12886
2026/07/29,06:00,13242,0,3932,4670,0,414,0,1202,2,608,0,996,0,118,0,-4,2,1162,140,13242
2026/07/29,06:30,14012,0,4064,4614,0,396,0,1188,2,612,0,2040,0,144,0,-214,0,1030,136,14012
2026/07/29,07:00,14892,0,4366,4274,0,396,0,1174,2,604,0,3160,0,128,0,-308,2,956,138,14892
2026/07/29,07:30,15854,0,4502,4012,0,396,0,1134,0,610,0,4316,0,112,0,-938,10,1562,138,15854
2026/07/29,08:00,17650,0,4998,4166,0,412,0,1172,2,600,0,5538,0,114,0,-984,16,1440,176,17650
2026/07/29,08:30,19134,0,5228,4220,0,404,0,1212,2,604,0,6440,0,124,0,-612,2,1336,174,19134
2026/07/29,09:00,20136,0,5052,4652,0,384,0,1188,0,600,0,7192,0,142,0,-278,4,1040,160,20136
2026/07/29,09:30,20584,0,4564,4676,0,384,0,1202,2,604,0,7832,0,124,0,0,0,1052,144,20584
2026/07/29,10:00,20832,0,4260,4636,0,398,0,1178,2,598,0,8272,0,100,0,-268,2,1514,140,20832
2026/07/29,10:30,21086,0,4618,4620,0,402,0,1176,2,608,0,8520,0,98,0,-646,2,1552,134,21086
2026/07/29,11:00,21282,0,5236,4710,0,420,0,1168,2,596,0,8668,0,108,0,-802,8,1038,130,21282
2026/07/29,11:30,21336,0,4902,4668,0,410,0,1182,0,602,0,8632,0,106,0,-616,4,1320,126,21336
2026/07/29,12:00,20588,0,4682,4240,0,400,0,1088,2,602,0,8706,0,100,0,-790,8,1430,120,20588
2026/07/29,12:30,20652,0,5330,3954,0,402,0,1078,2,602,0,8682,0,102,0,-898,8,1264,126,20652
2026/07/29,13:00,21608,0,5634,4362,0,404,0,1190,2,606,0,8302,0,96,0,-152,6,1020,138,21608
2026/07/29,13:30,21904,0,5894,4636,0,420,0,1272,2,610,0,7666,0,110,0,4,6,1154,130,21904
2026/07/29,14:00,21936,0,6454,4708,0,418,0,1312,0,610,0,6820,0,118,0,86,8,1266,136,21936
2026/07/29,14:30,21802,0,6476,4684,0,432,0,1430,2,616,0,6014,0,136,0,94,12,1774,132,21802
2026/07/29,15:00,21732,0,6178,4710,0,434,0,1458,2,610,0,5494,0,144,0,96,6,2464,136,21732
2026/07/29,15:30,21758,0,6650,4682,0,440,0,1500,2,612,0,4714,0,128,0,116,14,2768,132,21758
2026/07/29,16:00,21846,0,7052,4720,0,426,0,1538,2,610,0,3768,0,122,0,126,26,3324,132,21846
2026/07/29,16:30,21446,0,7752,4686,0,434,0,1614,0,608,0,2606,0,100,0,192,26,3296,132,21446
2026/07/29,17:00,20660,0,7380,4714,0,446,0,1616,2,608,0,1548,0,110,0,224,20,3860,132,20660
2026/07/29,17:30,20130,0,7680,4692,0,448,0,1640,2,614,0,746,0,112,0,1148,34,2882,132,20130
2026/07/29,18:00,19684,0,6698,4718,0,440,0,1758,2,608,0,246,0,96,0,1808,34,3146,130,19684
2026/07/29,18:30,19410,0,6818,4694,0,426,0,1768,2,610,0,36,0,82,0,1782,46,3016,130,19410
2026/07/29,19:00,18986,0,6898,4706,0,432,0,1670,2,606,0,0,0,84,0,1206,28,3210,144,18986
2026/07/29,19:30,18480,0,6510,4678,0,436,0,1636,0,610,0,0,0,92,0,946,26,3408,138,18480
2026/07/29,20:00,18028,0,6140,4710,0,446,0,1564,2,606,0,0,0,112,0,446,28,3830,144,18028
2026/07/29,20:30,17644,0,5826,4674,0,428,0,1444,2,612,0,0,0,116,0,470,28,3906,138,17644
2026/07/29,21:00,17316,0,5764,4708,0,430,0,1320,2,610,0,0,0,128,0,372,8,3846,128,17316
2026/07/29,21:30,16976,0,6408,4688,0,422,0,1190,2,608,0,0,0,146,0,222,12,3148,130,16976
2026/07/29,22:00,16534,0,5966,4704,0,430,0,1104,0,608,0,0,0,148,0,56,0,3396,122,16534
2026/07/29,22:30,16040,0,5646,4678,0,424,0,1026,2,612,0,0,0,148,0,2,2,3382,118,16040
2026/07/29,23:00,15922,0,5886,4708,0,420,0,986,2,610,0,0,0,138,0,4,4,3056,108,15922
2026/07/29,23:30,15264,0,5356,4700,0,422,0,934,2,614,0,0,0,132,0,2,4,2992,106,15264
2026/07/30,00:00,14762,0,5586,4696,0,418,0,888,2,610,0,0,0,110,0,4,6,2334,108,14762
2026/07/30,00:30,14078,0,4782,4642,0,428,0,842,2,616,0,0,0,98,0,2,2,2560,104,14078
2026/07/30,01:00,13780,0,4154,4656,0,422,0,852,2,614,0,0,0,96,0,4,0,2870,110,13780
2026/07/30,01:30,13304,0,3940,4616,0,418,0,836,2,616,0,0,0,84,0,-198,2,2884,104,13304
2026/07/30,02:00,13302,0,4260,4642,0,424,0,830,0,610,0,0,0,68,0,-320,2,2674,112,13302
2026/07/30,02:30,13126,0,4054,4622,0,430,0,806,2,618,0,0,0,70,0,-326,0,2742,108,13126
2026/07/30,03:00,13210,0,4300,4644,0,420,0,814,2,614,0,0,0,66,0,-322,2,2554,116,13210
2026/07/30,03:30,13046,0,4148,4628,0,420,0,800,2,616,0,0,0,48,0,-324,2,2594,112,13046
2026/07/30,04:00,13140,0,4236,4636,0,424,0,802,2,614,0,0,0,50,0,-320,0,2574,122,13140
2026/07/30,04:30,13160,0,4244,4622,0,424,0,798,0,616,0,0,0,42,0,-326,8,2612,120,13160
2026/07/30,05:00,13382,0,4580,4666,0,424,0,760,2,610,0,28,0,48,0,-228,2,2374,116,13382
2026/07/30,05:30,13372,0,4228,4756,0,418,0,746,2,616,0,210,0,54,0,-302,2,2544,98,13372
2026/07/30,06:00,13836,0,4534,4786,0,422,0,764,2,610,0,594,0,66,0,-256,2,2216,96,13836
2026/07/30,06:30,14358,0,4442,4772,0,420,0,750,2,610,0,1158,0,68,0,-230,4,2272,90,14358
2026/07/30,07:00,15338,0,4380,4782,0,418,0,762,2,606,0,1820,0,76,0,-224,4,2608,104,15338
2026/07/30,07:30,16376,0,4836,4698,0,418,0,762,0,608,0,2804,0,88,0,-74,2,2136,98,16376
2026/07/30,08:00,18228,0,5416,4808,0,424,0,768,2,606,0,3986,0,78,0,4,4,2020,112,18228
2026/07/30,08:30,20154,0,5888,4784,0,418,0,766,0,606,0,5646,0,68,0,2,2,1862,112,20154
2026/07/30,09:00,21228,0,5986,4798,0,416,0,822,2,600,0,6556,0,58,0,4,2,1860,124,21228
2026/07/30,09:30,21812,0,6244,4792,0,418,0,812,2,602,0,7070,0,60,0,2,0,1680,130,21812
2026/07/30,10:00,22164,0,6170,4806,0,414,0,848,2,600,0,7402,0,64,0,4,4,1724,126,22164
2026/07/30,10:30,22534,0,6068,4788,0,430,0,850,2,606,0,7592,0,64,0,2,4,2004,124,22534
2026/07/30,11:00,22600,0,5888,4804,0,432,0,858,0,594,0,7478,0,74,0,4,4,2334,130,22600
2026/07/30,11:30,22674,0,5662,4708,0,438,0,872,2,598,0,7544,0,68,0,-58,2,2710,128,22674
2026/07/30,12:00,22106,0,5856,4364,0,410,0,920,2,598,0,7712,0,62,0,-444,2,2496,128,22106
2026/07/30,12:30,21896,0,6172,4314,0,410,0,910,2,598,0,7370,0,60,0,-666,0,2600,126,21896
2026/07/30,13:00,23030,0,6762,4726,0,424,0,930,2,594,0,7572,0,58,0,-84,8,1908,130,23030
2026/07/30,13:30,23236,0,6766,4770,0,414,0,948,0,596,0,7054,0,64,0,6,2,2490,126,23236
2026/07/30,14:00,23396,0,6958,4792,0,414,0,1006,2,598,0,6310,0,64,0,96,4,2974,178,23396
2026/07/30,14:30,23274,0,7384,4768,0,420,0,1086,2,602,0,5802,0,56,0,120,8,2850,176,23274
2026/07/30,15:00,23156,0,7726,4788,0,420,0,1188,0,598,0,5388,0,56,0,136,16,2664,176,23156
2026/07/30,15:30,23288,0,8806,4776,0,418,0,1296,2,602,0,4518,0,56,0,170,12,2470,162,23288
2026/07/30,16:00,23198,0,9364,4800,0,428,0,1530,2,596,0,3436,0,54,0,1072,24,1732,160,23198
2026/07/30,16:30,22874,0,9704,4772,0,426,0,1574,2,604,0,2460,0,50,0,1464,16,1650,152,22874
2026/07/30,17:00,22106,0,9758,4800,0,432,0,1616,0,604,0,1452,0,60,0,1442,26,1750,166,22106
2026/07/30,17:30,21582,0,9716,4778,0,430,0,1650,2,608,0,700,0,68,0,776,26,2658,170,21582
2026/07/30,18:00,21088,0,9778,4800,0,436,0,1788,2,604,0,216,0,72,0,612,26,2560,194,21088
2026/07/30,18:30,20702,0,9894,4772,0,454,0,1720,2,608,0,36,0,76,0,532,38,2404,166,20702
2026/07/30,19:00,20190,0,9652,4800,0,452,0,1668,2,602,0,0,0,90,0,494,18,2238,174,20190
2026/07/30,19:30,19614,0,9114,4762,0,450,0,1620,0,612,0,0,0,90,0,388,8,2418,152,19614
2026/07/30,20:00,19050,0,8376,4798,0,442,0,1510,2,604,0,0,0,86,0,204,10,2878,140,19050
2026/07/30,20:30,18602,0,8016,4766,0,454,0,1474,2,610,0,0,0,82,0,200,6,2858,134,18602
2026/07/30,21:00,18230,0,7966,4792,0,434,0,1286,2,604,0,0,0,76,0,158,12,2784,116,18230
2026/07/30,21:30,17742,0,7228,4770,0,432,0,1220,2,608,0,0,0,76,0,34,2,3256,114,17742
2026/07/30,22:00,17156,0,6732,4790,0,426,0,1200,2,608,0,0,0,82,0,38,6,3156,116,17156
2026/07/30,22:30,16762,0,6328,4774,0,422,0,1156,0,606,0,0,0,94,0,10,2,3262,108,16762
2026/07/30,23:00,16346,0,6136,4798,0,424,0,988,2,604,0,0,0,100,0,4,2,3172,116,16346
2026/07/30,23:30,15834,0,5736,4786,0,422,0,944,2,610,0,0,0,98,0,2,0,3122,112,15834
2026/07/31,00:00,15102,0,6078,4792,0,424,0,1012,2,608,0,0,0,102,0,4,0,2026,54,15102
2026/07/31,00:30,14498,0,5632,4774,0,424,0,1012,2,614,0,0,0,104,0,2,2,1880,52,14498
2026/07/31,01:00,14036,0,5300,4496,0,424,0,976,2,608,0,0,0,102,0,-152,0,2214,66,14036
2026/07/31,01:30,13704,0,5328,4380,0,422,0,964,2,608,0,0,0,92,0,-234,2,2066,74,13704
2026/07/31,02:00,13456,0,5318,4106,0,422,0,968,0,612,0,0,0,104,0,-304,2,2170,58,13456
2026/07/31,02:30,13350,0,5786,4324,0,424,0,934,2,612,0,0,0,108,0,-462,2,1576,44,13350
2026/07/31,03:00,13228,0,5684,4206,0,426,0,920,2,610,0,0,0,114,0,-458,0,1704,20,13228
2026/07/31,03:30,13216,0,5512,4282,0,424,0,912,2,612,0,0,0,94,0,-786,0,2138,26,13216
2026/07/31,04:00,13076,0,5606,4408,0,426,0,906,2,606,0,0,0,104,0,-826,0,1810,34,13076
2026/07/31,04:30,13154,0,5822,4466,0,430,0,886,2,614,0,0,0,84,0,-822,0,1634,38,13154
2026/07/31,05:00,13212,0,5752,4612,0,438,0,900,0,610,0,32,0,70,0,-818,2,1588,26,13212
2026/07/31,05:30,13198,0,5484,4616,0,454,0,880,2,612,0,298,0,64,0,-828,0,1586,30,13198
2026/07/31,06:00,13614,0,5542,4642,0,444,0,892,2,612,0,900,0,66,0,-820,2,1302,30,13614
2026/07/31,06:30,14394,0,5566,4464,0,400,0,864,2,608,0,1772,0,58,0,-616,4,1236,36,14394
2026/07/31,07:00,15474,0,5500,4124,0,400,0,862,2,606,0,2916,0,44,0,-588,2,1574,32,15474
2026/07/31,07:30,16704,0,5698,4034,0,414,0,838,0,610,0,4194,0,46,0,-570,6,1404,30,16704
2026/07/31,08:00,18638,0,6080,4114,0,410,0,812,2,602,0,5300,0,58,0,-232,12,1446,34,18638
2026/07/31,08:30,20220,0,5940,4514,0,420,0,816,2,608,0,6378,0,52,0,2,2,1446,40,20220
2026/07/31,09:00,21328,0,6158,4672,0,422,0,826,2,596,0,6954,0,64,0,4,2,1546,82,21328
2026/07/31,09:30,21976,0,6594,4770,0,430,0,842,2,608,0,7340,0,66,0,2,2,1228,92,21976
2026/07/31,10:00,22170,0,6110,4790,0,428,0,888,2,596,0,7782,0,62,0,4,4,1412,92,22170
2026/07/31,10:30,22502,0,5908,4706,0,420,0,980,0,604,0,8146,0,60,0,2,2,1584,90,22502
2026/07/31,11:00,22802,0,6124,4716,0,418,0,1020,2,600,0,8300,0,58,0,4,2,1464,94,22802
2026/07/31,11:30,22798,0,6662,4770,0,420,0,1044,0,606,0,7616,0,74,0,2,6,1508,90,22798
2026/07/31,12:00,22042,0,6554,4768,0,412,0,1018,2,596,0,6832,0,70,0,4,2,1696,88,22042
2026/07/31,12:30,22074,0,6292,4702,0,430,0,1064,2,602,0,6818,0,66,0,2,2,2004,90,22074
2026/07/31,13:00,22822,0,7182,4800,0,446,0,1256,2,598,0,6544,0,58,0,8,4,1840,84,22822
2026/07/31,13:30,23156,0,7298,4784,0,440,0,1368,2,600,0,6818,0,56,0,70,0,1636,84,23156
2026/07/31,14:00,23346,0,7098,4800,0,438,0,1470,0,594,0,7126,0,54,0,76,6,1596,88,23346
2026/07/31,14:30,23328,0,7332,4780,0,436,0,1490,2,608,0,6592,0,66,0,72,6,1854,90,23328
2026/07/31,15:00,23070,0,7732,4810,0,450,0,1670,2,602,0,5638,0,66,0,74,4,1932,90,23070
2026/07/31,15:30,23186,0,8404,4784,0,432,0,1706,0,608,0,4806,0,64,0,164,8,2122,88,23186
2026/07/31,16:00,23116,0,9146,4800,0,426,0,1838,2,606,0,3784,0,66,0,534,12,1776,126,23116
2026/07/31,16:30,22628,0,9274,4784,0,428,0,1874,2,604,0,2524,0,54,0,1716,30,1210,128,22628
2026/07/31,17:00,21672,0,8484,4806,0,430,0,1918,0,604,0,1544,0,56,0,1564,6,2132,128,21672
2026/07/31,17:30,20976,0,8372,4790,0,440,0,1922,2,608,0,734,0,48,0,1336,16,2580,128,20976
2026/07/31,18:00,20480,0,8552,4802,0,434,0,1866,2,608,0,228,0,36,0,1224,16,2582,130,20480
2026/07/31,18:30,20246,0,9032,4780,0,438,0,1858,2,616,0,32,0,48,0,1132,14,2168,126,20246
2026/07/31,19:00,19758,0,8734,4810,0,432,0,1808,2,608,0,0,0,56,0,796,12,2374,126,19758
2026/07/31,19:30,19254,0,7496,4784,0,432,0,1782,0,616,0,0,0,68,0,678,6,3280,112,19254
2026/07/31,20:00,18758,0,6378,4810,0,438,0,1662,2,610,0,0,0,78,0,640,6,4030,104,18758
2026/07/31,20:30,18294,0,6172,4774,0,432,0,1570,2,616,0,0,0,74,0,386,8,4162,98,18294
2026/07/31,21:00,17840,0,6690,4806,0,440,0,1336,0,610,0,0,0,80,0,58,4,3720,96,17840
2026/07/31,21:30,17404,0,6696,4780,0,440,0,1148,2,612,0,0,0,84,0,60,4,3508,70,17404
2026/07/31,22:00,16960,0,6138,4796,0,420,0,1074,2,610,0,0,0,92,0,4,8,3748,68,16960
2026/07/31,22:30,16458,0,5944,4792,0,422,0,1030,2,616,0,0,0,72,0,2,0,3512,66,16458
2026/07/31,23:00,16070,0,6514,4798,0,434,0,924,2,606,0,0,0,60,0,4,4,2662,62,16070
2026/07/31,23:30,15474,0,5932,4798,0,438,0,898,0,618,0,0,0,56,0,2,0,2672,60,15474
