単位[MW平均],,,供給力,,,,,,,,,,,,,,,,
DATE,TIME,エリア需要,原子力,火力(LNG),火力(石炭),火力(石油),火力(その他),水力,地熱,バイオマス,太陽光発電実績,太陽光出力制御量,風力発電実績,風力出力制御量,揚水,蓄電池,連系線,その他,合計
2026/03/01,00:00,10846,0,3492,3532,0,436,708,2,608,0,0,220,0,442,0,1284,122,10846
2026/03/01,00:30,10638,0,3402,3488,0,432,694,2,610,0,0,210,0,270,2,1410,118,10638
2026/03/01,01:00,10498,0,3022,3430,0,430,694,2,610,0,0,210,0,268,4,1698,130,10498
2026/03/01,01:30,10504,0,3094,3442,0,448,692,2,608,0,0,204,0,270,2,1616,126,10504
2026/03/01,02:00,10618,0,3164,3528,0,428,696,2,610,0,0,208,0,278,2,1594,108,10618
2026/03/01,02:30,10930,0,3512,3616,0,438,686,2,608,0,0,226,0,274,2,1458,108,10930
2026/03/01,03:00,11134,0,3368,3750,0,444,700,0,608,0,0,220,0,268,2,1672,102,11134
2026/03/01,03:30,11124,0,3272,3680,0,418,714,2,604,0,0,224,0,276,6,1834,94,11124
2026/03/01,04:00,11318,0,3670,3482,0,418,772,2,608,0,0,220,0,274,8,1766,98,11318
2026/03/01,04:30,11282,0,3688,3464,0,414,776,2,602,0,0,206,0,138,12,1890,90,11282
2026/03/01,05:00,11520,0,3844,3504,0,408,780,2,604,0,0,194,0,318,8,1760,98,11520
2026/03/01,05:30,11202,0,3484,3120,0,412,774,2,604,0,0,196,0,320,8,2188,94,11202
2026/03/01,06:00,11390,0,3960,3020,0,412,752,2,606,6,0,192,0,382,20,1944,94,11390
2026/03/01,06:30,11270,0,4348,3068,0,376,720,0,602,194,0,196,0,440,2,1240,84,11270
2026/03/01,07:00,11286,0,4262,2846,0,352,682,2,606,998,0,188,0,132,4,1124,90,11286
2026/03/01,07:30,11430,0,3782,2416,0,342,690,2,600,2334,0,176,0,-242,0,1244,86,11430
2026/03/01,08:00,11476,0,3258,1890,0,340,702,2,602,3774,0,166,0,-1562,0,2182,122,11476
2026/03/01,08:30,11434,0,2682,1556,0,344,716,2,596,5180,0,146,0,-2646,2,2738,118,11434
2026/03/01,09:00,11458,0,2636,1430,0,348,760,2,582,6306,0,150,0,-3030,2,2146,126,11458
2026/03/01,09:30,11378,0,2282,1404,0,322,764,2,560,7152,276,76,11,-3516,2,2212,118,11378
2026/03/01,10:00,11138,0,2236,1408,0,300,744,2,556,7856,299,62,11,-3640,2,1556,56,11138
2026/03/01,10:30,11148,0,2292,1404,0,296,718,2,548,8380,312,60,21,-3638,0,1036,50,11148
2026/03/01,11:00,10866,0,2158,1406,0,292,648,2,546,8674,335,64,17,-3732,0,756,52,10866
2026/03/01,11:30,10876,0,2182,1406,0,294,634,0,550,8500,667,50,19,-3724,0,934,50,10876
2026/03/01,12:00,10730,0,2160,1414,0,292,638,2,550,8320,781,38,18,-3722,0,986,52,10730
2026/03/01,12:30,10560,0,2212,1404,0,294,630,2,548,8004,957,28,16,-3694,2,1088,42,10560
2026/03/01,13:00,10386,0,2172,1402,0,294,658,2,550,7874,784,42,17,-3712,0,1050,54,10386
2026/03/01,13:30,10464,0,2204,1398,0,292,654,2,548,7894,296,54,17,-3670,0,1042,46,10464
2026/03/01,14:00,10176,0,2140,1404,0,294,660,2,552,7288,274,38,17,-3448,0,1194,52,10176
2026/03/01,14:30,10304,0,2242,1402,0,298,660,2,550,6588,0,46,0,-3040,0,1510,46,10304
2026/03/01,15:00,10156,0,2176,1410,0,316,790,2,562,5490,0,38,0,-2128,0,1444,56,10156
2026/03/01,15:30,10374,0,2934,1578,0,352,794,2,580,4120,0,38,0,-1478,4,1378,72,10374
2026/03/01,16:00,10548,0,3242,2114,0,376,830,2,592,2678,0,32,0,-784,8,1376,82,10548
2026/03/01,16:30,10680,0,3556,2404,0,396,838,2,596,1270,0,28,0,104,6,1396,84,10680
2026/03/01,17:00,11258,0,3710,2742,0,404,916,0,596,328,0,32,0,1648,8,782,92,11258
2026/03/01,17:30,11788,0,3566,2828,0,412,934,2,592,18,0,34,0,2560,12,740,90,11788
2026/03/01,18:00,12418,0,3510,3060,0,408,954,2,592,0,0,36,0,2410,10,1276,160,12418
2026/03/01,18:30,12306,0,3742,3212,0,412,946,2,596,0,0,40,0,1506,12,1668,170,12306
2026/03/01,19:00,12594,0,3796,3366,0,406,952,2,598,0,0,38,0,1528,8,1708,192,12594
2026/03/01,19:30,12342,0,3738,3690,0,408,958,2,592,0,0,26,0,1000,6,1740,182,12342
2026/03/01,20:00,12528,0,3986,3764,0,414,932,2,598,0,0,18,0,1216,8,1418,172,12528
2026/03/01,20:30,12242,0,3922,3782,0,414,914,2,594,0,0,12,0,902,4,1540,156,12242
2026/03/01,21:00,12168,0,4178,3904,0,412,890,0,598,0,0,16,0,310,2,1732,126,12168
2026/03/01,21:30,12018,0,3858,4020,0,408,896,2,596,0,0,10,0,236,2,1880,110,12018
2026/03/01,22:00,11610,0,3496,4112,0,414,806,2,594,0,0,6,0,122,0,1952,106,11610
2026/03/01,22:30,11384,0,3274,4080,0,410,780,2,600,0,0,8,0,114,0,2012,104,11384
2026/03/01,23:00,11238,0,3526,4062,0,398,676,2,598,0,0,8,0,118,2,1748,100,11238
2026/03/01,23:30,11124,0,3676,4034,0,398,666,2,596,0,0,8,0,68,0,1586,90,11124
2026/03/02,00:00,10732,0,3170,4040,0,396,554,2,586,0,0,6,0,4,0,1908,66,10732
2026/03/02,00:30,10668,0,3384,3968,0,398,530,2,562,0,0,8,0,2,0,1752,62,10668
2026/03/02,01:00,10630,0,3178,3852,0,398,532,2,560,0,0,6,0,4,0,2032,66,10630
2026/03/02,01:30,10744,0,3326,3962,0,398,526,2,552,0,0,6,0,2,0,1906,64,10744
2026/03/02,02:00,10820,0,3246,4104,0,396,528,2,554,0,0,4,0,4,0,1914,68,10820
2026/03/02,02:30,11236,0,3758,4078,0,398,518,2,556,0,0,2,0,2,0,1856,66,11236
2026/03/02,03:00,11324,0,3514,4098,0,398,556,0,552,0,0,4,0,4,0,2106,92,11324
2026/03/02,03:30,11600,0,4008,4082,0,396,552,2,552,0,0,2,0,2,0,1914,90,11600
2026/03/02,04:00,11660,0,3928,4104,0,398,666,2,552,0,0,4,0,4,0,1904,98,11660
2026/03/02,04:30,11970,0,4480,4080,0,402,662,2,550,0,0,4,0,2,0,1696,92,11970
2026/03/02,05:00,12128,0,4376,4106,0,410,664,2,550,0,0,2,0,4,0,1910,104,12128
2026/03/02,05:30,12524,0,4998,4080,0,410,656,2,548,0,0,2,0,2,0,1724,102,12524
2026/03/02,06:00,13072,0,5350,4110,0,408,732,2,548,8,0,2,0,4,6,1826,76,13072
2026/03/02,06:30,13626,0,5970,4092,0,406,728,2,548,208,0,0,0,56,12,1536,68,13626
2026/03/02,07:00,14188,0,5940,4110,0,396,748,2,552,840,0,2,0,50,10,1468,70,14188
2026/03/02,07:30,14838,0,5952,4092,0,400,726,0,546,1736,0,4,0,70,10,1236,66,14838
2026/03/02,08:00,15704,0,5988,4120,0,404,764,2,552,2908,0,2,0,110,12,748,94,15704
2026/03/02,08:30,16504,0,6062,4096,0,402,762,2,548,4190,0,2,0,106,2,242,90,16504
2026/03/02,09:00,16842,0,5852,4128,0,406,734,2,536,5308,0,2,0,4,4,-234,100,16842
2026/03/02,09:30,16746,0,5304,4096,0,394,688,2,538,6106,0,2,0,8,4,-492,96,16746
2026/03/02,10:00,16682,0,4142,4128,0,394,686,2,536,6776,0,4,0,330,6,-370,48,16682
2026/03/02,10:30,16230,0,3862,4098,0,388,668,2,532,6428,0,2,0,302,4,-100,44,16230
2026/03/02,11:00,16184,0,3566,4124,0,384,616,2,528,6282,0,4,0,46,4,576,52,16184
2026/03/02,11:30,15866,0,3034,4104,0,392,604,2,526,6498,0,12,0,-70,4,702,58,15866
2026/03/02,12:00,15150,0,3334,4118,0,388,598,2,532,6268,0,10,0,-424,2,260,62,15150
2026/03/02,12:30,14892,0,3786,4090,0,390,588,2,530,5628,0,12,0,-194,2,-4,62,14892
2026/03/02,13:00,15574,0,3756,4104,0,392,588,2,526,5162,0,8,0,92,2,876,66,15574
2026/03/02,13:30,15738,0,4096,4018,0,392,588,0,522,5278,0,8,0,294,0,486,56,15738
2026/03/02,14:00,15672,0,5546,4098,0,404,602,2,520,4578,0,12,0,344,6,-486,46,15672
2026/03/02,14:30,15658,0,6126,4102,0,406,608,2,514,3410,0,12,0,826,10,-402,44,15658
2026/03/02,15:00,15362,0,6248,4124,0,406,820,2,500,2398,0,16,0,1222,0,-416,42,15362
2026/03/02,15:30,15676,0,6864,4098,0,404,880,2,504,1530,0,14,0,1914,2,-574,38,15676
2026/03/02,16:00,15766,0,7354,4124,0,410,980,2,500,884,0,10,0,1732,6,-292,56,15766
2026/03/02,16:30,15810,0,7640,4102,0,406,1028,2,502,434,0,16,0,1778,6,-156,52,15810
2026/03/02,17:00,15626,0,7860,4120,0,410,1088,2,500,78,0,28,0,1444,16,2,78,15626
2026/03/02,17:30,16004,0,8022,4106,0,412,1126,0,508,6,0,42,0,1778,20,-92,76,16004
2026/03/02,18:00,15970,0,7968,4120,0,406,1130,2,502,0,0,50,0,1318,22,372,80,15970
2026/03/02,18:30,15920,0,7620,4100,0,408,1140,2,504,0,0,68,0,1008,28,964,78,15920
2026/03/02,19:00,15442,0,7200,4124,0,410,1124,2,504,0,0,86,0,616,30,1268,78,15442
2026/03/02,19:30,15238,0,7204,4100,0,406,1122,2,502,0,0,92,0,430,14,1288,78,15238
2026/03/02,20:00,15008,0,6972,4116,0,410,1122,2,506,0,0,102,0,240,18,1446,74,15008
2026/03/02,20:30,14908,0,7130,4106,0,410,1120,2,502,0,0,110,0,142,14,1310,62,14908
2026/03/02,21:00,14646,0,6906,4124,0,414,950,2,504,0,0,114,0,142,2,1424,64,14646
2026/03/02,21:30,14376,0,6568,4098,0,408,910,2,502,0,0,140,0,18,0,1666,64,14376
2026/03/02,22:00,14216,0,6888,4124,0,412,844,2,504,0,0,166,0,58,2,1150,66,14216
2026/03/02,22:30,13720,0,5998,4096,0,404,814,2,504,0,0,178,0,94,4,1562,64,13720
2026/03/02,23:00,13754,0,6230,4128,0,404,674,2,504,0,0,190,0,0,0,1550,72,13754
2026/03/02,23:30,13400,0,6212,4108,0,404,662,0,500,0,0,204,0,-400,2,1642,66,13400
2026/03/03,00:00,12824,0,5568,4110,0,402,642,2,502,0,0,210,0,-1134,0,2462,60,12824
2026/03/03,00:30,12470,0,5062,4102,0,402,636,2,504,0,0,234,0,-1342,0,2814,56,12470
2026/03/03,01:00,12394,0,5416,4116,0,390,622,2,502,0,0,246,0,-1528,0,2568,60,12394
2026/03/03,01:30,12378,0,5358,4108,0,392,600,2,506,0,0,258,0,-1522,0,2618,58,12378
2026/03/03,02:00,12488,0,5348,4116,0,394,638,2,502,0,0,274,0,-1512,0,2686,40,12488
2026/03/03,02:30,12600,0,4852,4102,0,398,630,2,504,0,0,284,0,-916,0,2706,38,12600
2026/03/03,03:00,12832,0,4914,4128,0,408,642,0,502,0,0,284,0,-576,2,2506,22,12832
2026/03/03,03:30,12932,0,5028,4102,0,404,630,2,504,0,0,286,0,-466,0,2428,14,12932
2026/03/03,04:00,12882,0,4936,4124,0,406,650,2,502,0,0,288,0,-314,2,2264,22,12882
2026/03/03,04:30,12956,0,4968,4096,0,406,650,2,504,0,0,288,0,-172,0,2200,14,12956
2026/03/03,05:00,13228,0,4536,4120,0,408,742,2,502,0,0,288,0,4,2,2604,20,13228
2026/03/03,05:30,13248,0,4856,4106,0,402,732,2,502,0,0,284,0,2,0,2344,18,13248
2026/03/03,06:00,13744,0,5624,4124,0,396,746,2,502,0,0,278,0,4,2,2022,44,13744
2026/03/03,06:30,14186,0,5982,4098,0,404,800,2,502,18,0,286,0,2,4,2054,34,14186
2026/03/03,07:00,14844,0,6920,4124,0,404,812,0,502,42,0,278,0,4,2,1716,40,14844
2026/03/03,07:30,15584,0,7660,4102,0,404,826,2,502,98,0,282,0,10,8,1656,34,15584
2026/03/03,08:00,16830,0,8330,4116,0,404,908,2,502,160,0,278,0,200,10,1890,30,16830
2026/03/03,08:30,17808,0,8894,4104,0,402,900,2,496,260,0,280,0,664,10,1768,28,17808
2026/03/03,09:00,18376,0,9154,4122,0,404,900,2,496,476,0,292,0,1200,8,1288,34,18376
2026/03/03,09:30,18406,0,8806,4102,0,406,898,2,494,684,0,290,0,1490,4,1206,24,18406
2026/03/03,10:00,18352,0,8876,4124,0,400,882,2,500,820,0,292,0,888,0,1532,36,18352
2026/03/03,10:30,18254,0,8862,4110,0,404,878,2,496,1108,0,290,0,758,6,1306,34,18254
2026/03/03,11:00,18146,0,8966,4132,0,400,826,2,500,1086,0,278,0,994,4,918,40,18146
2026/03/03,11:30,17934,0,8698,4098,0,402,810,2,496,1206,0,294,0,580,2,1308,38,17934
2026/03/03,12:00,16926,0,7284,4124,0,394,712,2,500,1424,0,282,0,12,2,2148,42,16926
2026/03/03,12:30,16860,0,7442,4106,0,402,714,2,500,1338,0,296,0,2,0,2016,42,16860
2026/03/03,13:00,17646,0,8066,4124,0,400,818,0,498,1276,0,284,0,4,4,2124,48,17646
2026/03/03,13:30,17796,0,8578,4110,0,400,876,2,498,1196,0,284,0,438,0,1374,40,17796
2026/03/03,14:00,17742,0,8070,4130,0,402,956,2,498,966,0,270,0,90,2,2310,46,17742
2026/03/03,14:30,17802,0,8404,4104,0,400,968,2,498,776,0,258,0,122,0,2228,42,17802
2026/03/03,15:00,17378,0,8296,4124,0,404,1032,2,496,534,0,230,0,134,4,2080,42,17378
2026/03/03,15:30,17918,0,8972,4096,0,402,1090,2,498,280,0,166,0,468,4,1910,30,17918
2026/03/03,16:00,17950,0,9234,4128,0,404,1118,2,502,140,0,128,0,458,12,1790,34,17950
2026/03/03,16:30,17918,0,9364,4098,0,406,1178,2,502,64,0,122,0,610,20,1516,36,17918
2026/03/03,17:00,17680,0,9396,4124,0,402,1222,0,496,20,0,110,0,578,10,1286,36,17680
2026/03/03,17:30,17562,0,9254,4094,0,402,1238,2,500,6,0,136,0,376,16,1504,34,17562
2026/03/03,18:00,17516,0,9388,4126,0,404,1150,2,498,0,0,114,0,378,22,1366,68,17516
2026/03/03,18:30,17158,0,9358,4100,0,404,1144,2,502,0,0,82,0,414,8,1076,68,17158
2026/03/03,19:00,16886,0,9176,4124,0,402,1090,2,502,0,0,64,0,366,4,1086,70,16886
2026/03/03,19:30,16388,0,8682,4098,0,406,1064,2,500,0,0,84,0,216,2,1264,70,16388
2026/03/03,20:00,16196,0,8342,4126,0,402,1038,2,504,0,0,122,0,118,0,1470,72,16196
2026/03/03,20:30,15912,0,7704,4100,0,406,1038,2,502,0,0,168,0,114,0,1806,72,15912
2026/03/03,21:00,15662,0,7922,4120,0,408,914,2,502,0,0,186,0,116,2,1418,72,15662
2026/03/03,21:30,15252,0,7282,4100,0,406,878,2,504,0,0,196,0,26,2,1782,74,15252
2026/03/03,22:00,15048,0,7280,4124,0,406,818,2,502,0,0,210,0,132,0,1498,76,15048
2026/03/03,22:30,14686,0,6846,4098,0,404,808,2,500,0,0,224,0,34,2,1694,74,14686
2026/03/03,23:00,14392,0,6448,4128,0,404,756,0,502,0,0,226,0,4,0,1870,54,14392
2026/03/03,23:30,14080,0,6126,4112,0,400,748,2,504,0,0,238,0,2,0,1896,52,14080
2026/03/04,00:00,13458,0,6012,4114,0,392,724,2,502,0,0,244,0,-170,0,1582,56,13458
2026/03/04,00:30,13190,0,5718,4104,0,392,758,2,500,0,0,250,0,-236,0,1650,52,13190
2026/03/04,01:00,13092,0,5590,4114,0,394,814,2,502,0,0,254,0,-234,0,1598,58,13092
2026/03/04,01:30,13060,0,5520,4104,0,392,794,2,504,0,0,240,0,-236,0,1680,60,13060
2026/03/04,02:00,13118,0,5622,4120,0,390,812,2,502,0,0,248,0,-232,0,1598,56,13118
2026/03/04,02:30,13336,0,5860,4104,0,392,818,2,502,0,0,254,0,-234,2,1572,64,13336
2026/03/04,03:00,13534,0,6032,4128,0,392,856,0,502,0,0,250,0,-238,0,1546,66,13534
2026/03/04,03:30,13512,0,6420,4098,0,392,860,2,506,0,0,262,0,-140,2,1046,64,13512
2026/03/04,04:00,13624,0,6334,4114,0,394,852,2,502,0,0,274,0,4,0,1078,70,13624
2026/03/04,04:30,13746,0,6398,4104,0,394,856,2,502,0,0,278,0,2,0,1140,70,13746
2026/03/04,05:00,13864,0,6438,4118,0,394,852,2,504,0,0,270,0,4,2,1208,72,13864
2026/03/04,05:30,14174,0,6662,4100,0,394,848,2,502,0,0,284,0,2,0,1308,72,14174
2026/03/04,06:00,14590,0,6938,4116,0,400,942,2,504,12,0,282,0,6,2,1320,66,14590
2026/03/04,06:30,15108,0,7598,4100,0,404,946,2,504,242,0,282,0,404,2,556,68,15108
2026/03/04,07:00,15458,0,7352,4132,0,400,944,2,500,1094,0,274,0,478,4,208,70,15458
2026/03/04,07:30,16030,0,6792,4090,0,402,902,2,502,2342,0,282,0,38,0,610,68,16030
2026/03/04,08:00,16694,0,6398,4124,0,398,896,0,500,3466,0,274,0,38,2,544,54,16694
2026/03/04,08:30,17476,0,5906,4100,0,392,886,2,502,4586,0,264,0,112,2,674,50,17476
2026/03/04,09:00,17648,0,5710,4114,0,390,820,2,492,5476,0,190,0,116,2,278,58,17648
2026/03/04,09:30,17506,0,5134,4094,0,384,788,2,490,6178,0,162,0,202,0,12,60,17506
2026/03/04,10:00,17420,0,4134,4112,0,388,734,2,490,6886,0,180,0,162,2,272,58,17420
2026/03/04,10:30,17450,0,3622,4088,0,390,714,2,498,7508,0,190,0,24,0,360,54,17450
2026/03/04,11:00,17318,0,3548,4112,0,384,656,2,490,7972,0,186,0,-138,2,48,56,17318
2026/03/04,11:30,17104,0,3404,4090,0,386,656,2,488,8202,0,188,0,-512,2,148,50,17104
2026/03/04,12:00,16488,0,3012,4108,0,384,674,2,476,8386,0,262,0,-1048,0,180,52,16488
2026/03/04,12:30,16070,0,3040,4050,0,386,664,2,476,8198,0,274,0,-1230,2,168,40,16070
2026/03/04,13:00,16860,0,3738,4114,0,386,668,2,482,8048,0,278,0,-930,4,28,42,16860
2026/03/04,13:30,16914,0,3530,4090,0,386,676,0,486,7726,0,268,0,-518,2,226,42,16914
2026/03/04,14:00,16880,0,3542,4116,0,390,696,2,490,7174,0,266,0,-468,4,632,36,16880
2026/03/04,14:30,16694,0,3960,4092,0,390,696,2,494,6392,0,282,0,-172,2,518,38,16694
2026/03/04,15:00,16634,0,4614,4124,0,392,796,2,490,5356,0,278,0,168,4,364,46,16634
2026/03/04,15:30,16684,0,5806,4094,0,384,826,2,492,4150,0,290,0,290,4,300,46,16684
2026/03/04,16:00,16750,0,6798,4116,0,390,992,2,492,2764,0,288,0,418,4,440,46,16750
2026/03/04,16:30,16750,0,7858,4092,0,392,1098,2,500,1384,0,284,0,420,2,674,44,16750
2026/03/04,17:00,16630,0,8736,4116,0,402,1172,2,498,342,0,282,0,418,6,606,50,16630
2026/03/04,17:30,17158,0,9818,4086,0,408,1184,2,502,26,0,286,0,646,20,134,46,17158
2026/03/04,18:00,17530,0,9712,4108,0,408,1184,2,498,0,0,290,0,680,22,550,76,17530
2026/03/04,18:30,17458,0,9514,4098,0,408,1182,2,500,0,0,294,0,872,10,500,78,17458
2026/03/04,19:00,17238,0,9688,4104,0,408,1186,2,500,0,0,290,0,914,18,48,80,17238
2026/03/04,19:30,17040,0,9692,4096,0,406,1172,2,494,0,0,284,0,878,4,-64,76,17040
2026/03/04,20:00,16938,0,9568,4104,0,410,1104,0,494,0,0,258,0,560,4,356,80,16938
2026/03/04,20:30,16726,0,9688,4100,0,406,1096,2,498,0,0,246,0,780,2,-170,78,16726
2026/03/04,21:00,16600,0,9918,4106,0,412,944,2,500,0,0,244,0,780,2,-394,86,16600
2026/03/04,21:30,16164,0,9544,4092,0,406,872,2,500,0,0,230,0,548,0,-114,84,16164
2026/03/04,22:00,15934,0,9250,4096,0,408,828,2,498,0,0,228,0,496,0,38,90,15934
2026/03/04,22:30,15502,0,8608,4098,0,402,790,2,500,0,0,234,0,206,2,572,88,15502
2026/03/04,23:00,15330,0,8218,4102,0,396,742,2,500,0,0,248,0,38,0,1022,62,15330
2026/03/04,23:30,14898,0,7334,4104,0,392,740,2,492,0,0,260,0,-26,0,1542,58,14898
2026/03/05,00:00,14520,0,7044,4100,0,392,796,2,500,0,0,250,0,-250,0,1626,60,14520
2026/03/05,00:30,14180,0,6740,4102,0,394,788,2,502,0,0,256,0,-374,2,1712,56,14180
2026/03/05,01:00,14024,0,6320,4100,0,392,796,2,502,0,0,244,0,-506,0,2116,58,14024
2026/03/05,01:30,13940,0,6504,4100,0,394,788,2,500,0,0,252,0,-508,0,1852,56,13940
2026/03/05,02:00,14068,0,6390,4112,0,392,840,2,500,0,0,256,0,-298,2,1818,54,14068
2026/03/05,02:30,14130,0,6606,4100,0,390,834,0,500,0,0,256,0,-252,0,1642,54,14130
2026/03/05,03:00,14366,0,6894,4104,0,394,830,2,500,0,0,262,0,2,2,1298,78,14366
2026/03/05,03:30,14392,0,7026,4096,0,396,826,2,500,0,0,258,0,2,0,1204,82,14392
2026/03/05,04:00,14318,0,6980,4104,0,394,824,2,504,0,0,244,0,4,0,1198,64,14318
2026/03/05,04:30,14430,0,6788,4096,0,394,814,2,496,0,0,258,0,2,2,1518,60,14430
2026/03/05,05:00,14732,0,7286,4108,0,392,814,2,502,0,0,248,0,4,0,1324,52,14732
2026/03/05,05:30,14972,0,7352,4100,0,390,822,2,498,0,0,244,0,22,2,1488,52,14972
2026/03/05,06:00,15728,0,8098,4108,0,390,876,2,504,16,0,222,0,106,4,1352,50,15728
2026/03/05,06:30,16216,0,8138,4092,0,390,884,2,500,332,0,234,0,290,4,1300,50,16216
2026/03/05,07:00,16562,0,7578,4100,0,388,882,2,502,1338,0,230,0,114,4,1372,52,16562
2026/03/05,07:30,16954,0,6920,4098,0,390,870,2,504,2730,0,226,0,2,2,1158,52,16954
2026/03/05,08:00,17774,0,6458,4102,0,390,884,2,500,4196,0,230,0,2,2,928,80,17774
2026/03/05,08:30,18356,0,5844,4100,0,388,888,2,502,5504,0,224,0,4,2,822,76,18356
2026/03/05,09:00,18576,0,5076,4108,0,388,882,2,498,6706,0,230,0,232,0,402,52,18576
2026/03/05,09:30,18382,0,4280,4096,0,388,816,0,498,7636,0,240,0,122,2,256,48,18382
2026/03/05,10:00,18008,0,3124,3968,0,392,722,2,498,8404,0,216,0,-208,0,860,30,18008
2026/03/05,10:30,17804,0,2850,4040,0,388,706,2,500,8938,0,214,0,-488,2,620,32,17804
2026/03/05,11:00,17558,0,2978,3902,0,388,714,2,498,9224,0,200,0,-900,2,514,36,17558
2026/03/05,11:30,17268,0,3420,3952,0,392,698,2,500,9342,0,190,0,-1546,2,282,34,17268
2026/03/05,12:00,16264,0,2898,3516,0,386,702,2,498,9386,0,188,0,-2028,0,682,34,16264
2026/03/05,12:30,16030,0,2806,3344,0,388,708,2,502,9182,0,204,0,-2092,2,952,32,16030
2026/03/05,13:00,16532,0,3056,3436,0,388,714,2,500,8920,0,212,0,-1460,0,728,36,16532
2026/03/05,13:30,16710,0,3476,3510,0,390,714,0,502,8460,0,216,0,-1086,0,504,24,16710
2026/03/05,14:00,16538,0,3102,3680,0,390,800,2,502,7772,0,216,0,-720,4,758,32,16538
2026/03/05,14:30,16450,0,3772,3562,0,386,806,2,506,6880,0,214,0,-446,2,744,22,16450
2026/03/05,15:00,16212,0,4146,3808,0,384,828,2,498,5702,0,216,0,-132,2,724,34,16212
2026/03/05,15:30,16490,0,4776,4040,0,390,888,2,504,4338,0,230,0,102,2,1180,38,16490
2026/03/05,16:00,16628,0,5926,4102,0,394,1076,2,500,2894,0,230,0,102,6,1314,82,16628
2026/03/05,16:30,16688,0,6922,4098,0,394,1168,2,508,1466,0,226,0,172,2,1648,82,16688
2026/03/05,17:00,16570,0,7532,4106,0,398,1222,2,506,452,0,214,0,542,6,1492,98,16570
2026/03/05,17:30,17134,0,8738,4090,0,412,1230,2,504,94,0,198,0,670,24,1080,92,17134
2026/03/05,18:00,17458,0,8668,4108,0,410,1248,2,504,0,0,210,0,840,16,1240,212,17458
2026/03/05,18:30,17478,0,9030,4098,0,412,1244,2,506,0,0,210,0,1198,18,554,206,17478
2026/03/05,19:00,17198,0,9056,4102,0,410,1240,2,506,0,0,202,0,1066,10,396,208,17198
2026/03/05,19:30,17002,0,9082,4100,0,400,1242,2,506,0,0,196,0,376,6,882,210,17002
2026/03/05,20:00,16906,0,9154,4106,0,402,1210,2,506,0,0,174,0,138,10,1028,176,16906
2026/03/05,20:30,16654,0,9084,4094,0,396,1172,0,502,0,0,152,0,282,6,800,166,16654
2026/03/05,21:00,16558,0,9126,4112,0,404,1008,2,508,0,0,142,0,288,2,790,176,16558
2026/03/05,21:30,16080,0,8428,4094,0,398,900,2,508,0,0,130,0,124,0,1320,176,16080
2026/03/05,22:00,15972,0,8426,4110,0,398,882,2,506,0,0,112,0,130,2,1228,176,15972
2026/03/05,22:30,15420,0,7588,4096,0,396,878,2,508,0,0,74,0,124,0,1592,162,15420
2026/03/05,23:00,15314,0,7804,4104,0,398,766,2,504,0,0,26,0,88,2,1470,150,15314
2026/03/05,23:30,14844,0,7450,4100,0,396,744,2,508,0,0,14,0,16,0,1468,146,14844
2026/03/06,00:00,14362,0,6602,4102,0,398,748,2,510,0,0,26,0,4,0,1906,64,14362
2026/03/06,00:30,14150,0,6638,4102,0,394,738,2,504,0,0,18,0,2,0,1700,52,14150
2026/03/06,01:00,13984,0,6120,4104,0,394,740,2,508,0,0,14,0,4,2,2032,64,13984
2026/03/06,01:30,13916,0,6206,4096,0,394,732,2,508,0,0,10,0,2,0,1912,54,13916
2026/03/06,02:00,13956,0,6238,4104,0,396,786,2,506,0,0,16,0,4,0,1844,60,13956
2026/03/06,02:30,14128,0,6720,4096,0,390,782,0,510,0,0,12,0,2,0,1556,60,14128
2026/03/06,03:00,14348,0,6754,4108,0,396,798,2,506,0,0,14,0,4,2,1692,72,14348
2026/03/06,03:30,14290,0,6842,4094,0,398,784,2,508,0,0,14,0,2,0,1580,66,14290
2026/03/06,04:00,14394,0,6784,4104,0,396,868,2,508,0,0,26,0,4,0,1604,98,14394
2026/03/06,04:30,14426,0,6920,4102,0,396,860,2,508,0,0,38,0,2,0,1502,96,14426
2026/03/06,05:00,14828,0,7142,4098,0,398,874,2,504,0,0,44,0,4,2,1652,108,14828
2026/03/06,05:30,14990,0,7558,4098,0,398,866,2,506,0,0,50,0,4,0,1400,108,14990
2026/03/06,06:00,15654,0,8338,4108,0,394,924,2,506,12,0,50,0,192,2,1050,76,15654
2026/03/06,06:30,16210,0,8486,4098,0,392,970,2,504,258,0,50,0,830,12,540,68,16210
2026/03/06,07:00,16456,0,7780,4104,0,394,970,0,502,878,0,46,0,470,14,1216,82,16456
2026/03/06,07:30,16874,0,7354,4096,0,392,962,2,504,1850,0,46,0,484,2,1104,78,16874
2026/03/06,08:00,17810,0,6568,4108,0,388,968,2,502,2998,0,56,0,374,2,1740,104,17810
2026/03/06,08:30,18220,0,5896,4100,0,390,964,2,502,4024,0,70,0,250,2,1922,98,18220
2026/03/06,09:00,18376,0,5352,4104,0,392,892,2,504,5086,0,76,0,258,2,1600,108,18376
2026/03/06,09:30,18112,0,4880,4100,0,390,880,2,498,5906,0,70,0,266,0,1016,104,18112
2026/03/06,10:00,17796,0,4816,4112,0,390,744,2,502,6520,0,58,0,382,2,204,64,17796
2026/03/06,10:30,17644,0,4640,4094,0,392,734,2,500,6502,0,42,0,560,0,118,60,17644
2026/03/06,11:00,17090,0,4188,4102,0,394,718,2,502,6026,0,36,0,484,2,610,26,17090
2026/03/06,11:30,16930,0,3878,4096,0,390,728,2,498,6408,0,34,0,16,0,854,26,16930
2026/03/06,12:00,16008,0,3550,4076,0,390,728,2,500,6430,0,28,0,2,0,276,26,16008
2026/03/06,12:30,15716,0,3888,4054,0,392,716,2,504,5778,0,28,0,4,2,330,18,15716
2026/03/06,13:00,16260,0,4406,4074,0,394,738,0,500,5386,0,30,0,110,2,594,26,16260
2026/03/06,13:30,16222,0,4548,4098,0,394,746,2,504,4736,0,44,0,384,0,732,34,16222
2026/03/06,14:00,16206,0,5356,4100,0,392,864,2,498,3968,0,48,0,352,8,548,70,16206
2026/03/06,14:30,16136,0,5902,4100,0,392,874,2,502,3142,0,46,0,542,0,552,82,16136
2026/03/06,15:00,16008,0,6288,4100,0,392,936,2,500,2502,0,38,0,274,2,840,134,16008
2026/03/06,15:30,16106,0,7306,4098,0,398,978,2,502,1600,0,42,0,402,2,644,132,16106
2026/03/06,16:00,16164,0,7574,4104,0,400,1072,2,498,844,0,40,0,366,2,1132,130,16164
2026/03/06,16:30,16116,0,8148,4094,0,402,1136,2,500,476,0,48,0,364,2,830,114,16116
2026/03/06,17:00,15928,0,7908,4104,0,406,1196,2,502,98,0,66,0,344,8,1190,104,15928
2026/03/06,17:30,16274,0,8090,4100,0,406,1248,0,504,8,0,80,0,676,16,1044,102,16274
2026/03/06,18:00,16296,0,7848,4096,0,404,1222,2,498,0,0,80,0,616,18,1396,116,16296
2026/03/06,18:30,16086,0,7898,4104,0,402,1222,2,502,0,0,68,0,542,12,1224,110,16086
2026/03/06,19:00,15720,0,7738,4100,0,402,1216,2,502,0,0,50,0,554,10,1034,112,15720
2026/03/06,19:30,15550,0,7454,4098,0,398,1224,2,500,0,0,62,0,656,6,1048,102,15550
2026/03/06,20:00,15394,0,7112,4106,0,402,1164,2,500,0,0,68,0,644,4,1294,98,15394
2026/03/06,20:30,15188,0,7162,4096,0,404,1124,2,496,0,0,50,0,528,4,1230,92,15188
2026/03/06,21:00,14894,0,6976,4104,0,404,962,2,502,0,0,88,0,256,2,1500,98,14894
2026/03/06,21:30,14676,0,6904,4098,0,406,912,2,498,0,0,110,0,154,2,1494,96,14676
2026/03/06,22:00,14504,0,6828,4108,0,400,886,2,502,0,0,146,0,122,0,1412,98,14504
2026/03/06,22:30,14150,0,6426,4102,0,392,864,2,500,0,0,122,0,120,2,1518,102,14150
2026/03/06,23:00,13846,0,6394,4104,0,392,722,2,500,0,0,86,0,80,2,1478,86,13846
2026/03/06,23:30,13640,0,6262,4096,0,396,682,0,494,0,0,102,0,48,0,1484,76,13640
2026/03/07,00:00,13192,0,5786,4054,0,396,768,2,500,0,0,116,0,4,2,1470,94,13192
2026/03/07,00:30,12774,0,5172,4048,0,394,760,0,502,0,0,140,0,2,0,1666,90,12774
2026/03/07,01:00,12646,0,4836,4060,0,394,782,2,504,0,0,144,0,4,0,1812,108,12646
2026/03/07,01:30,12650,0,4932,4048,0,394,784,2,498,0,0,166,0,2,2,1716,106,12650
2026/03/07,02:00,12480,0,4868,4060,0,394,780,2,504,0,0,172,0,4,2,1584,110,12480
2026/03/07,02:30,12834,0,5340,4044,0,394,804,2,502,0,0,180,0,2,0,1450,116,12834
2026/03/07,03:00,12718,0,5272,4058,0,394,836,2,504,0,0,208,0,4,2,1342,96,12718
2026/03/07,03:30,12870,0,5474,4046,0,396,852,2,502,0,0,238,0,2,2,1260,96,12870
2026/03/07,04:00,12830,0,5174,4056,0,396,936,2,502,0,0,224,0,4,0,1440,96,12830
2026/03/07,04:30,12888,0,5378,4046,0,396,930,2,502,0,0,266,0,2,2,1266,98,12888
2026/03/07,05:00,12734,0,4918,4060,0,396,944,2,502,0,0,254,0,4,2,1552,100,12734
2026/03/07,05:30,12714,0,5156,4050,0,396,938,2,502,0,0,258,0,2,0,1306,104,12714
2026/03/07,06:00,12732,0,5102,4052,0,394,882,2,502,18,0,266,0,4,4,1398,108,12732
2026/03/07,06:30,12458,0,4932,4052,0,394,882,2,500,250,0,246,0,2,4,1092,102,12458
2026/03/07,07:00,12754,0,4648,3974,0,390,866,0,502,928,0,258,0,2,2,1078,106,12754
2026/03/07,07:30,12874,0,3804,3736,0,394,868,2,500,1948,0,234,0,2,2,1278,106,12874
2026/03/07,08:00,13294,0,3420,3566,0,400,826,2,500,3160,0,218,0,-450,2,1576,74,13294
2026/03/07,08:30,13372,0,3052,3382,0,400,798,2,498,4544,0,242,0,-1020,0,1402,72,13372
2026/03/07,09:00,13572,0,3178,3282,0,398,820,2,502,5772,0,248,0,-1178,0,482,66,13572
2026/03/07,09:30,13428,0,3182,3222,0,400,800,2,498,6636,0,242,0,-1824,4,206,60,13428
2026/03/07,10:00,13228,0,3030,3390,0,402,730,2,502,7072,0,232,0,-1970,2,-228,64,13228
2026/03/07,10:30,13212,0,2572,3160,0,398,718,2,498,8030,0,216,0,-2102,0,-342,62,13212
2026/03/07,11:00,13222,0,2620,2908,0,398,692,0,500,8436,0,224,0,-2218,2,-404,64,13222
2026/03/07,11:30,13004,0,2738,2686,0,398,672,2,504,8480,0,236,0,-2420,2,-358,64,13004
2026/03/07,12:00,12684,0,2856,2662,0,396,680,2,500,8142,0,210,0,-2428,2,-400,62,12684
2026/03/07,12:30,12348,0,2712,2618,0,396,676,2,502,7998,0,224,0,-2478,0,-360,58,12348
2026/03/07,13:00,12488,0,2696,2766,0,398,678,2,500,8046,0,234,0,-2436,0,-458,62,12488
2026/03/07,13:30,12388,0,2914,2708,0,398,672,2,502,7710,0,242,0,-2064,0,-756,60,12388
2026/03/07,14:00,12126,0,2688,2726,0,398,772,2,498,6860,0,232,0,-1874,0,-240,64,12126
2026/03/07,14:30,12154,0,2926,2826,0,404,766,2,500,6106,0,242,0,-1416,0,-258,56,12154
2026/03/07,15:00,12134,0,2926,2810,0,404,778,2,500,5188,0,242,0,-1226,4,444,62,12134
2026/03/07,15:30,12272,0,3346,3126,0,402,776,2,500,3916,0,244,0,-836,2,738,56,12272
2026/03/07,16:00,12454,0,3066,3690,0,406,824,2,502,2460,0,240,0,-34,6,1228,64,12454
2026/03/07,16:30,12602,0,3836,3924,0,406,882,2,504,1226,0,236,0,6,6,1518,56,12602
2026/03/07,17:00,13074,0,4894,3956,0,406,930,2,502,350,0,226,0,218,8,1500,82,13074
2026/03/07,17:30,13628,0,5670,3970,0,410,948,0,506,40,0,234,0,552,20,1192,86,13628
2026/03/07,18:00,14304,0,6136,4050,0,408,960,2,496,0,0,246,0,974,20,862,150,14304
2026/03/07,18:30,14260,0,6272,4042,0,412,968,2,506,0,0,246,0,1334,22,292,164,14260
2026/03/07,19:00,14222,0,6400,4056,0,408,966,2,502,0,0,234,0,1258,18,204,174,14222
2026/03/07,19:30,14110,0,6480,4056,0,410,970,2,512,0,0,222,0,1028,14,240,176,14110
2026/03/07,20:00,14116,0,6474,4062,0,410,962,2,506,0,0,220,0,884,16,420,160,14116
2026/03/07,20:30,14002,0,6836,4042,0,410,964,2,506,0,0,228,0,870,12,-8,140,14002
2026/03/07,21:00,13948,0,6862,4054,0,408,938,2,500,0,0,222,0,1166,8,-348,136,13948
2026/03/07,21:30,13538,0,6404,4046,0,404,934,0,506,0,0,224,0,1032,0,-144,132,13538
2026/03/07,22:00,13388,0,6262,4060,0,396,834,2,502,0,0,202,0,870,2,156,102,13388
2026/03/07,22:30,12892,0,6194,4042,0,396,800,2,506,0,0,198,0,852,0,-200,102,12892
2026/03/07,23:00,12826,0,6296,4056,0,396,776,2,504,0,0,200,0,776,2,-284,102,12826
2026/03/07,23:30,12574,0,6250,4054,0,398,852,2,504,0,0,214,0,326,0,-128,102,12574
2026/03/08,00:00,12306,0,5558,4054,0,398,672,2,506,0,0,218,0,84,2,732,80,12306
2026/03/08,00:30,11994,0,4844,4054,0,398,654,2,510,0,0,240,0,86,0,1138,68,11994
2026/03/08,01:00,11856,0,4208,4056,0,396,648,0,510,0,0,250,0,86,0,1620,82,11856
2026/03/08,01:30,11996,0,4490,4028,0,400,638,2,512,0,0,244,0,44,2,1558,78,11996
2026/03/08,02:00,12140,0,4816,4010,0,396,642,2,516,0,0,242,0,24,2,1386,104,12140
2026/03/08,02:30,12168,0,5226,4000,0,396,634,2,522,0,0,236,0,22,0,1024,106,12168
2026/03/08,03:00,12480,0,5564,4052,0,398,740,2,524,0,0,228,0,30,0,828,114,12480
2026/03/08,03:30,12394,0,5426,4050,0,396,848,2,524,0,0,224,0,214,2,594,114,12394
2026/03/08,04:00,12522,0,5294,4058,0,398,866,2,532,0,0,218,0,130,0,900,124,12522
2026/03/08,04:30,12402,0,5088,4040,0,398,826,2,530,0,0,222,0,72,0,1104,120,12402
2026/03/08,05:00,12466,0,4990,3958,0,398,844,2,536,0,0,226,0,4,2,1392,114,12466
2026/03/08,05:30,12400,0,5038,3762,0,398,868,2,538,0,0,234,0,2,6,1436,116,12400
2026/03/08,06:00,12460,0,5040,3758,0,396,796,2,540,22,0,226,0,366,6,1228,80,12460
2026/03/08,06:30,12626,0,4376,3638,0,396,764,2,542,414,0,212,0,1026,8,1174,74,12626
2026/03/08,07:00,12688,0,3860,3444,0,382,784,2,546,1482,0,198,0,1190,2,724,74,12688
2026/03/08,07:30,12754,0,3172,3466,0,368,778,0,548,2762,0,218,0,996,0,370,76,12754
2026/03/08,08:00,12886,0,2620,3020,0,366,754,2,546,4158,0,224,0,40,4,1080,72,12886
2026/03/08,08:30,13018,0,2810,2548,0,364,748,2,542,5412,0,222,0,-894,2,1198,64,13018
2026/03/08,09:00,13066,0,3240,2098,0,348,740,2,538,6332,0,220,0,-1246,2,720,72,13066
2026/03/08,09:30,13160,0,3102,2022,0,342,758,2,540,7352,85,244,0,-1552,2,296,52,13160
2026/03/08,10:00,12912,0,3178,2024,0,342,646,2,524,7994,91,256,0,-1950,2,-144,38,12912
2026/03/08,10:30,12652,0,3054,2156,0,312,658,2,512,8466,92,244,0,-2664,0,-118,30,12652
2026/03/08,11:00,12496,0,3168,1940,0,296,630,2,500,8750,93,242,0,-3024,2,-46,36,12496
2026/03/08,11:30,12416,0,2942,1688,0,296,626,2,506,9096,96,254,0,-3010,0,-16,32,12416
2026/03/08,12:00,12424,0,2818,1462,0,296,634,2,502,9284,97,256,0,-3258,0,396,32,12424
2026/03/08,12:30,12116,0,2558,1410,0,296,624,2,504,9360,97,252,0,-3242,0,322,30,12116
2026/03/08,13:00,12072,0,2624,1426,0,294,630,2,502,9074,95,256,0,-3242,0,478,28,12072
2026/03/08,13:30,11758,0,2448,1464,0,292,620,0,508,8688,92,254,0,-3288,0,750,22,11758
2026/03/08,14:00,11772,0,2708,1610,0,308,638,2,514,8080,86,234,0,-3278,0,924,32,11772
2026/03/08,14:30,11580,0,2470,1742,0,340,638,2,522,7240,0,254,0,-3152,0,1492,32,11580
2026/03/08,15:00,11680,0,2970,1888,0,350,726,2,532,6124,0,238,0,-2682,4,1470,58,11680
2026/03/08,15:30,11832,0,3022,2254,0,360,746,2,544,4786,0,210,0,-1636,4,1484,56,11832
2026/03/08,16:00,12144,0,3796,2730,0,366,820,2,546,3234,0,196,0,138,4,242,70,12144
2026/03/08,16:30,12590,0,4430,3048,0,390,874,2,546,1674,0,192,0,1158,6,198,72,12590
2026/03/08,17:00,13134,0,5454,3076,0,406,918,2,544,424,0,190,0,1618,6,424,72,13134
2026/03/08,17:30,13890,0,6678,3222,0,410,942,2,542,36,0,188,0,1966,6,-170,68,13890
2026/03/08,18:00,14668,0,7260,3486,0,410,946,0,546,0,0,184,0,2268,6,-592,154,14668
2026/03/08,18:30,14864,0,7480,3550,0,414,960,2,544,0,0,214,0,2450,8,-926,168,14864
2026/03/08,19:00,14914,0,7826,3566,0,410,960,2,544,0,0,220,0,2354,8,-1162,186,14914
2026/03/08,19:30,14960,0,7842,3558,0,406,964,2,544,0,0,220,0,2442,4,-1196,174,14960
2026/03/08,20:00,14858,0,7834,3600,0,408,956,2,546,0,0,208,0,2190,2,-1044,156,14858
2026/03/08,20:30,14836,0,7848,3716,0,406,958,2,544,0,0,200,0,2190,0,-1166,138,14836
2026/03/08,21:00,14504,0,7832,3826,0,408,928,2,544,0,0,194,0,1470,2,-828,126,14504
2026/03/08,21:30,14292,0,7836,3854,0,406,944,2,546,0,0,190,0,910,0,-492,96,14292
2026/03/08,22:00,13924,0,7700,3900,0,408,856,2,546,0,0,184,0,582,2,-346,90,13924
2026/03/08,22:30,13456,0,7556,3968,0,404,822,2,544,0,0,174,0,362,0,-460,84,13456
2026/03/08,23:00,13330,0,7666,4046,0,398,786,2,548,0,0,170,0,296,0,-652,70,13330
2026/03/08,23:30,12966,0,7014,4046,0,392,766,2,542,0,0,178,0,-42,0,4,64,12966
2026/03/09,00:00,12742,0,6384,4052,0,384,580,2,548,0,0,184,0,-618,0,1154,72,12742
2026/03/09,00:30,12370,0,6272,4050,0,392,568,2,542,0,0,186,0,-1080,0,1370,68,12370
2026/03/09,01:00,12286,0,6616,4052,0,390,572,2,546,0,0,170,0,-1322,0,1180,80,12286
2026/03/09,01:30,12406,0,6530,4050,0,392,564,2,548,0,0,170,0,-1304,0,1380,74,12406
2026/03/09,02:00,12592,0,6894,4058,0,394,614,2,546,0,0,190,0,-1314,0,1158,50,12592
2026/03/09,02:30,12724,0,6780,4042,0,404,624,2,548,0,0,176,0,-1310,0,1414,44,12724
2026/03/09,03:00,12986,0,6784,4058,0,406,666,0,546,0,0,174,0,-1296,2,1602,44,12986
2026/03/09,03:30,12874,0,6970,4046,0,408,688,2,544,0,0,194,0,-1150,0,1132,40,12874
2026/03/09,04:00,13254,0,7152,4054,0,408,678,2,546,0,0,190,0,-1064,0,1242,46,13254
2026/03/09,04:30,13272,0,7060,4052,0,410,682,2,550,0,0,180,0,-1058,0,1352,42,13272
2026/03/09,05:00,13718,0,7512,4058,0,412,684,2,548,0,0,162,0,-944,2,1232,50,13718
2026/03/09,05:30,14162,0,8248,4044,0,414,680,2,552,0,0,166,0,-718,0,708,66,14162
2026/03/09,06:00,15186,0,9192,4056,0,410,724,2,552,26,0,162,0,24,4,-34,68,15186
2026/03/09,06:30,16066,0,9310,4050,0,414,742,2,548,428,0,148,0,460,2,-102,64,16066
2026/03/09,07:00,16710,0,9350,4048,0,408,782,0,548,1518,0,142,0,566,4,-732,76,16710
2026/03/09,07:30,17196,0,8504,4050,0,410,772,2,550,2978,0,132,0,58,0,-332,72,17196
2026/03/09,08:00,18134,0,8180,4090,0,412,770,2,542,4470,0,102,0,2,2,-512,74,18134
2026/03/09,08:30,18838,0,7328,4100,0,408,740,2,528,5886,0,72,0,4,2,-304,72,18838
2026/03/09,09:00,19146,0,6466,4106,0,404,648,2,518,7050,0,52,0,4,0,-154,50,19146
2026/03/09,09:30,19024,0,5536,4096,0,400,638,2,518,7972,0,56,0,-34,2,-202,40,19024
2026/03/09,10:00,18534,0,4374,4104,0,402,650,2,522,8680,0,42,0,-390,4,114,30,18534
2026/03/09,10:30,18290,0,4036,4100,0,402,662,2,518,9062,0,44,0,-552,0,-10,26,18290
2026/03/09,11:00,17956,0,4060,4106,0,398,626,2,520,9352,0,44,0,-1026,4,-156,26,17956
2026/03/09,11:30,17744,0,3962,4100,0,402,614,2,518,9118,0,52,0,-1048,4,-6,26,17744
2026/03/09,12:00,16714,0,2918,4086,0,396,618,2,520,9052,0,50,0,-1422,2,472,20,16714
2026/03/09,12:30,16490,0,3322,4070,0,402,630,2,514,8712,0,50,0,-1668,2,436,18,16490
2026/03/09,13:00,16962,0,4376,4114,0,400,622,2,516,8138,0,60,0,-1080,4,-210,20,16962
2026/03/09,13:30,16892,0,4516,4084,0,400,702,0,526,7232,0,58,0,-544,4,-104,18,16892
2026/03/09,14:00,16878,0,4026,4088,0,404,724,2,534,6460,0,58,0,-852,2,1410,22,16878
2026/03/09,14:30,16786,0,4854,4086,0,402,728,2,540,5558,0,60,0,-512,2,1048,18,16786
2026/03/09,15:00,16610,0,6108,4114,0,398,758,2,546,4214,0,58,0,-98,0,470,40,16610
2026/03/09,15:30,16902,0,7296,4098,0,406,800,2,542,2960,0,52,0,348,2,354,42,16902
2026/03/09,16:00,17004,0,7954,4104,0,414,808,2,542,2216,0,48,0,434,2,416,64,17004
2026/03/09,16:30,17140,0,9278,4092,0,418,898,2,542,1386,0,46,0,364,4,40,70,17140
2026/03/09,17:00,17020,0,9670,4114,0,418,1016,2,548,484,0,44,0,812,2,-228,138,17020
2026/03/09,17:30,17504,0,9676,4100,2,424,1034,0,546,50,0,48,0,2382,12,-918,148,17504
2026/03/09,18:00,17844,0,9668,4114,0,418,1044,2,546,0,0,62,0,2622,14,-816,170,17844
2026/03/09,18:30,17858,0,9674,4092,0,422,1032,2,544,0,0,68,0,2754,14,-910,166,17858
2026/03/09,19:00,17562,0,9694,4108,0,420,1082,2,548,0,0,70,0,2594,12,-1114,146,17562
2026/03/09,19:30,17310,0,9670,4092,0,422,1074,2,546,0,0,74,0,2560,2,-1260,128,17310
2026/03/09,20:00,17216,0,9684,4112,0,420,1084,2,546,0,0,78,0,2338,14,-1180,118,17216
2026/03/09,20:30,16914,0,9682,4088,0,424,1036,2,546,0,0,72,0,2086,0,-1140,118,16914
2026/03/09,21:00,16880,0,9684,4112,0,422,864,2,554,0,0,80,0,1826,2,-770,104,16880
2026/03/09,21:30,16426,0,9644,4094,0,418,808,2,548,0,0,82,0,1454,0,-716,92,16426
2026/03/09,22:00,16158,0,9480,4108,0,410,776,2,552,0,0,92,0,930,0,-280,88,16158
2026/03/09,22:30,15738,0,9310,4090,0,408,766,2,556,0,0,76,0,-20,0,474,76,15738
2026/03/09,23:00,15658,0,9264,4122,0,414,762,2,552,0,0,66,0,144,2,276,54,15658
2026/03/09,23:30,15180,0,8134,4094,0,414,754,2,550,0,0,60,0,-132,2,1256,46,15180
2026/03/10,00:00,14826,0,8610,4106,0,408,554,2,552,0,0,70,0,-1106,0,1578,52,14826
2026/03/10,00:30,14532,0,8664,4086,0,412,552,0,552,0,0,82,0,-1806,0,1940,50,14532
2026/03/10,01:00,14544,0,9042,4112,0,410,544,2,554,0,0,76,0,-2222,0,1970,56,14544
2026/03/10,01:30,14400,0,9094,4090,0,402,540,2,552,0,0,86,0,-2408,2,1986,54,14400
2026/03/10,02:00,14512,0,9078,4112,0,398,576,2,556,0,0,100,0,-2158,0,1792,56,14512
2026/03/10,02:30,14558,0,9188,4090,0,396,584,2,552,0,0,108,0,-2060,2,1634,62,14558
2026/03/10,03:00,14860,0,9064,4118,0,400,620,2,554,0,0,136,0,-1546,2,1444,66,14860
2026/03/10,03:30,14622,0,9082,4090,0,406,614,2,552,0,0,166,0,-1540,0,1190,60,14622
2026/03/10,04:00,14746,0,9090,4112,0,410,612,2,552,0,0,166,0,-1536,4,1268,66,14746
2026/03/10,04:30,14676,0,8990,4088,0,414,610,2,550,0,0,188,0,-1476,0,1252,58,14676
2026/03/10,05:00,15020,0,9160,4108,0,412,680,2,550,0,0,176,0,-1138,0,996,74,15020
2026/03/10,05:30,15388,0,9068,4092,0,416,674,2,544,0,0,182,0,-306,0,644,72,15388
2026/03/10,06:00,15972,0,9146,4110,0,410,748,2,550,22,0,188,0,34,10,684,68,15972
2026/03/10,06:30,16646,0,9486,4100,0,414,760,2,546,368,0,198,0,544,12,146,70,16646
2026/03/10,07:00,17044,0,9078,4110,0,414,716,0,550,1398,0,190,0,364,12,144,68,17044
2026/03/10,07:30,17320,0,9072,4088,0,412,726,2,548,2756,0,182,0,178,2,-708,62,17320
2026/03/10,08:00,18234,0,8562,4112,0,416,714,2,552,4168,0,202,0,4,2,-546,46,18234
2026/03/10,08:30,18906,0,8172,4092,0,410,714,2,546,5562,0,214,0,2,0,-854,46,18906
2026/03/10,09:00,19166,0,7770,4108,0,402,622,2,546,6708,0,206,0,4,2,-1258,54,19166
2026/03/10,09:30,18974,0,6682,4094,0,402,616,2,546,7686,0,194,0,2,0,-1294,44,18974
2026/03/10,10:00,18644,0,5624,4114,0,404,618,2,548,8362,0,182,0,2,2,-1252,38,18644
2026/03/10,10:30,18418,0,4972,4088,0,404,618,2,544,8688,0,170,0,52,2,-1152,30,18418
2026/03/10,11:00,18108,0,4346,4110,0,396,594,2,546,8514,0,188,0,230,2,-860,40,18108
2026/03/10,11:30,17906,0,4452,4090,0,402,600,2,548,8548,0,204,0,166,0,-1142,36,17906
2026/03/10,12:00,16958,0,3436,4112,0,396,602,2,548,8400,1,218,0,-204,2,-588,34,16958
2026/03/10,12:30,16878,0,3502,4088,0,400,612,2,548,8506,0,220,0,-742,2,-286,26,16878
2026/03/10,13:00,17494,0,4380,4108,0,400,624,0,546,8424,0,230,0,-584,0,-672,38,17494
2026/03/10,13:30,17446,0,4588,4092,0,402,630,2,550,8148,0,238,0,-468,0,-780,44,17446
2026/03/10,14:00,17388,0,4906,4114,0,402,682,2,546,7568,0,256,0,-462,0,-666,40,17388
2026/03/10,14:30,17274,0,5438,4100,0,400,686,2,550,6958,0,246,0,-464,2,-682,38,17274
2026/03/10,15:00,17012,0,6100,4112,0,400,716,2,552,5940,0,244,0,-458,2,-634,36,17012
2026/03/10,15:30,17386,0,7560,4094,0,402,780,2,550,4636,0,256,0,-158,2,-756,18,17386
2026/03/10,16:00,17642,0,8056,4110,0,416,922,2,548,3160,0,258,0,104,0,20,46,17642
2026/03/10,16:30,17634,0,9816,4090,0,418,1002,2,556,1668,0,256,0,120,2,-346,50,17634
2026/03/10,17:00,17512,0,10352,4116,0,416,1146,2,552,488,0,252,0,116,4,-4,72,17512
2026/03/10,17:30,18010,0,10856,4094,0,420,1216,0,556,48,0,256,0,120,16,346,82,18010
2026/03/10,18:00,18404,0,10836,4108,0,432,1274,2,550,0,0,214,0,104,14,746,124,18404
2026/03/10,18:30,18386,0,11188,4094,0,436,1282,2,552,0,0,168,0,296,16,230,122,18386
2026/03/10,19:00,18186,0,11210,4114,0,432,1282,2,554,0,0,182,0,336,16,-50,108,18186
2026/03/10,19:30,17976,0,11236,4094,0,434,1286,2,552,0,0,192,0,824,10,-746,92,17976
2026/03/10,20:00,17844,0,11248,4122,0,438,1128,2,552,0,0,188,0,802,6,-734,92,17844
2026/03/10,20:30,17612,0,11182,4098,0,440,1076,2,552,0,0,182,0,320,6,-336,90,17612
2026/03/10,21:00,17450,0,11258,4132,0,440,832,2,558,0,0,186,0,390,4,-436,84,17450
2026/03/10,21:30,17036,0,11138,4106,0,434,786,2,550,0,0,188,0,370,2,-600,60,17036
2026/03/10,22:00,16856,0,10986,4144,0,430,782,2,546,0,0,184,0,424,4,-712,66,16856
2026/03/10,22:30,16320,0,10414,4114,0,416,750,2,528,0,0,176,0,120,2,-270,68,16320
2026/03/10,23:00,16160,0,10514,4142,0,414,622,2,528,0,0,140,0,188,2,-444,52,16160
2026/03/10,23:30,15756,0,9922,4138,0,412,572,2,526,0,0,126,0,2,2,6,48,15756
2026/03/11,00:00,15430,0,8796,4124,0,408,546,2,528,0,0,154,0,4,0,816,52,15430
2026/03/11,00:30,15036,0,8772,4124,0,408,538,2,524,0,0,168,0,2,0,450,48,15036
2026/03/11,01:00,15058,0,8836,4144,0,406,542,0,526,0,0,158,0,4,0,390,52,15058
2026/03/11,01:30,14904,0,8940,4116,0,406,526,2,530,0,0,142,0,2,0,192,48,14904
2026/03/11,02:00,15036,0,8652,4136,0,412,528,2,524,0,0,152,0,4,2,570,54,15036
2026/03/11,02:30,15064,0,9210,4124,0,408,532,2,528,0,0,160,0,110,0,-58,48,15064
2026/03/11,03:00,15248,0,9178,4140,0,408,566,2,526,0,0,152,0,100,0,148,28,15248
2026/03/11,03:30,15078,0,8616,4122,0,424,604,2,530,0,0,148,0,2,0,606,24,15078
2026/03/11,04:00,15252,0,9270,4140,0,408,682,2,526,0,0,130,0,4,2,70,18,15252
2026/03/11,04:30,15290,0,8958,4124,0,406,676,2,526,0,0,128,0,2,0,456,12,15290
2026/03/11,05:00,15478,0,9146,4142,0,404,718,2,526,0,0,114,0,2,4,402,18,15478
2026/03/11,05:30,15960,0,9694,4118,0,404,738,2,526,0,0,102,0,8,2,332,34,15960
2026/03/11,06:00,16702,0,10156,4134,0,404,776,2,526,22,0,100,0,106,10,432,34,16702
2026/03/11,06:30,17400,0,10404,4120,0,410,786,2,524,372,0,94,0,412,6,236,34,17400
2026/03/11,07:00,17862,0,10104,4144,0,404,752,0,524,1248,0,70,0,234,4,336,42,17862
2026/03/11,07:30,18336,0,10090,4126,0,408,750,2,522,2600,0,62,0,108,2,-374,40,18336
2026/03/11,08:00,19044,0,9818,4140,0,406,706,2,526,4036,0,54,0,108,2,-774,20,19044
2026/03/11,08:30,19766,0,8492,4116,0,392,728,2,518,5314,0,44,0,66,0,74,20,19766
2026/03/11,09:00,19926,0,7620,4142,0,392,618,2,520,6406,0,38,0,2,2,164,20,19926
2026/03/11,09:30,19692,0,6332,4118,0,392,622,2,516,7224,0,40,0,4,0,422,20,19692
2026/03/11,10:00,19176,0,5320,4140,0,392,610,2,518,7920,0,40,0,2,2,212,18,19176
2026/03/11,10:30,18770,0,3852,4100,0,392,610,2,520,8624,0,44,0,-4,2,616,12,18770
2026/03/11,11:00,18504,0,3144,4006,0,392,604,0,520,8940,0,42,0,-422,0,1258,20,18504
2026/03/11,11:30,18082,0,2974,3816,0,390,576,2,522,8834,0,36,0,-690,2,1604,16,18082
2026/03/11,12:00,16996,0,2680,3684,0,392,580,2,522,8930,0,36,0,-1468,2,1620,16,16996
2026/03/11,12:30,16724,0,2840,3470,0,392,598,2,524,8892,0,34,0,-1786,0,1748,10,16724
2026/03/11,13:00,17342,0,3326,3722,0,390,590,2,526,8848,0,34,0,-1660,4,1548,12,17342
2026/03/11,13:30,17482,0,3616,3780,0,396,598,2,524,8582,0,40,0,-1550,4,1478,12,17482
2026/03/11,14:00,17200,0,3872,3802,0,398,604,2,526,8022,0,42,0,-1322,2,1238,14,17200
2026/03/11,14:30,16974,0,4958,3968,0,398,624,2,522,7062,0,40,0,-910,4,296,10,16974
2026/03/11,15:00,16682,0,5284,4078,0,402,660,2,532,5840,0,40,0,-824,2,656,10,16682
2026/03/11,15:30,17056,0,6868,4120,0,408,724,2,538,4418,0,40,0,-332,2,258,10,17056
2026/03/11,16:00,17014,0,7374,4104,0,406,916,2,552,2808,0,36,0,62,6,712,36,17014
2026/03/11,16:30,17062,0,8620,4116,0,410,986,2,558,1470,0,36,0,152,6,658,48,17062
2026/03/11,17:00,17134,0,9348,4144,0,406,1082,2,560,504,0,40,0,182,8,772,86,17134
2026/03/11,17:30,17596,0,9746,4122,0,408,1114,0,566,56,0,48,0,480,10,926,120,17596
2026/03/11,18:00,18060,0,9688,4142,0,412,1194,2,562,0,0,54,0,1160,14,696,136,18060
2026/03/11,18:30,18054,0,10032,4122,0,412,1200,2,558,0,0,54,0,1186,12,340,136,18054
2026/03/11,19:00,17916,0,9690,4146,0,412,1192,2,564,0,0,62,0,792,16,904,136,17916
2026/03/11,19:30,17748,0,9832,4120,0,418,1198,2,562,0,0,74,0,424,4,980,134,17748
2026/03/11,20:00,17566,0,10114,4146,0,424,1074,2,564,0,0,82,0,168,6,854,132,17566
2026/03/11,20:30,17392,0,10148,4120,0,426,1058,2,560,0,0,96,0,164,6,684,128,17392
2026/03/11,21:00,17284,0,10094,4140,0,428,810,2,562,0,0,106,0,518,2,530,92,17284
2026/03/11,21:30,16888,0,9968,4118,0,422,746,2,562,0,0,134,0,504,4,342,86,16888
2026/03/11,22:00,16538,0,9942,4134,0,418,704,0,560,0,0,132,0,210,2,346,90,16538
2026/03/11,22:30,16098,0,9932,4120,0,420,692,2,562,0,0,130,0,266,4,-116,86,16098
2026/03/11,23:00,15962,0,9700,4140,0,418,554,2,564,0,0,118,0,172,2,226,66,15962
2026/03/11,23:30,15548,0,8806,4132,0,416,520,2,564,0,0,130,0,114,4,794,66,15548
2026/03/12,00:00,15124,0,7864,4130,0,406,534,2,566,0,0,124,0,4,2,1426,66,15124
2026/03/12,00:30,14810,0,7506,4120,0,388,546,0,566,0,0,106,0,2,2,1512,62,14810
2026/03/12,01:00,14736,0,7122,4144,0,390,554,2,566,0,0,88,0,4,2,1796,68,14736
2026/03/12,01:30,14748,0,7488,4118,0,388,560,2,564,0,0,86,0,2,2,1474,64,14748
2026/03/12,02:00,14776,0,7754,4136,0,392,596,2,566,0,0,74,0,4,2,1186,64,14776
2026/03/12,02:30,15012,0,8374,4120,0,392,612,2,562,0,0,74,0,2,0,812,62,15012
2026/03/12,03:00,15036,0,8118,4142,0,398,644,2,566,0,0,88,0,4,0,1000,74,15036
2026/03/12,03:30,15048,0,8198,4120,0,404,652,2,566,0,0,106,0,2,0,930,68,15048
2026/03/12,04:00,15108,0,8194,4140,0,404,644,2,564,0,0,128,0,4,2,942,84,15108
2026/03/12,04:30,15164,0,7936,4126,0,420,712,2,566,0,0,136,0,2,0,1188,76,15164
2026/03/12,05:00,15332,0,7920,4138,0,410,690,2,560,0,0,132,0,4,0,1402,74,15332
2026/03/12,05:30,15792,0,8858,4124,0,404,674,2,566,0,0,128,0,42,2,922,70,15792
2026/03/12,06:00,16546,0,9780,4136,0,404,726,2,562,30,0,104,0,266,8,466,62,16546
2026/03/12,06:30,17208,0,9884,4112,0,408,742,2,564,540,0,96,0,590,10,196,64,17208
2026/03/12,07:00,17574,0,9256,4144,0,404,748,0,560,1712,0,84,0,214,10,368,74,17574
2026/03/12,07:30,18020,0,8738,4120,0,404,746,2,562,3174,0,92,0,2,0,112,68,18020
2026/03/12,08:00,18634,0,7594,4134,0,404,686,2,560,4602,0,86,0,4,0,486,76,18634
2026/03/12,08:30,19242,0,7288,4128,0,402,696,2,560,5868,0,78,0,2,2,168,48,19242
2026/03/12,09:00,19396,0,5988,4140,0,396,662,2,558,7126,0,74,0,2,0,404,44,19396
2026/03/12,09:30,19150,0,4784,4110,0,398,646,2,558,8038,0,66,0,4,2,520,22,19150
2026/03/12,10:00,18792,0,3740,4130,0,400,588,2,560,8722,0,54,0,-202,0,778,20,18792
2026/03/12,10:30,18452,0,3000,3926,0,392,582,0,562,9078,0,46,0,-902,0,1758,10,18452
2026/03/12,11:00,18066,0,3098,4102,0,388,572,2,558,9332,1,40,0,-1702,2,1654,20,18066
2026/03/12,11:30,17784,0,3698,4120,0,392,556,2,564,9492,1,34,0,-1918,2,830,12,17784
2026/03/12,12:00,16708,0,3080,4144,0,392,566,2,558,9548,1,34,0,-2240,4,606,14,16708
2026/03/12,12:30,16414,0,2648,4016,0,392,566,2,562,9456,1,46,0,-2516,4,1232,6,16414
2026/03/12,13:00,16964,0,3864,4142,0,390,560,2,562,9170,0,52,0,-2358,6,560,14,16964
2026/03/12,13:30,17140,0,3638,4114,0,390,568,2,566,8808,0,64,0,-1838,2,816,10,17140
2026/03/12,14:00,16996,0,3828,4140,0,390,574,2,560,8132,0,68,0,-1466,4,752,12,16996
2026/03/12,14:30,16672,0,3916,4130,0,392,602,2,566,7096,0,62,0,-1112,2,1008,8,16672
2026/03/12,15:00,16352,0,4348,4134,0,400,748,2,560,6016,0,70,0,-762,4,820,12,16352
2026/03/12,15:30,16730,0,6320,4120,0,404,790,2,570,4650,0,88,0,-746,4,516,12,16730
2026/03/12,16:00,16818,0,7454,4148,0,404,930,2,562,3122,0,80,0,-494,8,574,28,16818
2026/03/12,16:30,16856,0,8796,4114,0,408,1014,0,572,1704,0,76,0,-478,6,602,42,16856
2026/03/12,17:00,16836,0,9466,4138,0,408,1042,2,562,532,0,78,0,-232,8,760,72,16836
2026/03/12,17:30,17334,0,10200,4122,0,416,1074,2,564,54,0,78,0,354,6,394,70,17334
2026/03/12,18:00,17710,0,10470,4136,0,414,1106,2,558,0,0,94,0,722,14,76,118,17710
2026/03/12,18:30,17822,0,10492,4126,0,428,1162,2,562,0,0,128,0,1356,32,-578,112,17822
2026/03/12,19:00,17560,0,10508,4140,0,432,1112,2,562,0,0,150,0,1156,18,-638,118,17560
2026/03/12,19:30,17384,0,10500,4120,0,428,1106,2,562,0,0,140,0,1032,6,-622,110,17384
2026/03/12,20:00,17292,0,10450,4136,0,430,1060,2,564,0,0,126,0,918,4,-514,116,17292
2026/03/12,20:30,17032,0,10318,4122,0,426,1004,2,556,0,0,122,0,806,0,-434,110,17032
2026/03/12,21:00,16832,0,9662,4142,0,432,870,2,560,0,0,128,0,452,2,474,108,16832
2026/03/12,21:30,16508,0,9840,4120,0,412,696,0,564,0,0,118,0,352,0,334,72,16508
2026/03/12,22:00,16226,0,9682,4140,0,406,518,2,558,0,0,120,0,370,2,356,72,16226
2026/03/12,22:30,15678,0,9298,4116,0,406,488,2,558,0,0,128,0,268,0,340,74,15678
2026/03/12,23:00,15578,0,9112,4138,0,402,482,2,558,0,0,132,0,104,2,592,54,15578
2026/03/12,23:30,15256,0,8814,4130,0,398,472,2,558,0,0,132,0,-234,0,934,50,15256
2026/03/13,00:00,14722,0,8628,4134,0,390,408,2,548,0,0,126,0,-624,2,1056,52,14722
2026/03/13,00:30,14402,0,8242,4120,0,388,396,2,546,0,0,124,0,-750,2,1286,46,14402
2026/03/13,01:00,14408,0,8144,4138,0,394,390,0,540,0,0,122,0,-748,2,1376,50,14408
2026/03/13,01:30,14392,0,8080,4122,0,400,382,2,534,0,0,128,0,-750,2,1442,50,14392
2026/03/13,02:00,14426,0,8168,4142,0,404,380,2,514,0,0,124,0,-752,0,1398,46,14426
2026/03/13,02:30,14412,0,8434,4120,0,404,394,2,518,0,0,126,0,-744,0,1110,48,14412
2026/03/13,03:00,14600,0,8462,4138,0,402,414,2,514,0,0,136,0,-398,2,882,46,14600
2026/03/13,03:30,14478,0,8232,4120,0,404,420,2,520,0,0,150,0,-250,0,838,42,14478
2026/03/13,04:00,14526,0,8392,4140,0,404,488,2,514,0,0,160,0,-250,0,630,46,14526
2026/03/13,04:30,14618,0,8626,4114,0,406,486,2,514,0,0,156,0,-246,0,518,42,14618
2026/03/13,05:00,14826,0,9024,4142,0,400,504,2,512,0,0,142,0,-124,2,174,48,14826
2026/03/13,05:30,15066,0,8980,4118,0,406,506,2,516,0,0,142,0,4,0,348,44,15066
2026/03/13,06:00,15808,0,9674,4140,0,400,550,2,510,20,0,146,0,76,2,230,58,15808
2026/03/13,06:30,16388,0,10120,4122,0,416,582,2,514,206,0,142,0,342,6,-128,64,16388
2026/03/13,07:00,16892,0,9912,4144,0,420,612,0,510,658,0,140,0,392,2,32,70,16892
2026/03/13,07:30,17306,0,9596,4114,0,404,664,2,516,1318,0,140,0,70,2,412,68,17306
2026/03/13,08:00,18392,0,9790,4142,0,406,736,2,510,2098,0,154,0,10,2,492,50,18392
2026/03/13,08:30,19210,0,9844,4122,0,408,790,2,512,3014,0,156,0,144,2,170,46,19210
2026/03/13,09:00,19466,0,9102,4136,0,404,786,2,508,4186,0,144,0,26,2,130,40,19466
2026/03/13,09:30,19362,0,8408,4122,0,406,782,2,510,5222,0,144,0,16,2,-276,24,19362
2026/03/13,10:00,18896,0,7830,4144,0,402,718,2,510,5910,0,160,0,-498,0,-298,16,18896
2026/03/13,10:30,18652,0,8020,4126,0,402,736,2,512,5886,0,176,0,-910,4,-318,16,18652
2026/03/13,11:00,18378,0,7746,4118,0,398,654,2,510,5342,0,178,0,-698,2,110,16,18378
2026/03/13,11:30,18116,0,7752,4128,0,396,624,2,512,4982,0,174,0,-494,0,30,10,18116
2026/03/13,12:00,17200,0,7370,4134,0,388,624,2,512,4332,0,186,0,-820,2,458,12,17200
2026/03/13,12:30,17058,0,7412,4118,0,388,626,2,512,3790,0,202,0,-1064,0,1064,8,17058
2026/03/13,13:00,17712,0,7992,4028,0,392,614,0,514,3380,0,204,0,12,2,558,16,17712
2026/03/13,13:30,17934,0,8196,3924,0,398,628,2,510,3156,0,198,0,132,2,778,10,17934
2026/03/13,14:00,18052,0,8586,3940,0,404,638,2,512,2878,0,182,0,230,0,660,20,18052
2026/03/13,14:30,17836,0,8844,3928,0,408,644,2,510,2396,0,176,0,506,2,400,20,17836
2026/03/13,15:00,17698,0,9524,3948,0,408,744,2,510,1800,0,166,0,642,4,-70,20,17698
2026/03/13,15:30,17874,0,10284,3916,0,408,828,2,514,1240,0,162,0,1162,0,-664,22,17874
2026/03/13,16:00,17884,0,10536,3948,0,408,940,2,512,812,0,168,0,618,8,-106,38,17884
2026/03/13,16:30,17934,0,11006,3930,0,406,1002,2,514,454,0,164,0,962,8,-562,48,17934
2026/03/13,17:00,17840,0,10946,3934,0,410,1126,2,516,132,0,160,0,1256,6,-722,74,17840
2026/03/13,17:30,18072,0,11042,3930,0,428,1200,0,518,22,0,162,0,2296,6,-1614,82,18072
2026/03/13,18:00,18206,0,11082,3942,0,432,1232,2,516,0,0,162,0,2648,20,-1954,124,18206
2026/03/13,18:30,18032,0,11066,3922,0,434,1234,2,514,0,0,148,0,2394,24,-1830,124,18032
2026/03/13,19:00,17700,0,11088,3944,0,420,1190,2,514,0,0,128,0,1836,16,-1560,122,17700
2026/03/13,19:30,17494,0,11068,3928,0,418,1174,2,516,0,0,134,0,1316,16,-1196,118,17494
2026/03/13,20:00,17284,0,10812,4114,0,434,1052,2,514,0,0,148,0,904,14,-832,122,17284
2026/03/13,20:30,16944,0,10448,4120,0,438,978,2,520,0,0,160,0,480,14,-340,124,16944
2026/03/13,21:00,16784,0,10470,4146,0,416,730,2,514,0,0,164,0,274,6,-58,120,16784
2026/03/13,21:30,16432,0,9540,4116,0,412,620,2,520,0,0,180,0,90,4,854,94,16432
2026/03/13,22:00,16180,0,9280,4144,0,404,492,2,512,0,0,186,0,88,4,982,86,16180
2026/03/13,22:30,15854,0,9046,4118,0,404,460,2,516,0,0,198,0,82,4,940,84,15854
2026/03/13,23:00,15598,0,9178,4140,0,404,446,2,510,0,0,192,0,52,0,604,70,15598
2026/03/13,23:30,15270,0,8914,4120,0,404,438,0,518,0,0,198,0,20,0,592,66,15270
2026/03/14,00:00,14666,0,8886,4086,0,406,520,2,514,0,0,194,0,36,0,-42,64,14666
2026/03/14,00:30,14282,0,8826,4066,0,416,518,2,512,0,0,206,0,342,2,-668,60,14282
2026/03/14,01:00,14214,0,8552,4086,0,422,522,2,512,0,0,214,0,312,2,-476,66,14214
2026/03/14,01:30,14046,0,8380,4076,0,422,506,2,514,0,0,216,0,82,0,-216,64,14046
2026/03/14,02:00,14010,0,8244,4088,0,420,510,2,512,0,0,218,0,4,0,-54,66,14010
2026/03/14,02:30,14168,0,8328,4072,0,424,504,0,514,0,0,226,0,2,0,36,62,14168
2026/03/14,03:00,14118,0,8764,4088,0,428,550,2,514,0,0,222,0,204,0,-740,86,14118
2026/03/14,03:30,14228,0,8794,4076,0,426,546,2,516,0,0,222,0,410,0,-850,86,14228
2026/03/14,04:00,14098,0,8634,4092,0,424,602,2,514,0,0,212,0,248,0,-724,94,14098
2026/03/14,04:30,14014,0,8290,4070,0,422,594,2,514,0,0,210,0,30,0,-212,94,14014
2026/03/14,05:00,14132,0,8360,4092,0,430,606,2,514,0,0,212,0,4,2,-176,86,14132
2026/03/14,05:30,13872,0,8244,4072,0,428,616,2,516,0,0,210,0,2,0,-298,80,13872
2026/03/14,06:00,14148,0,8404,4088,0,426,570,2,510,32,0,214,0,4,4,-168,62,14148
2026/03/14,06:30,14058,0,7332,3976,0,426,550,2,514,612,0,218,0,2,2,364,60,14058
2026/03/14,07:00,14042,0,6844,3774,0,426,580,0,476,1846,0,208,0,2,10,-174,50,14042
2026/03/14,07:30,13954,0,6506,3756,0,428,544,2,484,3358,0,196,0,4,0,-1368,44,13954
2026/03/14,08:00,14154,0,5438,3694,0,402,580,2,490,4856,0,200,0,4,0,-1556,44,14154
2026/03/14,08:30,14098,0,4300,3470,0,388,608,2,500,6182,0,204,0,-80,2,-1504,26,14098
2026/03/14,09:00,14144,0,3584,3152,0,384,570,2,498,7332,0,204,0,-648,2,-962,26,14144
2026/03/14,09:30,13758,0,3194,3028,0,366,582,2,502,8282,0,202,0,-1258,0,-1168,26,13758
2026/03/14,10:00,13750,0,2922,2716,0,362,586,2,496,8998,0,212,0,-1608,0,-966,30,13750
2026/03/14,10:30,13238,0,2494,2464,0,362,570,2,496,9424,0,210,0,-1748,2,-1064,26,13238
2026/03/14,11:00,13196,0,2290,2204,0,360,582,0,494,9700,1,198,0,-2048,0,-614,30,13196
2026/03/14,11:30,12976,0,2340,1926,0,352,574,2,502,9812,1,178,0,-2074,2,-670,32,12976
2026/03/14,12:00,12696,0,2530,1934,0,348,508,2,500,9812,1,164,0,-2042,0,-1084,24,12696
2026/03/14,12:30,12274,0,2382,1932,0,342,514,2,504,9678,1,158,0,-2188,0,-1068,18,12274
2026/03/14,13:00,12316,0,2378,1924,0,348,510,2,504,9388,1,172,0,-2002,2,-948,38,12316
2026/03/14,13:30,12136,0,2562,2110,0,342,506,2,504,8930,0,190,0,-2426,0,-616,32,12136
2026/03/14,14:00,11926,0,2846,2266,0,354,522,2,506,8270,0,192,0,-2558,2,-510,34,11926
2026/03/14,14:30,11832,0,3214,2490,0,370,514,2,512,7412,0,208,0,-2632,2,-294,34,11832
2026/03/14,15:00,11824,0,3588,2666,0,396,600,2,510,6054,0,196,0,-1994,2,-232,36,11824
2026/03/14,15:30,11872,0,3750,2900,0,406,610,2,516,4324,0,182,0,-792,2,-60,32,11872
2026/03/14,16:00,12072,0,3546,3250,0,404,682,2,510,3004,0,192,0,2,4,404,72,12072
2026/03/14,16:30,12292,0,5136,3452,0,410,688,2,518,1686,0,212,0,236,4,-140,88,12292
2026/03/14,17:00,12552,0,6024,3516,0,416,764,0,512,540,0,212,0,444,2,2,120,12552
2026/03/14,17:30,13094,0,6792,3490,0,420,818,2,516,72,0,204,0,558,2,96,124,13094
2026/03/14,18:00,13788,0,7288,3506,0,424,850,2,512,0,0,198,0,974,4,-122,152,13788
2026/03/14,18:30,13892,0,7034,3610,0,420,872,2,518,0,0,214,0,902,6,168,146,13892
2026/03/14,19:00,14018,0,7040,3766,0,436,878,2,512,0,0,206,0,928,4,98,148,14018
2026/03/14,19:30,13894,0,6972,3752,0,440,884,2,516,0,0,186,0,922,12,56,152,13894
2026/03/14,20:00,13878,0,7246,3924,0,440,830,2,514,0,0,176,0,982,12,-402,154,13878
2026/03/14,20:30,13724,0,7066,4074,0,436,768,2,520,0,0,186,0,946,12,-440,154,13724
2026/03/14,21:00,13640,0,7330,4082,0,438,724,2,516,0,0,184,0,1010,12,-802,144,13640
2026/03/14,21:30,13320,0,7052,4076,0,438,712,2,516,0,0,178,0,1046,10,-838,128,13320
2026/03/14,22:00,13052,0,5996,4082,0,432,562,2,516,0,0,178,0,932,12,210,130,13052
2026/03/14,22:30,12814,0,5880,4084,0,414,468,2,512,0,0,174,0,1016,0,136,128,12814
2026/03/14,23:00,12642,0,5864,4022,0,412,432,2,514,0,0,180,0,858,0,248,110,12642
2026/03/14,23:30,12476,0,5946,4076,0,416,424,0,514,0,0,176,0,684,0,126,114,12476
2026/03/15,00:00,11994,0,5572,4082,0,412,472,2,514,0,0,162,0,446,0,210,122,11994
2026/03/15,00:30,11812,0,5298,4076,0,432,472,2,512,0,0,160,0,208,2,526,124,11812
2026/03/15,01:00,11602,0,4960,4086,0,432,552,2,514,0,0,154,0,182,0,598,122,11602
2026/03/15,01:30,11774,0,5118,4080,0,426,580,2,512,0,0,166,0,142,2,628,118,11774
2026/03/15,02:00,11838,0,5178,4082,0,428,612,2,514,0,0,174,0,126,2,610,110,11838
2026/03/15,02:30,12096,0,5504,4078,0,428,598,0,510,0,0,180,0,74,0,618,106,12096
2026/03/15,03:00,12144,0,5330,4078,0,428,596,2,518,0,0,180,0,200,6,700,106,12144
2026/03/15,03:30,12212,0,5692,3964,0,430,574,2,512,0,0,178,0,246,4,502,108,12212
2026/03/15,04:00,12264,0,5928,3762,0,430,638,2,514,0,0,172,0,248,2,460,108,12264
2026/03/15,04:30,12356,0,6122,3756,0,428,648,2,512,0,0,170,0,250,2,362,104,12356
2026/03/15,05:00,12348,0,6094,3764,0,430,590,2,512,0,0,174,0,246,2,444,90,12348
2026/03/15,05:30,12346,0,6158,3758,0,428,590,2,514,0,0,158,0,252,8,388,90,12346
2026/03/15,06:00,12124,0,6426,3764,0,428,546,2,512,38,0,148,0,84,20,76,80,12124
2026/03/15,06:30,12312,0,6120,3754,0,426,490,2,514,554,0,152,0,2,20,196,82,12312
2026/03/15,07:00,12102,0,5402,3762,0,412,502,0,510,1622,0,150,0,4,2,-320,56,12102
2026/03/15,07:30,12302,0,4966,3752,0,398,508,2,512,2954,0,128,0,2,0,-970,50,12302
2026/03/15,08:00,12200,0,4178,3648,0,380,532,2,510,4240,0,102,0,-80,0,-1352,40,12200
2026/03/15,08:30,12172,0,3802,3174,0,380,554,2,506,5468,0,90,0,-586,4,-1252,30,12172
2026/03/15,09:00,12384,0,3816,2532,0,360,464,2,512,6310,0,94,0,-888,2,-840,20,12384
2026/03/15,09:30,12234,0,2876,2158,0,358,482,2,506,7414,0,96,0,-1202,2,-476,18,12234
2026/03/15,10:00,12256,0,3340,2102,0,354,524,2,508,8178,0,102,0,-1642,0,-1236,24,12256
2026/03/15,10:30,11884,0,2934,2126,0,320,530,2,504,8598,0,110,0,-1830,2,-1430,18,11884
2026/03/15,11:00,11744,0,2642,2182,0,298,538,2,492,9030,0,106,0,-2220,0,-1346,20,11744
2026/03/15,11:30,11776,0,2606,2184,0,294,524,2,492,9250,0,86,0,-2250,2,-1434,20,11776
2026/03/15,12:00,11530,0,2456,2182,0,294,516,2,492,9270,0,96,0,-2338,4,-1464,20,11530
2026/03/15,12:30,11224,0,2680,2192,0,294,518,2,488,9038,0,88,0,-2676,2,-1420,18,11224
2026/03/15,13:00,10998,0,2574,2254,0,290,506,2,494,8672,0,84,0,-2876,2,-1028,24,10998
2026/03/15,13:30,10988,0,3320,2298,0,294,502,0,494,8036,0,92,0,-2988,4,-1080,16,10988
2026/03/15,14:00,10722,0,3014,2600,0,320,512,2,506,7388,0,116,0,-2428,4,-1332,20,10722
2026/03/15,14:30,10734,0,3600,2764,0,356,518,2,514,6436,0,120,0,-2158,6,-1444,20,10734
2026/03/15,15:00,10696,0,3218,2974,0,386,590,2,508,5360,0,130,0,-1420,4,-1074,18,10696
2026/03/15,15:30,10952,0,3626,3064,0,400,618,2,510,4236,0,152,0,-948,4,-732,20,10952
2026/03/15,16:00,11342,0,4218,3364,0,412,632,2,512,2828,0,164,0,-274,4,-558,38,11342
2026/03/15,16:30,11620,0,5526,3464,0,410,646,2,512,1390,0,184,0,518,4,-1088,52,11620
2026/03/15,17:00,12124,0,6102,3660,0,410,788,2,510,444,0,176,0,924,4,-992,96,12124
2026/03/15,17:30,12848,0,6676,3786,0,430,874,0,512,62,0,198,0,1154,6,-950,100,12848
2026/03/15,18:00,13486,0,7290,3822,0,426,916,2,508,0,0,222,0,2158,12,-2024,154,13486
2026/03/15,18:30,13902,0,7320,4000,0,428,930,2,514,0,0,222,0,2596,8,-2274,156,13902
2026/03/15,19:00,13886,0,7236,4086,0,424,962,2,512,0,0,206,0,2342,12,-2062,166,13886
2026/03/15,19:30,13734,0,7296,4074,0,426,984,2,510,0,0,204,0,2342,10,-2276,162,13734
2026/03/15,20:00,13928,0,7412,4084,0,430,1072,2,514,0,0,204,0,2274,8,-2226,154,13928
2026/03/15,20:30,13680,0,7250,4082,0,428,1086,2,508,0,0,182,0,1716,8,-1736,154,13680
2026/03/15,21:00,13602,0,6886,4070,0,432,844,2,512,0,0,162,0,1032,8,-498,152,13602
2026/03/15,21:30,13130,0,7146,4080,0,432,776,2,512,0,0,170,0,472,0,-608,148,13130
2026/03/15,22:00,12818,0,7062,4082,0,434,510,2,512,0,0,168,0,218,4,-326,152,12818
2026/03/15,22:30,12436,0,6590,4078,0,428,452,2,512,0,0,166,0,14,0,64,130,12436
2026/03/15,23:00,12250,0,6430,4082,0,414,370,2,512,0,0,152,0,2,2,184,100,12250
2026/03/15,23:30,12062,0,6120,4080,0,410,362,0,514,0,0,152,0,4,0,320,100,12062
2026/03/16,00:00,11728,0,5624,4078,0,408,402,2,516,0,0,174,0,2,0,418,104,11728
2026/03/16,00:30,11470,0,5342,4080,0,410,398,2,512,0,0,188,0,4,0,432,102,11470
2026/03/16,01:00,11310,0,5356,4086,0,410,388,2,516,0,0,180,0,2,0,264,106,11310
2026/03/16,01:30,11576,0,5686,4080,0,412,394,2,516,0,0,186,0,4,0,194,102,11576
2026/03/16,02:00,11616,0,5562,4082,0,408,386,2,518,0,0,176,0,4,0,376,102,11616
2026/03/16,02:30,11996,0,6258,4078,0,410,392,0,514,0,0,164,0,2,2,78,98,11996
2026/03/16,03:00,12222,0,6476,4084,0,426,376,2,516,0,0,162,0,4,0,72,104,12222
2026/03/16,03:30,12270,0,6714,4076,0,430,388,2,514,0,0,178,0,2,0,-132,98,12270
2026/03/16,04:00,12464,0,6874,4082,0,426,448,2,516,0,0,172,0,4,0,-168,108,12464
2026/03/16,04:30,12566,0,6904,4080,0,432,500,2,514,0,0,182,0,2,0,-154,104,12566
2026/03/16,05:00,13118,0,7092,4082,0,428,558,2,514,0,0,182,0,4,0,110,146,13118
2026/03/16,05:30,13486,0,7264,4078,0,428,582,2,512,0,0,188,0,2,12,270,148,13486
2026/03/16,06:00,14298,0,7636,4086,0,428,674,2,518,50,0,184,0,2,16,578,124,14298
2026/03/16,06:30,14856,0,7852,4074,0,422,684,2,514,620,0,174,0,4,14,378,118,14856
2026/03/16,07:00,15490,0,7822,4080,0,424,596,2,514,1712,0,174,0,4,18,56,88,15490
2026/03/16,07:30,16194,0,7688,4084,0,424,646,2,514,3168,0,178,0,2,14,-602,76,16194
2026/03/16,08:00,17244,0,8130,4122,0,430,644,2,514,4588,0,178,0,92,2,-1524,66,17244
2026/03/16,08:30,17776,0,7170,4128,0,416,692,2,508,5914,0,154,0,62,2,-1330,58,17776
2026/03/16,09:00,18296,0,6382,4130,0,418,728,2,512,6936,0,162,0,2,2,-1032,54,18296
2026/03/16,09:30,17942,0,5962,4134,0,414,708,0,512,7560,0,156,0,4,12,-1566,46,17942
2026/03/16,10:00,17836,0,4912,4140,0,416,642,2,512,8222,0,142,0,2,0,-1194,40,17836
2026/03/16,10:30,17542,0,3938,4126,0,410,678,2,520,8762,0,128,0,4,2,-1058,30,17542
2026/03/16,11:00,17298,0,3322,4134,0,402,684,2,512,9074,0,112,0,2,2,-976,28,17298
2026/03/16,11:30,16958,0,2532,4104,0,402,660,2,518,9352,0,88,0,-314,0,-408,22,16958
2026/03/16,12:00,15944,0,2598,3982,0,398,672,2,520,9468,0,84,0,-1872,2,64,26,15944
2026/03/16,12:30,15748,0,3078,4112,0,398,660,2,520,9432,0,84,0,-2400,2,-158,18,15748
2026/03/16,13:00,16474,0,3400,4140,0,398,664,2,516,9234,0,84,0,-2406,6,412,24,16474
2026/03/16,13:30,16350,0,3374,4134,0,398,666,0,516,8660,0,76,0,-2364,2,864,24,16350
2026/03/16,14:00,16076,0,3934,4192,0,392,680,2,516,7892,0,84,0,-1954,2,312,24,16076
2026/03/16,14:30,16128,0,4006,4220,0,400,690,2,516,7058,0,76,0,-848,2,-12,18,16128
2026/03/16,15:00,15804,0,4534,4228,0,402,710,2,514,5976,0,72,0,-556,4,-124,42,15804
2026/03/16,15:30,16032,0,5626,4258,0,412,746,2,520,4640,0,62,0,204,2,-490,50,16032
2026/03/16,16:00,16002,0,6592,4314,0,418,896,2,518,3232,0,60,0,254,2,-352,66,16002
2026/03/16,16:30,16024,0,7980,4318,0,430,978,2,520,1810,0,62,0,144,2,-276,54,16024
2026/03/16,17:00,15822,0,8880,4324,0,434,1050,2,512,608,0,56,0,274,8,-402,76,15822
2026/03/16,17:30,16184,0,9226,4318,0,436,1108,2,524,70,0,70,0,1200,8,-858,80,16184
2026/03/16,18:00,16500,0,9530,4318,0,434,1180,2,518,0,0,72,0,1964,12,-1666,136,16500
2026/03/16,18:30,16628,0,9576,4314,0,440,1212,2,524,0,0,70,0,2002,14,-1656,130,16628
2026/03/16,19:00,16556,0,9304,4322,0,432,1244,2,518,0,0,66,0,1924,12,-1428,160,16556
2026/03/16,19:30,16300,0,9224,4316,0,440,1194,2,520,0,0,70,0,1814,10,-1450,160,16300
2026/03/16,20:00,16134,0,9296,4322,0,438,1098,0,516,0,0,66,0,1712,10,-1466,142,16134
2026/03/16,20:30,15996,0,9162,4310,0,442,1022,2,512,0,0,70,0,1572,6,-1240,138,15996
2026/03/16,21:00,15778,0,9362,4328,0,446,708,2,514,0,0,72,0,1626,0,-1424,144,15778
2026/03/16,21:30,15542,0,8570,4312,0,440,604,2,522,0,0,70,0,1202,2,-324,142,15542
2026/03/16,22:00,15210,0,8830,4320,0,436,550,2,514,0,0,62,0,750,2,-390,134,15210
2026/03/16,22:30,14970,0,8734,4320,0,434,552,2,518,0,0,60,0,362,2,-134,120,14970
2026/03/16,23:00,14676,0,8136,4322,0,432,544,2,512,0,0,50,0,34,0,528,116,14676
2026/03/16,23:30,14372,0,7682,4316,0,420,476,2,514,0,0,54,0,2,2,790,114,14372
2026/03/17,00:00,13824,0,7158,4318,0,412,408,2,514,0,0,56,0,4,0,840,112,13824
2026/03/17,00:30,13672,0,7238,4316,0,418,406,2,514,0,0,50,0,2,0,620,106,13672
2026/03/17,01:00,13404,0,6852,4322,0,426,462,2,518,0,0,44,0,4,0,668,106,13404
2026/03/17,01:30,13586,0,7190,4320,0,426,454,2,514,0,0,42,0,2,0,540,96,13586
2026/03/17,02:00,13450,0,7288,4322,0,424,494,0,514,0,0,42,0,4,0,274,88,13450
2026/03/17,02:30,13826,0,7868,4318,0,424,476,2,516,0,0,34,0,2,0,100,86,13826
2026/03/17,03:00,13734,0,7446,4320,0,428,530,2,518,0,0,32,0,4,0,370,84,13734
2026/03/17,03:30,13926,0,8034,4316,0,428,536,2,518,0,0,44,0,2,0,-34,80,13926
2026/03/17,04:00,14078,0,7788,4318,0,426,548,2,514,0,0,40,0,4,0,354,84,14078
2026/03/17,04:30,14150,0,8022,4320,0,432,540,2,516,0,0,42,0,2,2,194,78,14150
2026/03/17,05:00,14490,0,8320,4322,0,428,668,2,514,0,0,38,0,4,2,90,102,14490
2026/03/17,05:30,14950,0,8932,4316,0,428,692,2,512,0,0,34,0,2,2,-78,108,14950
2026/03/17,06:00,15308,0,8832,4322,0,424,722,2,516,58,0,48,0,28,2,252,102,15308
2026/03/17,06:30,15804,0,9226,4320,0,424,746,2,512,712,0,52,0,254,2,-546,100,15804
2026/03/17,07:00,16068,0,8488,4324,0,422,690,2,514,1734,0,46,0,52,6,-294,84,16068
2026/03/17,07:30,16350,0,7196,4312,0,426,614,2,516,3070,0,34,0,2,2,98,78,16350
2026/03/17,08:00,17326,0,7926,4180,0,428,560,2,512,4388,0,18,0,4,2,-774,80,17326
2026/03/17,08:30,17780,0,7602,3994,0,434,588,0,510,5650,0,14,0,174,2,-1260,72,17780
2026/03/17,09:00,18008,0,7050,3998,0,432,602,2,506,6760,0,10,0,348,4,-1758,54,18008
2026/03/17,09:30,17854,0,5812,3876,0,432,604,2,502,7880,0,10,0,34,4,-1352,50,17854
2026/03/17,10:00,17396,0,4780,3738,0,424,614,2,490,8412,0,10,0,2,0,-1118,42,17396
2026/03/17,10:30,17134,0,3956,3728,0,422,614,2,492,8806,0,10,0,-72,2,-858,32,17134
2026/03/17,11:00,16860,0,3846,3612,0,410,604,2,494,9032,1,8,0,-558,0,-618,28,16860
2026/03/17,11:30,16606,0,3898,3746,0,408,598,2,508,9206,1,12,0,-1044,2,-752,22,16606
2026/03/17,12:00,15652,0,3316,3732,0,410,644,2,508,9324,1,18,0,-1618,2,-712,26,15652
2026/03/17,12:30,15458,0,3252,3738,0,408,660,0,512,9202,1,24,0,-1738,2,-620,18,15458
2026/03/17,13:00,15986,0,3434,3744,0,410,688,2,506,8984,0,28,0,-1262,0,-576,28,15986
2026/03/17,13:30,16044,0,3346,3746,0,412,680,2,508,8606,0,20,0,-782,2,-518,22,16044
2026/03/17,14:00,16116,0,4322,3740,0,420,686,2,504,8084,0,20,0,-1172,2,-516,24,16116
2026/03/17,14:30,15956,0,4342,3744,0,424,706,2,514,7188,0,10,0,-658,0,-352,36,15956
2026/03/17,15:00,15750,0,4504,3750,0,428,728,2,512,6114,0,10,0,-482,6,120,58,15750
2026/03/17,15:30,15866,0,5566,3736,0,426,782,2,514,4816,0,10,0,-106,4,76,40,15866
2026/03/17,16:00,15982,0,6916,3752,0,432,858,2,512,3338,0,14,0,114,4,-10,50,15982
2026/03/17,16:30,15704,0,7324,3728,0,430,898,2,518,1862,0,8,0,136,4,740,54,15704
2026/03/17,17:00,15478,0,8550,3738,0,420,952,2,502,644,0,4,0,142,4,458,62,15478
2026/03/17,17:30,15700,0,9498,3744,0,428,990,2,494,98,0,4,0,360,12,0,70,15700
2026/03/17,18:00,16084,0,9220,3736,0,420,1158,2,488,0,0,4,0,468,8,420,160,16084
2026/03/17,18:30,16104,0,9174,3744,0,418,1212,0,502,0,0,8,0,352,10,530,154,16104
2026/03/17,19:00,16036,0,9124,3744,0,412,1162,2,500,0,0,6,0,278,12,622,174,16036
2026/03/17,19:30,15370,0,8660,3740,0,420,1124,2,502,0,0,8,0,188,10,548,168,15370
2026/03/17,20:00,15800,0,8902,3672,0,416,1014,2,502,0,0,10,0,176,10,922,174,15800
2026/03/17,20:30,15486,0,8816,3674,0,420,900,2,500,0,0,10,0,90,10,884,180,15486
2026/03/17,21:00,15310,0,8960,3646,0,426,724,2,502,0,0,16,0,38,4,808,184,15310
2026/03/17,21:30,14984,0,8982,3504,0,426,652,2,506,0,0,18,0,24,6,726,138,14984
2026/03/17,22:00,14880,0,8886,3438,0,422,522,2,498,0,0,24,0,24,0,938,126,14880
2026/03/17,22:30,14484,0,8782,3366,0,414,500,2,504,0,0,16,0,24,0,754,122,14484
2026/03/17,23:00,14416,0,8498,3308,0,416,482,2,500,0,0,10,0,8,2,1068,122,14416
2026/03/17,23:30,14060,0,8252,3208,0,416,468,2,500,0,0,8,0,2,0,1086,118,14060
2026/03/18,00:00,13704,0,8266,3060,0,412,392,2,502,0,0,4,0,4,0,970,92,13704
2026/03/18,00:30,13416,0,8258,3060,0,408,386,2,502,0,0,2,0,2,0,706,90,13416
2026/03/18,01:00,13382,0,8296,3106,0,404,388,2,504,0,0,2,0,4,0,588,88,13382
2026/03/18,01:30,13348,0,8086,3320,0,400,384,0,504,0,0,4,0,2,0,574,74,13348
2026/03/18,02:00,13458,0,7968,3394,0,398,430,2,502,0,0,4,0,4,0,676,80,13458
2026/03/18,02:30,13662,0,8344,3388,0,414,420,2,504,0,0,2,0,2,0,512,74,13662
2026/03/18,03:00,13904,0,8460,3386,0,416,424,2,506,0,0,4,0,4,4,620,78,13904
2026/03/18,03:30,13894,0,9114,3382,0,414,418,2,504,0,0,4,0,2,0,-16,70,13894
2026/03/18,04:00,13964,0,9052,3396,0,416,518,2,506,0,0,2,0,4,0,14,54,13964
2026/03/18,04:30,14124,0,9230,3386,0,414,566,2,506,0,0,4,0,2,4,-40,50,14124
2026/03/18,05:00,14408,0,9280,3388,0,416,572,2,504,0,0,6,0,4,2,180,54,14408
2026/03/18,05:30,14698,0,9348,3390,0,410,622,2,510,0,0,14,0,2,2,346,52,14698
2026/03/18,06:00,15146,0,10006,3388,0,410,682,2,504,68,0,18,0,120,2,-104,50,15146
2026/03/18,06:30,15460,0,9888,3384,0,410,724,2,506,762,0,26,0,170,0,-460,48,15460
2026/03/18,07:00,15854,0,8680,3388,0,408,698,2,506,1894,0,22,0,2,4,196,54,15854
2026/03/18,07:30,15924,0,7412,3386,0,412,620,0,506,3314,0,22,0,4,2,188,58,15924
2026/03/18,08:00,16852,0,7728,3392,0,416,606,2,514,4724,0,26,0,4,2,-638,76,16852
2026/03/18,08:30,17366,0,8324,3388,0,406,626,2,516,5834,0,26,0,94,0,-1912,62,17366
2026/03/18,09:00,17490,0,7740,3386,0,402,734,2,516,6410,0,22,0,18,0,-1802,62,17490
2026/03/18,09:30,17350,0,7334,3390,0,402,744,2,512,6262,0,28,0,4,0,-1380,52,17350
2026/03/18,10:00,16852,0,6288,3392,0,400,710,2,522,6192,0,20,0,2,2,-702,24,16852
2026/03/18,10:30,16750,0,6272,3380,0,400,714,2,520,6298,0,18,0,4,0,-880,22,16750
2026/03/18,11:00,16602,0,5968,3396,0,402,666,0,522,6500,0,26,0,2,0,-904,24,16602
2026/03/18,11:30,16290,0,6236,3384,0,414,668,2,530,6512,0,36,0,-82,2,-1432,20,16290
2026/03/18,12:00,15310,0,6746,3394,0,408,670,2,522,5408,0,48,0,-484,0,-1426,22,15310
2026/03/18,12:30,15238,0,6668,3384,0,412,680,2,526,4566,0,52,0,-210,0,-862,20,15238
2026/03/18,13:00,16144,0,8212,3390,0,408,688,2,526,3546,0,56,0,476,4,-1188,24,16144
2026/03/18,13:30,16326,0,8536,3382,0,418,694,2,532,2592,0,62,0,1376,4,-1292,20,16326
2026/03/18,14:00,16534,0,8820,3434,0,418,686,2,526,2150,0,54,0,1232,0,-812,24,16534
2026/03/18,14:30,16476,0,9008,3432,0,418,708,2,534,1540,0,40,0,2016,2,-1244,20,16476
2026/03/18,15:00,16342,0,9016,3456,0,420,736,2,528,892,0,36,0,2110,10,-886,22,16342
2026/03/18,15:30,16554,0,8644,3432,0,420,790,2,536,526,0,48,0,942,8,1188,18,16554
2026/03/18,16:00,16680,0,9306,3452,0,426,910,2,530,310,0,56,0,1060,6,586,36,16680
2026/03/18,16:30,16760,0,9516,3438,0,426,954,2,536,142,0,58,0,1006,14,626,42,16760
2026/03/18,17:00,16638,0,9294,3444,0,426,1016,0,530,32,0,74,0,1034,18,708,62,16638
2026/03/18,17:30,16780,0,9632,3440,0,428,1056,2,536,8,0,78,0,1496,8,8,88,16780
2026/03/18,18:00,16778,0,9758,3446,0,426,1226,2,538,0,0,84,0,1376,12,-216,126,16778
2026/03/18,18:30,16556,0,9934,3444,0,434,1218,2,532,0,0,96,0,1292,10,-530,124,16556
2026/03/18,19:00,16216,0,9214,3442,0,428,1196,2,536,0,0,102,0,820,10,330,136,16216
2026/03/18,19:30,15974,0,9348,3442,0,434,1158,2,538,0,0,100,0,410,10,398,134,15974
2026/03/18,20:00,15730,0,9350,3450,0,432,1112,2,536,0,0,60,0,166,6,484,132,15730
2026/03/18,20:30,15596,0,9432,3438,0,436,968,0,540,0,0,62,0,104,4,474,138,15596
2026/03/18,21:00,15348,0,9592,3452,0,438,708,2,536,0,0,62,0,114,6,268,170,15348
2026/03/18,21:30,14964,0,9284,3440,0,438,574,2,538,0,0,50,0,18,12,438,170,14964
2026/03/18,22:00,14762,0,8816,3444,0,428,552,2,530,0,0,38,0,4,8,788,152,14762
2026/03/18,22:30,14270,0,8416,3428,0,414,502,2,534,0,0,26,0,2,0,794,152,14270
2026/03/18,23:00,14106,0,8336,3448,0,414,520,2,536,0,0,20,0,2,2,676,150,14106
2026/03/18,23:30,13732,0,7544,3444,0,412,526,2,532,0,0,26,0,4,0,1092,150,13732
2026/03/19,00:00,13186,0,6908,3446,0,410,450,2,534,0,0,18,0,2,0,1278,138,13186
2026/03/19,00:30,12892,0,6436,3432,0,410,466,2,536,0,0,36,0,4,0,1436,134,12892
2026/03/19,01:00,12772,0,6704,3446,0,412,484,2,534,0,0,46,0,4,2,996,142,12772
2026/03/19,01:30,12726,0,6532,3442,0,412,496,2,530,0,0,46,0,2,2,1124,138,12726
2026/03/19,02:00,12692,0,6594,3444,0,410,512,2,534,0,0,30,0,4,0,1016,146,12692
2026/03/19,02:30,12794,0,6682,3442,0,414,550,0,536,0,0,36,0,2,2,986,144,12794
2026/03/19,03:00,13090,0,6874,3448,0,412,604,2,532,0,0,38,0,4,2,1024,150,13090
2026/03/19,03:30,12990,0,6714,3440,0,412,622,2,534,0,0,42,0,2,0,1074,148,12990
2026/03/19,04:00,13150,0,7000,3444,0,414,694,2,528,0,0,62,0,4,0,842,160,13150
2026/03/19,04:30,13206,0,7006,3444,0,414,736,2,534,0,0,72,0,2,0,840,156,13206
2026/03/19,05:00,13330,0,6980,3452,0,412,856,2,526,0,0,108,0,4,0,824,166,13330
2026/03/19,05:30,13470,0,7124,3434,0,414,854,2,530,0,0,136,0,2,0,802,172,13470
2026/03/19,06:00,13742,0,7352,3448,0,414,912,0,528,12,0,138,0,4,2,758,174,13742
2026/03/19,06:30,14302,0,7790,3446,0,414,982,2,528,86,0,154,0,2,0,716,182,14302
2026/03/19,07:00,14594,0,7728,3446,0,406,1068,2,526,308,0,190,0,2,4,718,196,14594
2026/03/19,07:30,15174,0,7808,3440,0,404,1074,2,528,802,0,198,0,4,2,710,202,15174
2026/03/19,08:00,16080,0,8162,3456,0,400,870,2,530,1394,0,212,0,4,2,836,212,16080
2026/03/19,08:30,16922,0,8204,3430,0,396,872,2,526,2014,0,234,0,2,2,1028,212,16922
2026/03/19,09:00,17272,0,8118,3452,0,394,820,2,526,2486,0,240,0,242,2,774,216,17272
2026/03/19,09:30,17318,0,6548,3436,0,398,824,2,524,3496,0,238,0,192,2,1446,212,17318
2026/03/19,10:00,16782,0,5404,3458,0,402,850,2,524,3828,0,232,0,38,0,1830,214,16782
2026/03/19,10:30,16846,0,3772,3436,0,408,876,2,532,5080,0,222,0,4,4,2300,210,16846
2026/03/19,11:00,16694,0,4612,3450,0,420,940,2,528,5954,0,236,0,2,6,340,204,16694
2026/03/19,11:30,16430,0,4264,3434,0,410,928,2,530,6672,0,232,0,88,6,-334,198,16430
2026/03/19,12:00,15506,0,3118,3400,0,398,944,2,530,7270,0,234,0,-138,4,-456,200,15506
2026/03/19,12:30,15110,0,2816,3334,0,390,946,0,532,7320,0,230,0,-292,2,-356,188,15110
2026/03/19,13:00,15952,0,3732,3456,0,386,974,2,530,7540,0,220,0,-298,10,-792,192,15952
2026/03/19,13:30,15746,0,3380,3434,0,392,982,2,532,7122,0,224,0,4,2,-518,190,15746
2026/03/19,14:00,15844,0,3112,3450,0,390,1000,2,526,6754,0,230,0,2,6,186,186,15844
2026/03/19,14:30,15670,0,3640,3440,0,396,998,2,530,6242,0,230,0,4,2,8,178,15670
2026/03/19,15:00,15366,0,3592,3448,0,398,992,2,526,5478,0,252,0,2,12,488,176,15366
2026/03/19,15:30,15520,0,4818,3436,0,402,976,2,532,4424,0,252,0,4,2,504,168,15520
2026/03/19,16:00,15732,0,5662,3458,0,414,992,0,530,3280,0,254,0,22,2,956,162,15732
2026/03/19,16:30,15646,0,6508,3440,0,408,1038,2,540,1884,0,248,0,102,2,1316,158,15646
2026/03/19,17:00,15422,0,7834,3450,0,412,1090,2,530,658,0,252,0,110,6,922,156,15422
2026/03/19,17:30,15648,0,8810,3436,0,414,1120,2,536,88,0,260,0,174,4,650,154,15648
2026/03/19,18:00,16122,0,8866,3454,0,426,1254,2,536,0,0,260,0,404,20,740,160,16122
2026/03/19,18:30,16100,0,8582,3434,0,426,1318,2,538,0,0,274,0,450,20,904,152,16100
2026/03/19,19:00,15804,0,7584,3456,0,430,1320,2,534,0,0,268,0,424,18,1610,158,15804
2026/03/19,19:30,15632,0,8310,3438,0,432,1318,0,536,0,0,244,0,508,16,672,158,15632
2026/03/19,20:00,15592,0,8220,3456,0,432,1290,2,536,0,0,230,0,740,6,526,154,15592
2026/03/19,20:30,15424,0,7756,3434,0,434,1284,2,538,0,0,232,0,452,2,1140,150,15424
2026/03/19,21:00,15290,0,8056,3460,0,438,1130,2,538,0,0,204,0,214,2,1098,148,15290
2026/03/19,21:30,15024,0,7778,3442,0,422,1096,2,538,0,0,188,0,104,2,1306,146,15024
2026/03/19,22:00,14964,0,7910,3454,0,416,1064,2,534,0,0,200,0,6,2,1232,144,14964
2026/03/19,22:30,14560,0,7712,3432,0,414,1042,2,534,0,0,198,0,2,0,1086,138,14560
2026/03/19,23:00,14402,0,7574,3456,0,412,944,2,536,0,0,176,0,4,16,1134,148,14402
2026/03/19,23:30,14004,0,7082,3446,0,410,862,2,536,0,0,166,0,2,4,1354,140,14004
2026/03/20,00:00,13598,0,7044,3446,0,408,880,2,532,0,0,164,0,4,0,970,148,13598
2026/03/20,00:30,13230,0,6872,3434,0,410,898,2,536,0,0,158,0,2,2,768,148,13230
2026/03/20,01:00,13188,0,6660,3456,0,412,902,2,534,0,0,176,0,2,0,894,150,13188
2026/03/20,01:30,13086,0,6640,3432,0,416,886,0,534,0,0,176,0,4,0,846,152,13086
2026/03/20,02:00,13200,0,6622,3458,0,414,876,2,532,0,0,174,0,4,2,966,150,13200
2026/03/20,02:30,13350,0,6846,3438,0,424,876,2,540,0,0,180,0,2,0,894,148,13350
2026/03/20,03:00,13464,0,7078,3452,0,432,866,2,528,0,0,174,0,4,4,774,150,13464
2026/03/20,03:30,13632,0,7422,3436,0,430,878,2,536,0,0,180,0,2,4,594,148,13632
2026/03/20,04:00,13670,0,7298,3458,0,430,876,2,534,0,0,180,0,4,0,758,130,13670
2026/03/20,04:30,13720,0,7180,3432,0,428,866,2,534,0,0,172,0,2,2,970,132,13720
2026/03/20,05:00,13842,0,7298,3456,0,428,876,2,530,0,0,180,0,4,4,932,132,13842
2026/03/20,05:30,13932,0,7662,3436,0,424,874,2,532,0,0,182,0,2,8,680,130,13932
2026/03/20,06:00,14216,0,7490,3458,0,420,852,2,528,90,0,178,0,4,8,1064,122,14216
2026/03/20,06:30,14286,0,7306,3430,0,424,868,2,532,760,0,168,0,2,6,668,120,14286
2026/03/20,07:00,14624,0,6280,3460,0,406,866,2,528,1916,0,160,0,4,0,870,132,14624
2026/03/20,07:30,14768,0,5328,3434,0,410,856,2,532,3306,0,144,0,2,2,622,130,14768
2026/03/20,08:00,15524,0,5094,3458,0,406,814,2,530,4630,0,130,0,4,2,346,108,15524
2026/03/20,08:30,15716,0,4816,3434,0,408,814,0,532,5296,0,104,0,2,2,198,110,15716
2026/03/20,09:00,16042,0,4702,3452,0,404,786,2,532,5858,0,80,0,-250,2,392,82,16042
2026/03/20,09:30,15912,0,4102,3436,0,398,788,2,528,6712,0,70,0,-510,0,316,70,15912
2026/03/20,10:00,15522,0,3100,3266,0,394,774,2,524,7674,0,66,0,-742,2,386,76,15522
2026/03/20,10:30,15588,0,2904,3384,0,392,790,2,534,8250,0,64,0,-1324,4,516,72,15588
2026/03/20,11:00,15352,0,2790,3440,0,388,772,2,526,8496,0,58,0,-1352,2,154,76,15352
2026/03/20,11:30,15012,0,3228,3430,0,392,782,2,528,7830,0,56,0,-1556,2,244,74,15012
2026/03/20,12:00,14352,0,2962,3442,0,390,770,2,520,7566,0,58,0,-2042,0,632,52,14352
2026/03/20,12:30,14196,0,3012,3426,0,390,770,0,510,7596,0,54,0,-2160,2,542,54,14196
2026/03/20,13:00,14340,0,3184,3454,0,390,770,2,504,7528,0,56,0,-2166,2,560,56,14340
2026/03/20,13:30,14570,0,3406,3440,0,390,776,2,502,7548,0,64,0,-2150,2,534,56,14570
2026/03/20,14:00,14354,0,3460,3448,0,392,784,2,502,7032,0,78,0,-2150,0,752,54,14354
2026/03/20,14:30,14282,0,3826,3442,0,400,784,2,508,6544,0,92,0,-2140,4,766,54,14282
2026/03/20,15:00,14114,0,3824,3456,0,398,850,2,516,6124,0,88,0,-2000,4,776,76,14114
2026/03/20,15:30,14100,0,4516,3436,0,394,868,2,528,5058,0,110,0,-1674,4,772,86,14100
2026/03/20,16:00,14202,0,5178,3452,0,400,916,2,532,3522,0,120,0,-596,0,576,100,14202
2026/03/20,16:30,14164,0,6224,3436,0,404,942,2,534,2002,0,138,0,-240,4,612,106,14164
2026/03/20,17:00,14312,0,7308,3450,0,410,964,2,532,708,0,146,0,4,10,662,116,14312
2026/03/20,17:30,14768,0,8144,3440,0,408,988,2,536,94,0,148,0,80,20,790,118,14768
2026/03/20,18:00,15108,0,8100,3452,0,426,1046,2,532,0,0,152,0,414,22,800,162,15108
2026/03/20,18:30,15282,0,8242,3436,0,428,1126,2,538,0,0,146,0,516,18,672,158,15282
2026/03/20,19:00,15220,0,8152,3452,0,426,1046,0,530,0,0,160,0,628,22,640,164,15220
2026/03/20,19:30,14964,0,7928,3436,0,430,1038,2,536,0,0,176,0,504,20,734,160,14964
2026/03/20,20:00,15140,0,8138,3460,0,430,906,2,528,0,0,192,0,600,18,712,154,15140
2026/03/20,20:30,14876,0,7974,3436,0,426,844,2,530,0,0,216,0,624,14,670,140,14876
2026/03/20,21:00,14914,0,8144,3450,0,428,760,2,534,0,0,220,0,722,12,494,148,14914
2026/03/20,21:30,14516,0,8014,3438,0,428,718,2,534,0,0,238,0,708,8,284,144,14516
2026/03/20,22:00,14296,0,7850,3452,0,428,696,2,528,0,0,260,0,676,6,248,150,14296
2026/03/20,22:30,14040,0,8000,3440,0,424,678,2,532,0,0,262,0,662,6,-110,144,14040
2026/03/20,23:00,13670,0,7596,3452,0,406,640,2,534,0,0,264,0,610,2,16,148,13670
2026/03/20,23:30,13520,0,7098,3444,0,406,614,2,530,0,0,274,0,546,0,462,144,13520
2026/03/21,00:00,12982,0,6600,3442,0,400,544,2,530,0,0,284,0,494,0,558,128,12982
2026/03/21,00:30,12690,0,6232,3444,0,408,540,2,528,0,0,284,0,382,0,744,126,12690
2026/03/21,01:00,12642,0,6118,3454,0,404,526,2,534,0,0,286,0,382,0,804,132,12642
2026/03/21,01:30,12670,0,6130,3436,0,420,530,2,532,0,0,268,0,372,2,854,124,12670
2026/03/21,02:00,12726,0,5974,3450,0,422,554,0,532,0,0,264,0,374,0,1018,138,12726
2026/03/21,02:30,12878,0,6198,3444,0,422,556,2,536,0,0,258,0,370,2,956,134,12878
2026/03/21,03:00,13060,0,6898,3452,0,426,552,2,534,0,0,236,0,412,0,436,112,13060
2026/03/21,03:30,13118,0,7000,3324,0,426,558,2,536,0,0,238,0,796,0,130,108,13118
2026/03/21,04:00,13292,0,7110,3138,0,424,580,2,530,0,0,234,0,978,0,172,124,13292
2026/03/21,04:30,13106,0,6754,3114,0,424,598,2,534,0,0,230,0,1142,0,188,120,13106
2026/03/21,05:00,13284,0,6874,3132,0,424,698,2,536,0,0,236,0,1178,4,72,128,13284
2026/03/21,05:30,13270,0,6848,3114,0,424,686,2,530,0,0,228,0,972,10,336,120,13270
2026/03/21,06:00,13168,0,6712,3132,0,420,692,2,530,136,0,216,0,664,10,544,110,13168
2026/03/21,06:30,13204,0,5938,3114,0,420,682,2,532,926,0,216,0,454,4,806,110,13204
2026/03/21,07:00,12954,0,5162,3096,0,404,608,2,532,2120,0,206,0,304,0,398,122,12954
2026/03/21,07:30,13076,0,4646,2792,0,402,598,2,532,3594,0,190,0,244,0,-22,98,13076
2026/03/21,08:00,13214,0,3392,2442,0,408,560,2,530,5036,0,186,0,-308,4,854,108,13214
2026/03/21,08:30,13394,0,3316,2008,0,400,568,0,536,6448,0,186,0,-1070,2,896,104,13394
2026/03/21,09:00,13438,0,3410,1418,0,398,562,2,532,7606,0,158,0,-1372,0,638,86,13438
2026/03/21,09:30,13208,0,2740,1348,0,390,556,2,536,8542,0,108,0,-1810,2,720,74,13208
2026/03/21,10:00,13106,0,2678,1350,0,388,558,2,530,9178,0,106,0,-2278,2,542,50,13106
2026/03/21,10:30,12850,0,2448,1328,0,392,562,2,536,9596,1,112,0,-2746,4,568,48,12850
2026/03/21,11:00,12810,0,2570,1348,0,394,570,2,532,9864,1,112,0,-3110,0,480,48,12810
2026/03/21,11:30,12556,0,2640,1346,0,392,546,2,532,9976,1,134,0,-3092,2,38,40,12556
2026/03/21,12:00,12434,0,2928,1360,0,390,560,2,538,9928,1,140,0,-3076,0,-374,38,12434
2026/03/21,12:30,11978,0,2732,1348,0,390,548,2,536,9786,1,134,0,-3064,2,-470,34,11978
2026/03/21,13:00,12158,0,3084,1372,0,394,568,2,530,9516,1,122,0,-3056,2,-412,36,12158
2026/03/21,13:30,11762,0,2650,1374,0,390,608,2,536,9052,0,114,0,-3130,0,134,32,11762
2026/03/21,14:00,11718,0,2984,1434,0,390,638,2,530,8414,0,98,0,-3286,2,478,34,11718
2026/03/21,14:30,11486,0,2964,1624,0,400,678,0,534,7524,0,86,0,-2978,2,618,34,11486
2026/03/21,15:00,11454,0,3144,2050,0,396,732,2,532,6424,0,62,0,-2422,4,478,52,11454
2026/03/21,15:30,11372,0,3190,2202,0,396,740,2,534,5090,0,52,0,-1654,4,752,64,11372
2026/03/21,16:00,11632,0,3790,2420,0,404,754,2,536,3572,0,40,0,-594,6,626,76,11632
2026/03/21,16:30,11630,0,4408,2686,0,406,786,2,538,1988,0,34,0,188,4,510,80,11630
2026/03/21,17:00,11946,0,5712,2982,0,410,896,2,534,724,0,48,0,796,4,-256,94,11946
2026/03/21,17:30,12548,0,6204,3158,0,408,934,2,538,100,0,52,0,1194,8,-164,114,12548
2026/03/21,18:00,13034,0,6312,3248,0,410,1008,2,532,0,0,40,0,1778,8,-472,168,13034
2026/03/21,18:30,13512,0,6488,3240,0,412,1066,2,542,0,0,30,0,2176,16,-626,166,13512
2026/03/21,19:00,13336,0,6808,3252,0,408,1046,0,538,0,0,40,0,2268,34,-1232,174,13336
2026/03/21,19:30,13382,0,7056,3244,0,412,1102,2,544,0,0,42,0,2416,32,-1640,172,13382
2026/03/21,20:00,13316,0,6662,3264,0,412,930,2,534,0,0,36,0,2514,32,-1244,174,13316
2026/03/21,20:30,13244,0,6824,3374,0,416,874,2,542,0,0,32,0,2376,28,-1396,172,13244
2026/03/21,21:00,13250,0,7048,3448,0,414,792,2,536,0,0,20,0,2092,24,-1288,162,13250
2026/03/21,21:30,12964,0,7214,3442,0,416,802,2,540,0,0,22,0,1574,8,-1186,130,12964
2026/03/21,22:00,12628,0,7172,3450,0,404,720,2,536,0,0,16,0,878,8,-684,126,12628
2026/03/21,22:30,12276,0,6750,3440,0,408,672,2,534,0,0,8,0,358,2,-10,112,12276
2026/03/21,23:00,12342,0,6258,3450,0,404,644,2,536,0,0,8,0,176,4,748,112,12342
2026/03/21,23:30,12088,0,6286,3452,0,404,628,2,534,0,0,6,0,168,0,500,108,12088
2026/03/22,00:00,11724,0,6334,3440,0,402,516,2,528,0,0,2,0,126,0,276,98,11724
2026/03/22,00:30,11708,0,6598,3442,0,406,504,2,538,0,0,2,0,96,2,24,94,11708
2026/03/22,01:00,11614,0,6532,3448,0,404,512,2,532,0,0,2,0,86,0,-2,98,11614
2026/03/22,01:30,11720,0,7082,3440,0,402,516,2,534,0,0,2,0,96,0,-458,104,11720
2026/03/22,02:00,11922,0,6798,3450,0,406,588,0,532,0,0,2,0,86,2,-56,114,11922
2026/03/22,02:30,12058,0,7124,3442,0,402,648,2,534,0,0,2,0,188,0,-400,116,12058
2026/03/22,03:00,12340,0,7126,3454,0,404,712,2,532,0,0,4,0,324,2,-346,126,12340
2026/03/22,03:30,12400,0,6900,3442,0,406,712,2,532,0,0,2,0,298,2,-20,124,12400
2026/03/22,04:00,12526,0,7034,3442,0,408,716,2,536,0,0,2,0,298,0,-40,128,12526
2026/03/22,04:30,12516,0,7026,3442,0,404,702,2,534,0,0,2,0,282,0,-4,126,12516
2026/03/22,05:00,12440,0,6936,3452,0,410,644,2,532,0,0,4,0,168,10,146,136,12440
2026/03/22,05:30,12562,0,6888,3438,0,402,634,2,532,0,0,2,0,30,10,494,130,12562
2026/03/22,06:00,12380,0,6814,3454,0,406,538,2,530,156,0,2,0,300,10,64,104,12380
2026/03/22,06:30,12262,0,6180,3290,0,402,526,2,522,1012,0,4,0,10,10,208,96,12262
2026/03/22,07:00,12280,0,5250,3136,0,388,542,2,508,2342,0,0,0,4,0,24,84,12280
2026/03/22,07:30,11980,0,4322,3110,0,366,558,2,512,3682,0,0,0,-2,2,-652,80,11980
2026/03/22,08:00,12146,0,3494,3124,0,358,530,2,506,4920,0,2,0,-260,2,-622,90,12146
2026/03/22,08:30,12156,0,3014,3108,0,346,542,0,506,5914,0,2,0,-972,2,-392,86,12156
2026/03/22,09:00,12058,0,2624,2896,0,340,540,2,498,6976,0,2,0,-1342,0,-552,74,12058
2026/03/22,09:30,12098,0,2426,2568,0,334,532,2,504,7836,109,2,1,-2536,2,372,56,12098
2026/03/22,10:00,11902,0,2760,2234,0,338,526,2,500,8132,111,2,2,-3258,0,632,34,11902
2026/03/22,10:30,11528,0,2484,2050,0,310,526,2,492,8176,102,2,3,-3318,0,780,24,11528
2026/03/22,11:00,11428,0,3142,2110,0,290,510,2,484,7704,88,4,3,-3464,0,612,34,11428
2026/03/22,11:30,11508,0,2910,2096,0,288,498,2,484,8092,93,8,4,-3502,2,604,26,11508
2026/03/22,12:00,11266,0,3616,2156,0,288,508,2,486,7012,79,10,6,-3484,2,638,32,11266
2026/03/22,12:30,11020,0,3882,2392,0,290,502,2,482,6168,59,20,7,-3134,2,386,28,11020
2026/03/22,13:00,10954,0,3862,2604,0,300,498,2,494,5262,50,20,6,-2334,6,196,44,10954
2026/03/22,13:30,10824,0,3468,2764,0,326,502,2,500,4568,47,24,6,-1652,4,260,58,10824
2026/03/22,14:00,10836,0,3796,2844,0,330,520,2,496,3532,34,30,6,-1464,0,696,54,10836
2026/03/22,14:30,10780,0,3854,2982,0,342,554,0,502,2960,0,26,0,-714,4,224,46,10780
2026/03/22,15:00,10868,0,4004,3132,0,348,582,2,514,2226,0,18,0,-138,4,134,42,10868
2026/03/22,15:30,10934,0,4110,3112,0,378,616,2,524,1430,0,20,0,376,0,330,36,10934
2026/03/22,16:00,11428,0,5556,3132,0,396,684,2,530,876,0,28,0,616,4,-436,40,11428
2026/03/22,16:30,11924,0,6406,3112,0,404,736,2,540,468,0,24,0,728,2,-536,38,11924
2026/03/22,17:00,12222,0,7062,3128,0,408,914,2,530,132,0,14,0,1024,0,-1034,42,12222
2026/03/22,17:30,13026,0,7580,3116,0,406,966,2,540,28,0,22,0,1880,12,-1564,38,13026
2026/03/22,18:00,13244,0,7642,3130,0,406,1008,2,532,0,0,18,0,1152,18,-748,84,13244
2026/03/22,18:30,13360,0,7762,3114,0,410,1006,0,530,0,0,10,0,1188,18,-752,74,13360
2026/03/22,19:00,13328,0,7026,3132,0,400,1008,2,514,0,0,22,0,386,22,736,80,13328
2026/03/22,19:30,13296,0,7798,3116,0,410,992,2,500,0,0,10,0,270,18,92,88,13296
2026/03/22,20:00,13112,0,7648,3324,0,410,824,2,492,0,0,4,0,94,20,200,94,13112
2026/03/22,20:30,13010,0,7292,2442,0,410,712,2,490,0,0,4,0,842,24,700,92,13010
2026/03/22,21:00,12798,0,7534,2432,0,410,610,2,492,0,0,2,0,752,8,490,66,12798
2026/03/22,21:30,12466,0,7610,2468,0,408,582,2,488,0,0,2,0,144,2,712,48,12466
2026/03/22,22:00,12174,0,7662,2480,0,406,532,2,488,0,0,2,0,94,2,458,48,12174
2026/03/22,22:30,11706,0,7258,2466,0,406,496,2,486,0,0,4,0,128,0,410,50,11706
2026/03/22,23:00,11654,0,6930,2480,0,406,474,2,486,0,0,2,0,152,4,672,46,11654
2026/03/22,23:30,11222,0,6554,2472,0,408,488,2,490,0,0,6,0,2,0,750,50,11222
2026/03/23,00:00,11018,0,6428,2470,0,404,456,2,484,0,0,2,0,4,0,720,48,11018
2026/03/23,00:30,10722,0,6050,2466,0,408,454,2,490,0,0,2,0,2,2,798,48,10722
2026/03/23,01:00,10842,0,6150,2486,0,404,448,2,486,0,0,4,0,4,0,806,52,10842
2026/03/23,01:30,10754,0,6104,2468,0,408,446,2,490,0,0,2,0,2,0,786,46,10754
2026/03/23,02:00,11086,0,6234,2480,0,410,454,0,488,0,0,2,0,4,2,966,46,11086
2026/03/23,02:30,11092,0,6168,2464,0,410,440,2,488,0,0,6,0,2,0,1066,46,11092
2026/03/23,03:00,11540,0,6528,2482,0,406,484,2,490,0,0,6,0,4,2,1070,66,11540
2026/03/23,03:30,11598,0,6624,2466,0,410,472,2,494,0,0,8,0,48,0,1002,72,11598
2026/03/23,04:00,11726,0,6648,2478,0,404,512,2,490,0,0,12,0,80,0,1030,70,11726
2026/03/23,04:30,11906,0,6846,2470,0,410,510,2,488,0,0,10,0,76,0,1028,66,11906
2026/03/23,05:00,12222,0,7036,2478,0,422,588,2,482,0,0,14,0,80,2,1046,72,12222
2026/03/23,05:30,12564,0,7650,2470,0,426,588,2,486,0,0,12,0,76,2,778,74,12564
2026/03/23,06:00,12906,0,7566,2482,0,418,590,2,482,26,0,8,0,4,4,1294,30,12906
2026/03/23,06:30,13614,0,8244,2468,0,422,576,2,486,224,0,16,0,4,2,1154,16,13614
2026/03/23,07:00,14228,0,8494,2482,0,418,668,2,484,616,0,6,0,88,4,952,14,14228
2026/03/23,07:30,14918,0,8496,2470,0,420,706,2,486,1072,0,8,0,186,2,1060,10,14918
2026/03/23,08:00,15964,0,8632,2476,0,422,660,0,482,1636,0,2,0,302,6,1334,12,15964
2026/03/23,08:30,16926,0,8736,2470,0,412,680,2,488,2518,0,10,0,170,6,1420,14,16926
2026/03/23,09:00,17288,0,8174,2474,0,414,634,2,482,3532,0,4,0,4,4,1546,18,17288
2026/03/23,09:30,17278,0,7352,2470,0,394,622,2,482,4738,0,10,0,2,6,1180,20,17278
2026/03/23,10:00,17038,0,5802,2482,0,392,632,2,478,6250,0,6,0,-90,0,1064,20,17038
2026/03/23,10:30,16894,0,5096,2466,0,392,640,2,480,7180,0,8,0,-416,2,1022,22,16894
2026/03/23,11:00,16610,0,4514,2478,0,390,616,2,478,7660,0,10,0,-472,2,914,18,16610
2026/03/23,11:30,16434,0,4366,2462,0,394,652,2,486,8068,0,18,0,-462,4,424,20,16434
2026/03/23,12:00,15548,0,3758,2486,0,390,586,2,486,8124,0,24,0,-794,0,466,20,15548
2026/03/23,12:30,15082,0,4198,2464,0,394,574,2,484,7512,0,32,0,-510,4,-90,18,15082
2026/03/23,13:00,15876,0,4432,2480,0,402,592,2,482,6670,0,56,0,72,4,664,20,15876
2026/03/23,13:30,15856,0,3850,2466,0,406,618,0,482,6464,0,76,0,-24,0,1492,26,15856
2026/03/23,14:00,15912,0,3348,2384,0,404,630,2,482,6824,0,114,0,-224,2,1920,26,15912
2026/03/23,14:30,15698,0,4562,2456,0,410,650,2,482,6278,0,100,0,-288,2,1022,22,15698
2026/03/23,15:00,15296,0,4784,2486,0,412,750,2,486,5438,0,106,0,-102,2,908,24,15296
2026/03/23,15:30,15342,0,5660,2462,0,416,840,2,486,4202,0,104,0,-24,8,1170,16,15342
2026/03/23,16:00,15320,0,6408,2486,0,412,1062,2,484,2934,0,128,0,122,8,1254,20,15320
2026/03/23,16:30,15274,0,7590,2470,0,416,1166,2,490,1660,0,162,0,4,6,1288,20,15274
2026/03/23,17:00,15126,0,8280,2480,0,416,1202,2,484,682,0,168,0,2,4,1314,92,15126
2026/03/23,17:30,15410,0,9064,2462,0,426,1198,2,488,110,0,162,0,4,10,1376,108,15410
2026/03/23,18:00,15854,0,10096,2484,0,434,1250,0,488,12,0,152,0,382,22,424,110,15854
2026/03/23,18:30,15810,0,9852,2466,0,434,1230,2,490,0,0,150,0,382,10,684,110,15810
2026/03/23,19:00,15544,0,9620,2478,0,436,1234,2,492,0,0,168,0,386,8,602,118,15544
2026/03/23,19:30,15338,0,9466,2468,0,438,1192,2,492,0,0,186,0,344,6,628,116,15338
2026/03/23,20:00,15214,0,9416,2476,0,432,1098,2,494,0,0,190,0,178,4,808,116,15214
2026/03/23,20:30,15068,0,9608,2472,0,436,1048,2,496,0,0,206,0,326,6,356,112,15068
2026/03/23,21:00,14826,0,9360,2480,0,440,730,2,492,0,0,226,0,26,2,970,98,14826
2026/03/23,21:30,14568,0,9278,2468,0,434,618,2,494,0,0,218,0,2,0,954,100,14568
2026/03/23,22:00,14518,0,9068,2472,0,434,536,2,490,0,0,216,0,4,4,1208,84,14518
2026/03/23,22:30,14130,0,8742,2470,0,428,516,2,494,0,0,206,0,2,12,1184,74,14130
2026/03/23,23:00,14092,0,8852,2468,0,428,504,2,488,0,0,196,0,4,0,1096,54,14092
2026/03/23,23:30,13630,0,8354,2472,0,410,480,0,494,0,0,196,0,2,0,1164,58,13630
2026/03/24,00:00,13182,0,7996,2474,0,408,452,2,500,0,0,200,0,4,0,1092,54,13182
2026/03/24,00:30,12918,0,7766,2476,0,408,464,2,502,0,0,198,0,2,0,1060,40,12918
2026/03/24,01:00,12748,0,7824,2472,0,410,476,2,500,0,0,196,0,4,0,834,30,12748
2026/03/24,01:30,12784,0,7708,2474,0,408,480,0,504,0,0,184,0,4,0,996,26,12784
2026/03/24,02:00,12878,0,7846,2472,0,410,506,2,506,0,0,168,0,78,0,844,46,12878
2026/03/24,02:30,13052,0,8036,2474,0,410,508,2,514,0,0,156,0,78,0,824,50,13052
2026/03/24,03:00,13190,0,8140,2472,0,410,574,2,514,0,0,150,0,78,0,802,48,13190
2026/03/24,03:30,13260,0,8290,2474,0,412,580,2,518,0,0,142,0,78,4,708,52,13260
2026/03/24,04:00,13442,0,8392,2468,0,422,624,2,516,0,0,144,0,80,0,746,48,13442
2026/03/24,04:30,13476,0,8360,2478,0,432,628,2,516,0,0,140,0,76,10,788,46,13476
2026/03/24,05:00,13782,0,8630,2472,0,428,622,2,522,0,0,152,0,80,4,820,50,13782
2026/03/24,05:30,14054,0,8700,2476,0,428,612,2,536,8,0,150,0,76,12,1010,44,14054
2026/03/24,06:00,14366,0,9262,2476,0,424,682,2,530,182,0,144,0,126,6,514,18,14366
2026/03/24,06:30,14692,0,8726,2470,0,424,604,2,532,1044,0,150,0,66,12,646,16,14692
2026/03/24,07:00,14832,0,7798,2474,0,422,572,2,532,2396,0,140,0,4,10,464,18,14832
2026/03/24,07:30,15164,0,7046,2472,0,410,576,0,534,3878,0,132,0,2,2,94,18,15164
2026/03/24,08:00,15930,0,6172,2474,0,410,592,2,532,5374,0,124,0,4,0,230,16,15930
2026/03/24,08:30,16546,0,5832,2466,0,410,604,2,530,6720,0,96,0,-2,2,-132,18,16546
2026/03/24,09:00,16812,0,5110,2478,0,414,572,2,530,7686,0,76,0,-108,0,32,20,16812
2026/03/24,09:30,16770,0,4080,2470,0,406,550,2,534,8426,0,72,0,-324,0,530,24,16770
2026/03/24,10:00,16438,0,3572,2458,0,408,570,2,532,8822,0,58,0,-878,2,866,26,16438
2026/03/24,10:30,16522,0,3488,2468,0,394,574,2,536,9286,0,32,0,-1680,0,1390,32,16522
2026/03/24,11:00,16248,0,3360,2414,0,392,548,2,532,9432,1,24,0,-2034,0,1548,30,16248
2026/03/24,11:30,15940,0,3510,2460,0,392,546,2,534,9372,1,22,0,-2510,2,1580,30,15940
2026/03/24,12:00,14930,0,2998,2304,0,392,552,2,534,9198,1,30,0,-2800,2,1682,36,14930
2026/03/24,12:30,14880,0,3298,2446,0,394,558,2,536,9110,1,26,0,-2960,2,1440,28,14880
2026/03/24,13:00,15516,0,3726,2482,0,394,572,2,532,9046,0,18,0,-2012,0,726,30,15516
2026/03/24,13:30,15578,0,3370,2548,0,392,620,0,536,8542,0,12,0,-1336,2,862,30,15578
2026/03/24,14:00,15328,0,3304,2660,0,400,656,2,532,7892,0,18,0,-1128,4,956,32,15328
2026/03/24,14:30,15344,0,4036,2742,2,412,674,2,534,6906,0,22,0,-564,2,546,30,15344
2026/03/24,15:00,14886,0,4446,2784,0,414,716,2,530,5514,0,20,0,-172,4,590,38,14886
2026/03/24,15:30,15104,0,5730,2972,2,412,780,2,536,3964,0,16,0,2,2,656,30,15104
2026/03/24,16:00,15046,0,6452,3222,0,414,1024,2,534,2494,0,16,0,2,2,840,44,15046
2026/03/24,16:30,15052,0,7168,3432,0,426,1122,2,540,1386,0,16,0,4,4,894,58,15052
2026/03/24,17:00,14944,0,7924,3446,0,430,1210,2,528,548,0,20,0,28,8,698,102,14944
2026/03/24,17:30,15368,0,8720,3442,0,426,1252,0,542,98,0,22,0,550,12,198,106,15368
2026/03/24,18:00,15642,0,8438,3448,0,432,1252,2,532,0,0,22,0,544,12,820,140,15642
2026/03/24,18:30,15568,0,8474,3450,0,432,1202,2,536,0,0,24,0,348,14,948,138,15568
2026/03/24,19:00,15330,0,8716,3442,0,434,1216,2,536,0,0,18,0,634,14,176,142,15330
2026/03/24,19:30,15122,0,8516,3446,0,434,1208,2,540,0,0,18,0,424,12,382,140,15122
2026/03/24,20:00,14900,0,8484,3452,0,434,1146,2,534,0,0,18,0,104,10,576,140,14900
2026/03/24,20:30,14806,0,8494,3440,0,436,1090,2,540,0,0,20,0,28,12,604,140,14806
2026/03/24,21:00,14508,0,8848,3450,0,440,814,2,536,0,0,18,0,90,4,214,92,14508
2026/03/24,21:30,14262,0,8326,3392,0,432,696,2,540,0,0,20,0,36,0,744,74,14262
2026/03/24,22:00,14046,0,8600,3058,0,426,614,2,530,0,0,28,0,26,2,690,70,14046
2026/03/24,22:30,13710,0,8744,2820,0,430,580,2,538,0,0,30,0,24,2,470,70,13710
2026/03/24,23:00,13588,0,8538,2746,0,428,524,2,534,0,0,32,0,6,2,706,70,13588
2026/03/24,23:30,13300,0,8166,2606,0,414,514,0,536,0,0,38,0,2,0,958,66,13300
2026/03/25,00:00,12896,0,7840,2416,0,410,412,2,532,0,0,44,0,4,0,1162,74,12896
2026/03/25,00:30,12492,0,7412,2422,0,412,404,2,536,0,0,44,0,2,2,1186,70,12492
2026/03/25,01:00,12336,0,7552,2416,0,414,414,2,532,0,0,54,0,4,0,862,86,12336
2026/03/25,01:30,12490,0,7904,2418,0,408,412,2,536,0,0,58,0,2,0,668,82,12490
2026/03/25,02:00,12470,0,7858,2414,0,412,410,2,538,0,0,44,0,4,0,716,72,12470
2026/03/25,02:30,12640,0,7996,2416,0,412,414,2,544,0,0,72,0,2,0,716,66,12640
2026/03/25,03:00,12722,0,7962,2416,0,412,510,0,536,0,0,70,0,4,0,746,66,12722
2026/03/25,03:30,12856,0,8154,2416,0,412,502,2,546,0,0,68,0,2,0,682,72,12856
2026/03/25,04:00,12930,0,8226,2462,0,408,530,2,538,0,0,78,0,4,0,610,72,12930
2026/03/25,04:30,12930,0,7758,2470,0,414,538,2,538,0,0,100,0,2,0,1038,70,12930
2026/03/25,05:00,13128,0,8046,2472,0,410,552,2,538,0,0,106,0,4,0,942,56,13128
2026/03/25,05:30,13134,0,8104,2470,0,426,538,2,534,8,0,102,0,2,0,904,44,13134
2026/03/25,06:00,13428,0,8030,2472,0,426,486,2,528,114,0,100,0,4,2,1210,54,13428
2026/03/25,06:30,13656,0,8188,2476,0,426,482,0,534,360,0,86,0,2,6,1046,50,13656
2026/03/25,07:00,14018,0,8530,2472,0,424,500,2,530,666,0,90,0,2,4,746,52,14018
2026/03/25,07:30,14782,0,9410,2472,0,422,518,2,536,904,0,90,0,4,0,376,48,14782
2026/03/25,08:00,15926,0,9826,2474,0,430,514,2,530,1304,0,90,0,130,6,568,52,15926
2026/03/25,08:30,16684,0,10106,2472,0,424,524,2,532,1686,0,90,0,1012,4,-204,36,16684
2026/03/25,09:00,17194,0,10704,2466,0,424,532,2,528,1848,0,78,0,1856,2,-1284,38,17194
2026/03/25,09:30,17232,0,10788,2476,0,426,528,2,532,1750,0,64,0,2262,0,-1630,34,17232
2026/03/25,10:00,17096,0,10750,2472,0,428,580,2,528,1648,0,62,0,1820,0,-1232,38,17096
2026/03/25,10:30,17154,0,11130,2474,0,420,580,2,528,1272,0,60,0,1392,0,-738,34,17154
2026/03/25,11:00,17142,0,11086,2468,0,422,732,2,528,1048,0,38,0,894,12,-122,34,17142
2026/03/25,11:30,17062,0,11054,2472,0,424,722,2,536,996,0,34,0,478,10,300,34,17062
2026/03/25,12:00,16212,0,10166,2476,0,422,712,2,530,876,0,48,0,24,0,922,34,16212
2026/03/25,12:30,16258,0,10618,2474,0,424,704,2,536,798,0,58,0,34,0,582,28,16258
2026/03/25,13:00,17080,0,11168,2472,0,422,650,0,530,674,0,62,0,874,8,188,32,17080
2026/03/25,13:30,17442,0,11264,2476,0,426,658,2,536,558,0,64,0,1526,6,-104,30,17442
2026/03/25,14:00,17448,0,10744,2472,0,426,716,2,530,424,0,66,0,1068,2,972,26,17448
2026/03/25,14:30,17306,0,10860,2470,0,424,748,2,534,372,0,80,0,496,0,1294,26,17306
2026/03/25,15:00,17138,0,10844,2476,0,426,808,2,530,290,0,90,0,446,0,1188,38,17138
2026/03/25,15:30,17214,0,10776,2474,0,428,894,2,532,256,0,102,0,420,12,1270,48,17214
2026/03/25,16:00,17266,0,10900,2474,0,428,1024,2,530,176,0,124,0,436,16,1072,84,17266
2026/03/25,16:30,17092,0,10866,2468,0,430,1086,0,534,88,0,130,0,446,6,952,86,17092
2026/03/25,17:00,16864,0,10658,2472,0,428,1218,2,532,32,0,114,0,420,8,862,118,16864
2026/03/25,17:30,16876,0,10782,2472,0,430,1212,2,540,12,0,132,0,338,12,830,114,16876
2026/03/25,18:00,16850,0,11026,2474,0,432,1190,2,532,0,0,152,0,318,24,574,126,16850
2026/03/25,18:30,16744,0,10658,2468,0,432,1192,2,538,0,0,156,0,266,14,894,124,16744
2026/03/25,19:00,16356,0,10672,2476,0,434,1168,2,534,0,0,166,0,124,14,636,130,16356
2026/03/25,19:30,16126,0,10212,2474,0,434,1160,2,538,0,0,216,0,50,10,900,130,16126
2026/03/25,20:00,15882,0,10298,2474,0,434,1054,2,536,0,0,240,0,28,18,664,134,15882
2026/03/25,20:30,15676,0,10166,2472,0,434,996,2,540,0,0,246,0,16,10,666,128,15676
2026/03/25,21:00,15312,0,9792,2472,0,438,790,2,534,0,0,252,0,2,2,930,98,15312
2026/03/25,21:30,14966,0,9644,2472,0,436,708,0,540,0,0,248,0,4,2,814,98,14966
2026/03/25,22:00,14668,0,9044,2468,0,432,672,2,532,0,0,242,0,4,0,1176,96,14668
2026/03/25,22:30,14306,0,8628,2472,0,430,646,2,536,0,0,226,0,2,2,1264,98,14306
2026/03/25,23:00,13994,0,8348,2476,0,430,650,2,530,0,0,206,0,4,0,1252,96,13994
2026/03/25,23:30,13658,0,7954,2474,0,410,634,2,538,0,0,192,0,4,0,1358,92,13658
2026/03/26,00:00,13076,0,7016,2470,0,404,540,2,530,0,0,198,0,50,0,1770,96,13076
2026/03/26,00:30,12676,0,6780,2476,0,422,532,2,538,0,0,202,0,46,0,1588,90,12676
2026/03/26,01:00,12458,0,6210,2472,0,424,534,2,536,0,0,198,0,50,0,1940,92,12458
2026/03/26,01:30,12474,0,6612,2476,0,426,530,2,544,0,0,198,0,48,0,1552,86,12474
2026/03/26,02:00,12488,0,6810,2472,0,424,530,2,536,0,0,178,0,48,0,1398,90,12488
2026/03/26,02:30,12616,0,6738,2470,0,426,538,2,536,0,0,144,0,48,0,1628,86,12616
2026/03/26,03:00,12776,0,6676,2478,0,428,634,0,536,0,0,136,0,52,0,1756,80,12776
2026/03/26,03:30,12848,0,6914,2470,0,426,634,2,540,0,0,148,0,56,0,1580,78,12848
2026/03/26,04:00,12968,0,6812,2476,0,424,636,2,536,0,0,148,0,4,2,1842,86,12968
2026/03/26,04:30,12998,0,6892,2472,0,426,624,2,536,0,0,132,0,4,0,1834,76,12998
2026/03/26,05:00,13132,0,6812,2478,0,430,628,2,532,0,0,108,0,4,0,2054,84,13132
2026/03/26,05:30,13332,0,7116,2470,0,428,628,2,544,4,0,94,0,2,0,1968,76,13332
2026/03/26,06:00,13526,0,7278,2478,0,430,612,0,534,52,0,78,0,26,0,1986,52,13526
2026/03/26,06:30,13698,0,7084,2454,0,424,608,2,540,288,0,54,0,44,2,2146,52,13698
2026/03/26,07:00,14222,0,7652,2450,0,426,712,2,536,688,0,42,0,46,2,1606,60,14222
2026/03/26,07:30,14714,0,7256,2474,0,420,782,2,542,1348,0,38,0,80,2,1716,54,14714
2026/03/26,08:00,15696,0,7664,2464,0,426,822,2,532,2104,0,38,0,58,4,1518,64,15696
2026/03/26,08:30,16498,0,7878,2478,0,424,836,2,536,2690,0,34,0,2,2,1558,58,16498
2026/03/26,09:00,16864,0,7748,2472,0,426,824,2,532,3456,0,40,0,4,4,1314,42,16864
2026/03/26,09:30,16872,0,6860,2472,0,424,812,2,530,4722,0,44,0,2,2,966,36,16872
2026/03/26,10:00,16586,0,6318,2478,0,428,784,2,530,6012,0,40,0,-38,4,-8,36,16586
2026/03/26,10:30,16488,0,5288,2364,0,422,720,2,536,6832,0,44,0,-674,2,926,26,16488
2026/03/26,11:00,16234,0,6150,2434,0,422,698,2,532,7044,0,42,0,-1522,2,398,32,16234
2026/03/26,11:30,16132,0,6354,2472,0,412,680,2,542,6766,0,38,0,-1564,2,396,32,16132
2026/03/26,12:00,14942,0,5490,2478,0,406,692,0,536,6118,0,40,0,-1802,4,952,28,14942
2026/03/26,12:30,14752,0,5092,2472,0,404,704,2,542,5926,0,38,0,-1750,4,1288,30,14752
2026/03/26,13:00,15534,0,6044,2478,0,406,708,2,534,5702,0,38,0,-1436,4,1010,44,15534
2026/03/26,13:30,15836,0,6698,2470,0,408,714,2,538,5468,0,44,0,-1414,4,862,42,15836
2026/03/26,14:00,15440,0,5790,2472,0,416,750,2,532,4910,0,48,0,-406,4,880,42,15440
2026/03/26,14:30,15478,0,5724,2472,0,422,772,2,536,4504,0,66,0,4,0,932,44,15478
2026/03/26,15:00,15252,0,5932,2474,0,426,876,2,538,3740,0,80,0,2,4,1128,50,15252
2026/03/26,15:30,15452,0,6848,2476,0,426,958,0,538,3098,0,94,0,4,6,958,46,15452
2026/03/26,16:00,15354,0,7396,2478,0,422,1112,2,540,2274,0,112,0,2,2,952,62,15354
2026/03/26,16:30,15228,0,8118,2468,0,422,1184,2,542,1314,0,120,0,114,4,868,72,15228
2026/03/26,17:00,15100,0,8020,2476,0,422,1230,2,540,574,0,140,0,282,2,1268,144,15100
2026/03/26,17:30,15246,0,8296,2474,0,418,1236,2,546,108,0,136,0,358,8,1528,136,15246
2026/03/26,18:00,15382,0,8412,2474,0,418,1264,2,542,2,0,158,0,406,10,1542,152,15382
2026/03/26,18:30,15408,0,8386,2476,0,420,1298,2,542,0,0,162,0,694,8,1272,148,15408
2026/03/26,19:00,15144,0,7896,2468,0,420,1222,2,540,0,0,172,0,1038,8,1220,158,15144
2026/03/26,19:30,14976,0,7908,2476,0,418,1202,2,544,0,0,176,0,920,8,1170,152,14976
2026/03/26,20:00,14816,0,7936,2478,0,422,1122,2,540,0,0,162,0,762,6,1228,158,14816
2026/03/26,20:30,14628,0,7960,2474,0,422,1056,2,542,0,0,150,0,562,6,1304,150,14628
2026/03/26,21:00,14480,0,7894,2472,0,430,788,2,540,0,0,136,0,462,0,1602,154,14480
2026/03/26,21:30,14260,0,7780,2470,0,430,730,0,542,0,0,144,0,272,2,1764,126,14260
2026/03/26,22:00,14094,0,8120,2472,0,420,720,2,534,0,0,130,0,294,0,1280,122,14094
2026/03/26,22:30,13804,0,7906,2476,0,416,690,2,540,0,0,120,0,222,2,1310,120,13804
2026/03/26,23:00,13686,0,7828,2474,0,418,690,2,538,0,0,126,0,204,2,1290,114,13686
2026/03/26,23:30,13204,0,7450,2474,0,402,680,2,540,0,0,126,0,8,0,1424,98,13204
2026/03/27,00:00,12844,0,6788,2472,0,400,622,2,536,0,0,110,0,80,0,1720,114,12844
2026/03/27,00:30,12530,0,6032,2470,0,418,626,2,540,0,0,96,0,80,0,2154,112,12530
2026/03/27,01:00,12354,0,5448,2474,0,416,654,2,536,0,0,100,0,80,0,2536,108,12354
2026/03/27,01:30,12288,0,5208,2476,0,418,640,0,544,0,0,94,0,78,0,2730,100,12288
2026/03/27,02:00,12388,0,5394,2446,0,418,708,2,538,0,0,88,0,4,2,2700,88,12388
2026/03/27,02:30,12554,0,5806,2430,0,420,714,2,544,0,0,100,0,4,14,2434,86,12554
2026/03/27,03:00,12628,0,6112,2452,0,416,714,2,536,0,0,92,0,4,12,2224,64,12628
2026/03/27,03:30,12826,0,6358,2474,0,420,702,2,542,0,0,86,0,48,2,2138,54,12826
2026/03/27,04:00,12940,0,6634,2474,0,416,706,2,538,0,0,70,0,80,4,1954,62,12940
2026/03/27,04:30,13018,0,6712,2472,0,416,700,2,538,0,0,58,0,80,0,1984,56,13018
2026/03/27,05:00,13218,0,7088,2478,0,418,714,2,538,0,0,52,0,80,8,1772,68,13218
2026/03/27,05:30,13214,0,6978,2470,0,416,688,2,538,10,0,38,0,80,10,1924,60,13214
2026/03/27,06:00,13530,0,6826,2474,0,414,674,2,538,210,0,36,0,80,12,2198,66,13530
2026/03/27,06:30,13582,0,5972,2472,0,420,690,2,540,966,0,24,0,78,12,2350,56,13582
2026/03/27,07:00,13830,0,5012,2472,0,412,688,2,538,2198,0,8,0,4,8,2432,56,13830
2026/03/27,07:30,14240,0,4496,2466,0,418,728,2,542,3630,0,10,0,4,6,1888,50,14240
2026/03/27,08:00,14992,0,4128,2428,0,402,658,0,540,5114,0,4,0,-444,2,2104,56,14992
2026/03/27,08:30,15726,0,3962,2436,0,396,668,2,544,6408,0,2,0,-490,2,1756,40,15726
2026/03/27,09:00,16060,0,3314,2456,0,392,674,2,538,7484,0,4,0,-338,2,1490,42,16060
2026/03/27,09:30,16052,0,3146,2452,0,394,672,2,538,8188,0,2,0,-342,0,958,42,16052
2026/03/27,10:00,15874,0,2610,2218,0,390,664,2,536,8802,0,8,0,-740,2,1336,46,15874
2026/03/27,10:30,15876,0,2714,2240,0,386,666,2,536,9250,1,4,0,-1310,4,1344,40,15876
2026/03/27,11:00,15872,0,3028,2222,0,386,646,2,538,9562,0,2,0,-1864,2,1304,44,15872
2026/03/27,11:30,15612,0,3108,2262,0,386,634,2,538,9596,0,6,0,-2254,2,1294,38,15612
2026/03/27,12:00,14730,0,2646,2052,0,384,646,0,544,9730,1,4,0,-2588,0,1270,42,14730
2026/03/27,12:30,14552,0,2800,2270,0,386,646,2,542,9546,1,10,0,-2828,2,1144,32,14552
2026/03/27,13:00,15116,0,3238,2462,0,386,660,2,540,9288,1,6,0,-2462,2,960,34,15116
2026/03/27,13:30,15166,0,3012,2464,0,384,690,2,536,8776,0,12,0,-2038,2,1294,32,15166
2026/03/27,14:00,15054,0,3506,2472,0,390,712,2,536,8122,0,12,0,-2034,2,1290,44,15054
2026/03/27,14:30,14788,0,3938,2474,0,400,746,2,542,7196,0,14,0,-1828,2,1230,72,14788
2026/03/27,15:00,14508,0,4316,2474,0,406,774,2,536,6076,0,18,0,-1386,2,1208,82,14508
2026/03/27,15:30,14460,0,5110,2504,0,418,860,0,548,4732,0,12,0,-1110,4,1298,84,14460
2026/03/27,16:00,14470,0,5574,2604,0,424,968,2,544,3334,0,16,0,-202,4,1084,118,14470
2026/03/27,16:30,14362,0,6148,2738,0,420,1030,2,544,1876,0,12,0,22,6,1426,138,14362
2026/03/27,17:00,14148,0,7012,2768,0,420,1260,2,548,750,0,10,0,26,4,1198,150,14148
2026/03/27,17:30,14246,0,7740,2824,0,422,1346,2,550,134,0,10,0,90,12,946,170,14246
2026/03/27,18:00,14496,0,7134,2998,0,422,1430,2,546,4,0,12,0,408,20,1360,160,14496
2026/03/27,18:30,14582,0,6622,3274,0,428,1408,2,552,0,0,8,0,650,18,1474,146,14582
2026/03/27,19:00,14274,0,6310,3448,0,426,1328,2,550,0,0,10,0,660,10,1388,142,14274
2026/03/27,19:30,14154,0,6468,3436,0,426,1310,2,552,0,0,10,0,548,8,1254,140,14154
2026/03/27,20:00,13980,0,6262,3416,0,426,1180,2,546,0,0,8,0,574,8,1426,132,13980
2026/03/27,20:30,13920,0,6094,3418,0,432,1072,2,550,0,0,6,0,930,8,1278,130,13920
2026/03/27,21:00,13708,0,6040,3414,0,434,848,2,548,0,0,2,0,972,0,1336,112,13708
2026/03/27,21:30,13530,0,6156,3422,0,426,702,2,548,0,0,4,0,960,2,1198,110,13530
2026/03/27,22:00,13412,0,6122,3414,0,424,702,0,536,0,0,4,0,974,2,1126,108,13412
2026/03/27,22:30,13170,0,5724,3416,0,422,682,2,538,0,0,4,0,988,6,1276,112,13170
2026/03/27,23:00,13094,0,5792,3412,0,404,552,2,542,0,0,2,0,1012,4,1264,108,13094
2026/03/27,23:30,12854,0,5586,3418,0,406,554,2,540,0,0,4,0,942,4,1292,106,12854
2026/03/28,00:00,12438,0,5316,3416,0,402,548,2,536,0,0,4,0,1210,2,920,82,12438
2026/03/28,00:30,12048,0,5026,3416,0,420,554,2,542,0,0,2,0,1194,2,806,84,12048
2026/03/28,01:00,11890,0,5308,3422,0,418,542,2,542,0,0,4,0,1142,0,424,86,11890
2026/03/28,01:30,11898,0,5248,3412,0,420,552,2,536,0,0,4,0,1030,0,612,82,11898
2026/03/28,02:00,12016,0,5206,3420,0,420,544,0,536,0,0,4,0,1028,0,776,82,12016
2026/03/28,02:30,12052,0,5326,3410,0,420,548,2,552,0,0,4,0,1044,8,656,82,12052
2026/03/28,03:00,12454,0,5176,3420,0,422,684,2,544,0,0,2,0,1270,8,834,92,12454
2026/03/28,03:30,12254,0,5016,3412,0,420,688,2,550,0,0,4,0,1350,0,732,80,12254
2026/03/28,04:00,12400,0,5064,3324,0,420,694,2,544,0,0,2,0,1432,0,822,96,12400
2026/03/28,04:30,12322,0,5126,3126,0,422,684,2,550,0,0,4,0,1414,16,886,92,12322
2026/03/28,05:00,12364,0,5016,3126,0,422,670,2,544,0,0,4,0,1408,6,1102,64,12364
2026/03/28,05:30,12122,0,4994,3124,0,422,604,2,546,14,0,0,0,1394,8,954,60,12122
2026/03/28,06:00,11822,0,4420,3124,0,420,530,2,546,236,0,0,0,1186,18,1280,60,11822
2026/03/28,06:30,11568,0,4224,3120,0,422,524,2,544,990,0,0,0,672,16,1004,50,11568
2026/03/28,07:00,11572,0,4034,3010,0,400,536,2,542,2106,0,2,0,-166,2,1038,66,11572
2026/03/28,07:30,11554,0,3320,2770,0,398,518,2,548,3440,0,0,0,-244,0,746,56,11554
2026/03/28,08:00,11908,0,2500,2480,0,394,538,2,544,4832,0,2,0,-986,2,1544,56,11908
2026/03/28,08:30,12044,0,2296,2004,0,396,532,0,544,6218,0,2,0,-2030,2,2038,42,12044
2026/03/28,09:00,12152,0,3298,1656,0,392,532,2,544,7272,0,0,0,-2184,0,600,40,12152
2026/03/28,09:30,12082,0,2854,1550,0,398,524,2,548,8084,0,2,0,-2254,2,334,38,12082
2026/03/28,10:00,11902,0,2986,1556,0,392,538,2,546,8562,0,4,0,-2744,2,22,36,11902
2026/03/28,10:30,11930,0,2988,1552,0,392,534,2,550,9018,0,2,0,-2760,4,-386,34,11930
2026/03/28,11:00,11926,0,2892,1556,0,392,528,2,552,9318,1,4,0,-3034,4,-322,34,11926
2026/03/28,11:30,11848,0,2828,1554,0,390,528,2,548,9436,1,8,0,-3208,2,-272,32,11848
2026/03/28,12:00,11626,0,2824,1556,0,388,536,2,550,9298,1,10,0,-3336,2,-234,30,11626
2026/03/28,12:30,11448,0,2898,1554,0,390,538,0,552,8966,0,14,0,-3412,4,-84,28,11448
2026/03/28,13:00,11496,0,3098,1640,0,388,542,2,552,8500,0,16,0,-3410,4,132,32,11496
2026/03/28,13:30,11284,0,3028,1852,0,394,556,2,548,7866,0,12,0,-3280,4,274,28,11284
2026/03/28,14:00,11138,0,3346,1922,0,390,562,2,548,6950,0,18,0,-3054,2,414,38,11138
2026/03/28,14:30,10970,0,3252,2050,0,392,612,2,548,5932,0,22,0,-2758,4,878,36,10970
2026/03/28,15:00,11022,0,3450,2164,0,398,654,2,548,4878,0,24,0,-2014,6,870,42,11022
2026/03/28,15:30,11046,0,3380,2420,0,394,670,2,552,3636,0,24,0,-1396,4,1314,46,11046
2026/03/28,16:00,11016,0,3666,2604,0,394,722,0,552,2444,0,20,0,-536,2,1058,90,11016
2026/03/28,16:30,11008,0,3320,2810,0,396,744,2,562,1408,0,20,0,226,2,1384,134,11008
2026/03/28,17:00,11394,0,3984,2898,0,404,930,2,570,658,0,20,0,1216,14,546,152,11394
2026/03/28,17:30,11664,0,4196,3116,0,406,968,2,582,130,0,18,0,1828,14,230,174,11664
2026/03/28,18:00,12214,0,4196,3222,0,408,996,2,580,4,0,18,0,1814,22,788,164,12214
2026/03/28,18:30,12182,0,3974,3208,0,414,1016,2,582,0,0,16,0,1902,22,894,152,12182
2026/03/28,19:00,12226,0,3798,3234,0,410,1006,2,578,0,0,14,0,1866,24,1148,146,12226
2026/03/28,19:30,12026,0,3510,3316,0,416,992,2,584,0,0,14,0,1836,24,1190,142,12026
2026/03/28,20:00,11970,0,3202,3370,0,406,944,2,580,0,0,10,0,1962,22,1324,148,11970
2026/03/28,20:30,11824,0,3524,3356,0,416,870,2,580,0,0,10,0,1972,18,934,142,11824
2026/03/28,21:00,11582,0,3474,3376,0,412,798,2,588,0,0,12,0,1778,12,998,132,11582
2026/03/28,21:30,11256,0,3320,3358,0,414,788,2,592,0,0,10,0,1860,8,786,118,11256
2026/03/28,22:00,11290,0,3308,3378,0,406,774,0,588,0,0,16,0,1608,10,1092,110,11290
2026/03/28,22:30,10824,0,3054,3354,0,404,738,2,590,0,0,18,0,1416,4,1134,110,10824
2026/03/28,23:00,10782,0,2920,3380,0,402,648,2,586,0,0,20,0,1386,6,1328,104,10782
2026/03/28,23:30,10362,0,2756,3368,0,406,566,2,588,0,0,24,0,1254,6,1290,102,10362
2026/03/29,00:00,10184,0,3094,3368,0,404,502,2,586,0,0,16,0,1270,6,842,94,10184
2026/03/29,00:30,9834,0,2832,3358,0,400,494,2,590,0,0,16,0,1104,16,938,84,9834
2026/03/29,01:00,9926,0,2928,3378,0,420,484,0,592,0,0,12,0,1038,6,962,106,9926
2026/03/29,01:30,9818,0,2684,3356,0,418,482,2,592,0,0,16,0,912,10,1244,102,9818
2026/03/29,02:00,9988,0,2694,3286,0,420,476,2,590,0,0,12,0,890,4,1516,98,9988
2026/03/29,02:30,10254,0,2888,3264,0,418,480,2,590,0,0,4,0,960,16,1536,96,10254
2026/03/29,03:00,10582,0,3218,3280,0,418,558,2,592,0,0,6,0,836,6,1570,96,10582
2026/03/29,03:30,10564,0,3172,3266,0,422,562,2,584,0,0,4,0,858,10,1590,94,10564
2026/03/29,04:00,10774,0,3318,3234,0,418,560,2,570,0,0,4,0,884,12,1676,96,10774
2026/03/29,04:30,10632,0,3492,3006,0,418,560,2,566,0,0,2,0,850,16,1632,88,10632
2026/03/29,05:00,10808,0,3874,3074,0,410,528,2,566,0,0,4,0,750,14,1492,94,10808
2026/03/29,05:30,10572,0,4222,2836,0,392,518,2,560,14,0,0,0,548,12,1398,70,10572
2026/03/29,06:00,10284,0,4206,2542,0,356,490,2,562,242,0,0,0,250,22,1544,68,10284
2026/03/29,06:30,10244,0,3812,2402,0,348,512,2,562,978,0,0,0,2,6,1556,64,10244
2026/03/29,07:00,10126,0,3298,2240,0,344,514,2,568,2104,0,0,0,-532,2,1526,60,10126
2026/03/29,07:30,10338,0,3480,1930,0,340,452,0,564,3426,0,0,0,-1382,2,1472,54,10338
2026/03/29,08:00,10452,0,2752,1594,0,336,460,2,558,4744,0,2,0,-2598,2,2558,42,10452
2026/03/29,08:30,10470,0,2590,1356,0,314,468,2,536,5962,0,2,0,-3176,2,2378,36,10470
2026/03/29,09:00,10744,0,2710,1358,0,296,478,2,518,6958,0,2,0,-3510,0,1896,36,10744
2026/03/29,09:30,10568,0,2186,1346,0,292,472,2,520,7594,335,2,0,-3594,0,1716,32,10568
2026/03/29,10:00,10724,0,2734,1366,0,290,490,2,520,8230,358,2,0,-3630,2,680,38,10724
2026/03/29,10:30,10700,0,2568,1370,0,290,482,2,522,8644,385,2,1,-3608,0,400,28,10700
2026/03/29,11:00,10540,0,2514,1390,0,288,484,0,518,8562,717,6,1,-3616,2,360,32,10540
2026/03/29,11:30,10712,0,2718,1492,0,284,480,2,518,8412,898,14,1,-3582,0,342,32,10712
2026/03/29,12:00,10432,0,2316,1534,0,284,476,2,522,8454,722,16,2,-3492,2,286,32,10432
2026/03/29,12:30,10250,0,2666,1488,0,286,480,2,520,7676,1092,16,2,-3228,2,312,30,10250
2026/03/29,13:00,10416,0,2826,1554,0,286,490,2,520,7510,551,22,2,-3228,2,396,36,10416
2026/03/29,13:30,10272,0,2974,1704,0,284,506,2,522,6988,263,26,3,-3188,4,422,28,10272
2026/03/29,14:00,10054,0,2956,1960,0,286,528,2,518,5928,218,16,3,-2942,2,762,38,10054
2026/03/29,14:30,9900,0,2886,2012,0,304,562,0,528,4986,0,28,0,-2730,2,1284,38,9900
2026/03/29,15:00,9882,0,3148,2088,0,330,594,2,536,3944,0,38,0,-2402,2,1566,36,9882
2026/03/29,15:30,9938,0,2806,2146,0,350,626,2,550,2840,0,40,0,-1616,2,2152,40,9938
2026/03/29,16:00,10078,0,3156,2508,0,372,694,2,560,1720,0,46,0,-958,2,1936,40,10078
2026/03/29,16:30,10406,0,3702,2942,0,398,758,2,556,986,0,46,0,62,4,912,38,10406
2026/03/29,17:00,10702,0,3864,3284,0,402,896,2,562,462,0,44,0,546,8,592,40,10702
2026/03/29,17:30,11352,0,4164,3588,0,402,918,2,558,112,0,58,0,998,18,488,46,11352
2026/03/29,18:00,11792,0,4606,3908,0,404,978,2,560,6,0,44,0,2004,24,-880,136,11792
2026/03/29,18:30,11890,0,4584,3948,0,406,980,0,564,0,0,72,0,1710,22,-536,140,11890
2026/03/29,19:00,11770,0,4340,3994,0,406,970,2,560,0,0,60,0,930,26,326,156,11770
2026/03/29,19:30,11792,0,4322,4096,0,408,970,2,580,0,0,50,0,1062,24,122,156,11792
2026/03/29,20:00,11546,0,4026,4292,0,408,872,2,580,0,0,32,0,526,26,624,158,11546
2026/03/29,20:30,11508,0,4248,4338,0,408,814,2,592,0,0,24,0,318,22,590,152,11508
2026/03/29,21:00,11242,0,3884,4378,0,406,726,2,588,0,0,32,0,220,12,854,140,11242
2026/03/29,21:30,11112,0,4194,4348,0,408,654,2,586,0,0,22,0,250,4,512,132,11112
2026/03/29,22:00,10806,0,3968,4382,0,400,574,2,588,0,0,16,0,70,6,690,110,10806
2026/03/29,22:30,10590,0,4180,3788,0,400,554,2,590,0,0,10,0,364,10,590,102,10590
2026/03/29,23:00,10514,0,3452,3418,0,404,496,2,592,0,0,14,0,546,4,1512,74,10514
2026/03/29,23:30,10186,0,3374,3422,0,404,480,0,592,0,0,24,0,4,2,1816,68,10186
2026/03/30,00:00,9950,0,4030,3424,0,396,458,2,592,0,0,24,0,4,0,950,70,9950
2026/03/30,00:30,9666,0,3302,3418,0,394,444,2,586,0,0,12,0,2,0,1442,64,9666
2026/03/30,01:00,9722,0,3684,3440,0,398,444,2,588,0,0,16,0,4,2,1076,68,9722
2026/03/30,01:30,9666,0,3514,3290,0,396,434,2,592,0,0,12,0,2,2,1366,56,9666
2026/03/30,02:00,9902,0,3848,3088,0,398,438,2,590,0,0,6,0,4,2,1460,66,9902
2026/03/30,02:30,10148,0,4248,2928,0,410,434,0,590,0,0,6,0,2,2,1468,60,10148
2026/03/30,03:00,10474,0,4510,2902,0,414,444,2,590,0,0,6,0,4,2,1532,68,10474
2026/03/30,03:30,10542,0,4430,2896,0,414,430,2,594,0,0,8,0,4,4,1692,68,10542
2026/03/30,04:00,10820,0,4832,2768,0,416,546,2,590,0,0,8,0,50,2,1528,78,10820
2026/03/30,04:30,10794,0,4920,2700,0,414,538,2,596,0,0,8,0,78,2,1458,78,10794
2026/03/30,05:00,11104,0,5056,2722,0,412,546,2,590,0,0,8,0,82,2,1572,112,11104
2026/03/30,05:30,11156,0,5220,2748,0,414,534,2,596,10,0,2,0,78,4,1434,114,11156
2026/03/30,06:00,11228,0,5238,2766,0,410,550,2,592,142,0,2,0,82,4,1356,84,11228
2026/03/30,06:30,11620,0,4822,2750,0,412,544,0,592,684,0,6,0,74,6,1660,70,11620
2026/03/30,07:00,12042,0,4548,2758,0,406,600,2,594,1566,0,0,0,4,2,1530,32,12042
2026/03/30,07:30,12856,0,4384,2740,0,408,664,2,590,2724,0,2,0,2,2,1310,28,12856
2026/03/30,08:00,13882,0,4338,2754,0,384,704,2,590,3792,0,2,0,0,2,1288,26,13882
2026/03/30,08:30,14630,0,4228,2738,0,390,674,2,588,4990,0,4,0,-104,4,1088,28,14630
2026/03/30,09:00,15318,0,3870,2754,0,388,686,2,588,6122,0,6,0,-102,4,970,30,15318
2026/03/30,09:30,15302,0,3456,2538,0,386,674,2,584,6650,0,12,0,-308,6,1268,34,15302
2026/03/30,10:00,15352,0,3474,2538,0,388,694,2,590,7198,0,26,0,-712,2,1122,30,15352
2026/03/30,10:30,15204,0,3664,2708,0,380,684,2,586,7506,0,16,0,-918,2,544,30,15204
2026/03/30,11:00,15226,0,3358,2746,0,384,668,2,588,7766,0,20,0,-920,4,580,30,15226
2026/03/30,11:30,15086,0,3492,2698,0,378,674,0,586,7934,0,36,0,-1160,2,430,16,15086
2026/03/30,12:00,14312,0,3944,2472,0,376,658,2,592,7888,0,46,0,-1998,4,312,16,14312
2026/03/30,12:30,14094,0,4820,2302,0,386,662,2,592,7306,0,56,0,-2202,2,154,14,14094
2026/03/30,13:00,14550,0,5792,2568,0,396,672,2,592,6058,0,70,0,-976,4,-648,20,14550
2026/03/30,13:30,14760,0,4892,2710,0,392,680,2,594,5712,0,74,0,-328,4,6,22,14760
2026/03/30,14:00,14808,0,4862,2750,0,396,696,2,584,5440,0,80,0,-104,4,70,28,14808
2026/03/30,14:30,14774,0,5842,2740,0,396,702,2,586,4598,0,82,0,4,6,-212,28,14774
2026/03/30,15:00,14510,0,6330,2734,0,400,752,2,592,3640,0,80,0,4,6,-68,38,14510
2026/03/30,15:30,14566,0,7332,2708,0,398,796,2,600,2852,0,70,0,2,6,-234,34,14566
2026/03/30,16:00,14626,0,7900,2730,0,414,994,0,596,1936,0,76,0,206,4,-270,40,14626
2026/03/30,16:30,14398,0,7480,2708,0,414,1062,2,598,952,0,86,0,484,4,570,38,14398
2026/03/30,17:00,14162,0,7178,2728,0,414,1114,2,596,380,0,84,0,336,4,1244,82,14162
2026/03/30,17:30,14398,0,7328,2710,0,432,1134,2,600,66,0,98,0,242,10,1696,80,14398
2026/03/30,18:00,14530,0,7182,2732,0,426,1150,2,596,0,0,102,0,554,12,1694,80,14530
2026/03/30,18:30,14412,0,7370,2712,0,432,1160,2,596,0,0,110,0,698,16,1242,74,14412
2026/03/30,19:00,14012,0,7384,2726,0,432,1138,2,604,0,0,96,0,504,14,1034,78,14012
2026/03/30,19:30,13724,0,6992,2712,0,428,1120,0,600,0,0,94,0,418,12,1270,78,13724
2026/03/30,20:00,13590,0,7100,2726,0,432,972,2,598,0,0,86,0,274,10,1308,82,13590
2026/03/30,20:30,13410,0,6974,2710,0,432,944,2,606,0,0,84,0,224,10,1342,82,13410
2026/03/30,21:00,13192,0,6782,2728,0,432,784,2,600,0,0,76,0,226,2,1486,74,13192
2026/03/30,21:30,12956,0,6592,2710,0,430,728,2,606,0,0,82,0,224,2,1524,56,12956
2026/03/30,22:00,13006,0,6832,2730,0,420,702,2,600,0,0,102,0,228,0,1326,64,13006
2026/03/30,22:30,12676,0,6584,2706,0,422,684,2,598,0,0,120,0,222,2,1280,56,12676
2026/03/30,23:00,12656,0,6610,2730,0,404,682,2,602,0,0,124,0,228,2,1212,60,12656
2026/03/30,23:30,12408,0,6254,2722,0,408,668,0,602,0,0,128,0,224,2,1342,58,12408
2026/03/31,00:00,12006,0,6040,2718,0,404,654,2,600,0,0,142,0,78,0,1300,68,12006
2026/03/31,00:30,11658,0,5768,2714,0,408,646,2,604,0,0,148,0,2,2,1296,68,11658
2026/03/31,01:00,11492,0,5702,2722,0,418,664,2,600,0,0,152,0,4,0,1146,82,11492
2026/03/31,01:30,11420,0,5564,2712,0,420,656,2,600,0,0,154,0,2,2,1238,70,11420
2026/03/31,02:00,11626,0,5848,2730,0,422,722,2,600,0,0,148,0,4,0,1096,54,11626
2026/03/31,02:30,11664,0,5868,2708,0,418,712,0,600,0,0,168,0,2,2,1138,48,11664
2026/03/31,03:00,11794,0,5880,2730,0,420,726,2,600,0,0,160,0,60,2,1178,36,11794
2026/03/31,03:30,11798,0,5760,2688,0,422,714,2,600,0,0,166,0,94,0,1316,36,11798
2026/03/31,04:00,11844,0,5768,2724,0,420,744,2,596,0,0,154,0,88,0,1310,38,11844
2026/03/31,04:30,11836,0,5946,2732,0,424,730,2,604,0,0,160,0,86,2,1116,34,11836
2026/03/31,05:00,11886,0,5842,2730,0,424,766,2,594,0,0,182,0,108,2,1196,40,11886
2026/03/31,05:30,11844,0,5518,2782,0,418,764,2,600,6,0,194,0,90,0,1432,38,11844
2026/03/31,06:00,12138,0,5836,2950,0,420,766,2,598,12,0,226,0,88,0,1194,46,12138
2026/03/31,06:30,12478,0,5788,2984,0,416,754,2,600,42,0,216,0,86,0,1540,50,12478
2026/03/31,07:00,12976,0,5436,3134,0,416,764,2,596,92,0,184,0,20,2,2260,70,12976
2026/03/31,07:30,13456,0,5660,3256,0,426,794,2,598,172,0,210,0,2,0,2270,66,13456
2026/03/31,08:00,14628,0,6432,3410,0,426,758,2,598,306,0,176,0,6,4,2414,96,14628
2026/03/31,08:30,15428,0,7614,3486,0,424,770,0,598,470,0,210,0,152,4,1598,102,15428
2026/03/31,09:00,16064,0,7814,3612,0,418,860,2,594,616,0,218,0,378,6,1442,104,16064
2026/03/31,09:30,16230,0,7362,3646,0,410,876,2,592,1026,0,218,0,26,18,1952,102,16230
2026/03/31,10:00,15988,0,6894,3670,0,406,926,2,592,1530,0,204,0,4,4,1670,86,15988
2026/03/31,10:30,15912,0,6464,3654,0,396,976,2,594,1802,0,188,0,-18,18,1748,88,15912
2026/03/31,11:00,15942,0,6780,3666,0,396,986,2,590,1780,0,170,0,-236,0,1712,96,15942
2026/03/31,11:30,15650,0,7008,3656,0,400,1034,2,594,1618,0,156,0,-250,4,1332,96,15650
2026/03/31,12:00,14912,0,6168,3672,0,388,980,2,592,1630,0,138,0,-464,0,1706,100,14912
2026/03/31,12:30,14792,0,5596,3646,0,386,988,0,596,1676,0,142,0,-578,2,2242,96,14792
2026/03/31,13:00,15426,0,5872,3678,0,396,1040,2,592,1702,0,140,0,-670,2,2572,100,15426
2026/03/31,13:30,15634,0,6410,3642,0,402,1040,2,596,1572,0,154,0,-252,2,1966,100,15634
2026/03/31,14:00,15594,0,6046,3682,0,402,1046,2,590,1314,0,152,0,46,2,2204,108,15594
2026/03/31,14:30,15382,0,5788,3642,0,404,1062,2,592,1342,0,154,0,102,0,2198,96,15382
2026/03/31,15:00,15146,0,5932,3674,0,406,1102,2,590,1194,0,146,0,146,2,1854,98,15146
2026/03/31,15:30,15122,0,6308,3648,0,408,1152,2,596,722,0,154,0,190,6,1822,114,15122
2026/03/31,16:00,15118,0,6278,3672,0,408,1276,0,590,444,0,150,0,110,6,2068,116,15118
2026/03/31,16:30,15028,0,6618,3648,0,406,1352,2,594,290,0,136,0,112,4,1740,126,15028
2026/03/31,17:00,14806,0,6070,3672,0,408,1396,2,596,128,0,164,0,110,4,2126,130,14806
2026/03/31,17:30,14754,0,6188,3538,0,410,1406,2,596,40,0,134,0,106,12,2190,132,14754
2026/03/31,18:00,14802,0,6678,3240,0,396,1480,2,594,6,0,114,0,110,14,2034,134,14802
2026/03/31,18:30,14700,0,6968,2854,0,372,1470,2,594,0,0,96,0,112,12,2134,86,14700
2026/03/31,19:00,14408,0,6580,2738,0,348,1468,2,596,0,0,88,0,82,8,2422,76,14408
2026/03/31,19:30,13986,0,6376,2664,0,352,1426,0,598,0,0,136,0,48,8,2300,78,13986
2026/03/31,20:00,13824,0,5950,2686,0,346,1400,2,594,0,0,202,0,52,10,2512,70,13824
2026/03/31,20:30,13634,0,5652,2668,0,354,1368,2,596,0,0,226,0,586,8,2100,74,13634
2026/03/31,21:00,13348,0,5578,2692,0,350,1278,2,594,0,0,242,0,674,2,1862,74,13348
2026/03/31,21:30,13136,0,5538,2656,0,348,1272,2,594,0,0,238,0,666,4,1752,66,13136
2026/03/31,22:00,13064,0,5862,2600,0,336,1262,2,596,0,0,256,0,668,4,1406,72,13064
2026/03/31,22:30,12588,0,5680,2552,0,284,1250,0,594,0,0,190,0,660,0,1306,72,12588
2026/03/31,23:00,12610,0,5608,2544,0,246,1246,2,592,0,0,146,0,668,2,1484,72,12610
2026/03/31,23:30,12380,0,5836,2378,0,232,1250,2,600,0,0,148,0,268,2,1596,68,12380
